{
  "name": "Lead Management System",
  "nodes": [
    {
      "parameters": {
        "httpMethod": "POST",
        "path": "lead-management",
        "responseMode": "responseNode",
        "options": {}
      },
      "id": "a1b2c3d4-5678-9abc-def0-123456789abc",
      "name": "Lead Management Trigger",
      "type": "n8n-nodes-base.webhook",
      "typeVersion": 1,
      "position": [
        240,
        300
      ],
      "webhookId": "lead-management-webhook"
    },
    {
      "parameters": {
        "jsCode": "// Lead Management System\nconst leadData = $input.first().json;\n\n// Generate unique lead ID\nconst leadId = `lead_${Date.now()}_${Math.random().toString(36).substr(2, 9)}`;\n\n// Process lead management request\nconst leadResult = await processLeadManagement(leadData);\n\nasync function processLeadManagement(data) {\n  const {\n    lead_source,\n    contact_info,\n    lead_score,\n    property_interest,\n    budget_range,\n    timeline,\n    communication_preferences,\n    lead_status,\n    assigned_agent,\n    follow_up_schedule,\n    conversion_probability,\n    marketing_channel,\n    campaign_source,\n    engagement_level,\n    property_preferences,\n    financing_status,\n    investment_experience,\n    decision_makers,\n    pain_points,\n    value_proposition\n  } = data;\n  \n  const leadMetrics = await calculateLeadMetrics(data);\n  const leadScoring = await scoreLeadQuality(leadMetrics);\n  const followUpPlan = await createFollowUpPlan(leadMetrics);\n  \n  return {\n    leadSummary: {\n      leadId: leadId,\n      leadSource: lead_source,\n      leadScore: leadScoring.totalScore,\n      leadGrade: leadScoring.grade,\n      conversionProbability: leadScoring.conversionProbability,\n      priority: leadScoring.priority,\n      assignedAgent: assigned_agent,\n      nextAction: followUpPlan.nextAction,\n      timeline: timeline,\n      lastUpdated: new Date().toISOString()\n    },\n    \n    contactInfo: {\n      name: contact_info?.name || 'N/A',\n      email: contact_info?.email || 'N/A',\n      phone: contact_info?.phone || 'N/A',\n      preferredContact: communication_preferences,\n      bestTimeToCall: contact_info?.best_time || 'N/A'\n    },\n    \n    leadAnalysis: {\n      qualificationStatus: leadScoring.qualificationStatus,\n      interestLevel: leadMetrics.interestLevel,\n      budgetQualified: leadMetrics.budgetQualified,\n      timelineRealistic: leadMetrics.timelineRealistic,\n      decisionMakingAuthority: leadMetrics.decisionAuthority,\n      painPointAlignment: leadMetrics.painPointAlignment\n    },\n    \n    propertyPreferences: {\n      interestedPropertyTypes: property_preferences?.types || [],\n      budgetRange: budget_range,\n      preferredLocations: property_preferences?.locations || [],\n      mustHaveFeatures: property_preferences?.features || [],\n      dealBreakers: property_preferences?.deal_breakers || []\n    },\n    \n    followUpPlan: {\n      nextContactDate: followUpPlan.nextContactDate,\n      contactMethod: followUpPlan.contactMethod,\n      messageTemplate: followUpPlan.messageTemplate,\n      nurturingSequence: followUpPlan.nurturingSequence,\n      milestones: followUpPlan.milestones\n    },\n    \n    conversionTracking: {\n      stage: leadMetrics.currentStage,\n      stageProgress: leadMetrics.stageProgress,\n      expectedCloseDate: leadMetrics.expectedCloseDate,\n      dealValue: leadMetrics.estimatedDealValue,\n      obstacles: leadMetrics.obstacles,\n      opportunities: leadMetrics.opportunities\n    },\n    \n    recommendations: {\n      nextSteps: generateNextSteps(leadMetrics),\n      contentRecommendations: generateContentRecommendations(leadMetrics),\n      propertyRecommendations: generatePropertyRecommendations(leadMetrics),\n      nurturingStrategy: generateNurturingStrategy(leadMetrics)\n    }\n  };\n}\n\nfunction calculateLeadMetrics(data) {\n  return {\n    interestLevel: 'High',\n    budgetQualified: true,\n    timelineRealistic: true,\n    decisionAuthority: 'Primary',\n    painPointAlignment: 'Strong',\n    currentStage: 'Qualified',\n    stageProgress: 65,\n    expectedCloseDate: '2024-03-15',\n    estimatedDealValue: 450000,\n    obstacles: ['Financing approval pending'],\n    opportunities: ['Ready to move quickly', 'Referral potential']\n  };\n}\n\nfunction scoreLeadQuality(metrics) {\n  let score = 0;\n  \n  // Interest level scoring\n  if (metrics.interestLevel === 'High') score += 25;\n  else if (metrics.interestLevel === 'Medium') score += 15;\n  else score += 5;\n  \n  // Budget qualification\n  if (metrics.budgetQualified) score += 20;\n  \n  // Timeline\n  if (metrics.timelineRealistic) score += 15;\n  \n  // Decision authority\n  if (metrics.decisionAuthority === 'Primary') score += 20;\n  else if (metrics.decisionAuthority === 'Influencer') score += 10;\n  \n  // Pain point alignment\n  if (metrics.painPointAlignment === 'Strong') score += 20;\n  else if (metrics.painPointAlignment === 'Moderate') score += 10;\n  \n  let grade, priority, conversionProbability;\n  \n  if (score >= 80) {\n    grade = 'A';\n    priority = 'Hot';\n    conversionProbability = 85;\n  } else if (score >= 60) {\n    grade = 'B';\n    priority = 'Warm';\n    conversionProbability = 65;\n  } else if (score >= 40) {\n    grade = 'C';\n    priority = 'Cold';\n    conversionProbability = 35;\n  } else {\n    grade = 'D';\n    priority = 'Unqualified';\n    conversionProbability = 15;\n  }\n  \n  return {\n    totalScore: score,\n    grade,\n    priority,\n    conversionProbability,\n    qualificationStatus: score >= 60 ? 'Qualified' : 'Needs Nurturing'\n  };\n}\n\nfunction createFollowUpPlan(metrics) {\n  const nextContactDate = new Date();\n  nextContactDate.setDate(nextContactDate.getDate() + 2);\n  \n  return {\n    nextContactDate: nextContactDate.toISOString().split('T')[0],\n    contactMethod: 'Phone Call',\n    messageTemplate: 'Property investment follow-up',\n    nextAction: 'Schedule property viewing',\n    nurturingSequence: [\n      'Welcome email with market insights',\n      'Property recommendations based on criteria',\n      'Market analysis report',\n      'Financing options discussion',\n      'Property viewing scheduling'\n    ],\n    milestones: [\n      'Initial contact completed',\n      'Needs assessment done',\n      'Property criteria defined',\n      'Viewing scheduled'\n    ]\n  };\n}\n\nfunction generateNextSteps(metrics) {\n  return [\n    'Send personalized property recommendations',\n    'Schedule property viewing appointment',\n    'Provide market analysis for target areas',\n    'Connect with financing partner if needed',\n    'Prepare investment comparison analysis'\n  ];\n}\n\nreturn [{ json: leadResult }];"
      },
      "id": "d4e5f6a7-89ab-cdef-0123-456789abcdef",
      "name": "Process Lead Management",
      "type": "n8n-nodes-base.code",
      "typeVersion": 2,
      "position": [
        460,
        300
      ]
    },
    {
      "parameters": {
        "resource": "email",
        "operation": "send",
        "toEmail": "sales@company.com",
        "subject": "👤 New {{ $json.result.leadSummary.priority }} Lead: {{ $json.result.contactInfo.name }} - {{ $json.result.leadSummary.leadGrade }} Grade",
        "emailType": "html",
        "message": "<!DOCTYPE html>\\n<html>\\n<body>\\n<div style=\\\"background: white; padding: 30px; border-radius: 10px;\\\">\\n    <div style=\\\"background: linear-gradient(135deg, #28a745, #20c997); color: white; padding: 20px; text-align: center; border-radius: 8px; margin-bottom: 20px;\\\">\\n        <h1>👤 New Lead Alert</h1>\\n        <h2>{{ $json.result.contactInfo.name }}</h2>\\n        <p>Lead Score: {{ $json.result.leadSummary.leadScore }}/100 | Grade: {{ $json.result.leadSummary.leadGrade }} | Priority: {{ $json.result.leadSummary.priority }}</p>\\n    </div>\\n    \\n    <div style=\\\"background: #e8f5e8; border: 1px solid #28a745; padding: 20px; border-radius: 8px; margin: 20px 0;\\\">\\n        <h3>📞 Contact Information</h3>\\n        <p><strong>Email:</strong> {{ $json.result.contactInfo.email }}</p>\\n        <p><strong>Phone:</strong> {{ $json.result.contactInfo.phone }}</p>\\n        <p><strong>Preferred Contact:</strong> {{ $json.result.contactInfo.preferredContact }}</p>\\n        <p><strong>Best Time to Call:</strong> {{ $json.result.contactInfo.bestTimeToCall }}</p>\\n    </div>\\n    \\n    <div style=\\\"background: #fff3cd; border: 1px solid #ffc107; padding: 20px; border-radius: 8px; margin: 20px 0;\\\">\\n        <h3>🎯 Next Actions</h3>\\n        <p><strong>Next Action:</strong> {{ $json.result.leadSummary.nextAction }}</p>\\n        <p><strong>Follow-up Date:</strong> {{ $json.result.followUpPlan.nextContactDate }}</p>\\n        <p><strong>Method:</strong> {{ $json.result.followUpPlan.contactMethod }}</p>\\n        <p><strong>Conversion Probability:</strong> {{ $json.result.leadSummary.conversionProbability }}%</p>\\n    </div>\\n    \\n    <p>Best regards,<br>Lead Management System</p>\\n</div>\\n</body>\\n</html>",
        "options": {}
      },
      "id": "f6a7b8c9-abcd-ef01-2345-6789abcdef01",
      "name": "Send Lead Alert",
      "type": "n8n-nodes-base.gmail",
      "typeVersion": 2.1,
      "position": [
        680,
        300
      ]
    }
  ]
}
