{
  "name": "Automated Report Generator",
  "nodes": [
    {
      "parameters": {
        "httpMethod": "POST",
        "path": "report-generator",
        "responseMode": "responseNode",
        "options": {}
      },
      "id": "a1b2c3d4-5678-9abc-def0-123456789abc",
      "name": "Report Generator Trigger",
      "type": "n8n-nodes-base.webhook",
      "typeVersion": 1,
      "position": [
        240,
        300
      ],
      "webhookId": "report-generator-webhook"
    },
    {
      "parameters": {
        "jsCode": "// Automated Report Generator\nconst reportData = $input.first().json;\n\n// Generate unique report ID\nconst reportId = `rpt_${Date.now()}_${Math.random().toString(36).substr(2, 9)}`;\n\n// Process report generation request\nconst reportResult = await processReportGeneration(reportData);\n\nasync function processReportGeneration(data) {\n  const {\n    report_type,\n    client_info,\n    property_data,\n    analysis_period,\n    report_format,\n    branding_options,\n    delivery_method,\n    audience,\n    custom_sections,\n    data_sources,\n    visualization_preferences,\n    executive_summary,\n    recommendations_section,\n    appendix_data,\n    confidentiality_level,\n    distribution_list\n  } = data;\n  \n  const reportMetrics = await calculateReportMetrics(data);\n  const reportContent = await generateReportContent(reportMetrics);\n  \n  return {\n    reportSummary: {\n      reportId: reportId,\n      reportType: report_type,\n      clientInfo: client_info,\n      generatedDate: new Date().toISOString(),\n      reportFormat: report_format,\n      pageCount: reportContent.pageCount,\n      executiveSummary: reportContent.executiveSummary,\n      keyFindings: reportContent.keyFindings,\n      recommendations: reportContent.recommendations\n    },\n    \n    reportSections: {\n      propertyAnalysis: reportContent.propertyAnalysis,\n      marketAnalysis: reportContent.marketAnalysis,\n      financialProjections: reportContent.financialProjections,\n      riskAssessment: reportContent.riskAssessment,\n      investmentRecommendations: reportContent.investmentRecommendations\n    },\n    \n    deliveryInfo: {\n      format: report_format,\n      deliveryMethod: delivery_method,\n      distributionList: distribution_list,\n      accessLink: `https://reports.company.com/${reportId}`,\n      expirationDate: new Date(Date.now() + 30 * 24 * 60 * 60 * 1000).toISOString()\n    }\n  };\n}\n\nfunction calculateReportMetrics(data) {\n  return {\n    totalProperties: 15,\n    averageROI: 16.8,\n    topPerformingProperty: '123 Investment Ave',\n    marketTrend: 'Positive',\n    riskLevel: 'Moderate',\n    recommendationGrade: 'Buy'\n  };\n}\n\nfunction generateReportContent(metrics) {\n  return {\n    pageCount: 24,\n    executiveSummary: 'Comprehensive analysis shows strong investment potential with 16.8% average ROI.',\n    keyFindings: [\n      'Market shows positive growth trajectory',\n      'Property values appreciating at 5.2% annually',\n      'Rental demand remains strong in target areas'\n    ],\n    recommendations: [\n      'Proceed with acquisition of top 3 properties',\n      'Consider diversification across property types',\n      'Monitor interest rate trends for optimal timing'\n    ],\n    propertyAnalysis: 'Detailed analysis of 15 target properties...',\n    marketAnalysis: 'Market conditions analysis...',\n    financialProjections: '10-year financial projections...',\n    riskAssessment: 'Risk analysis and mitigation strategies...',\n    investmentRecommendations: 'Strategic investment recommendations...'\n  };\n}\n\nreturn [{ json: reportResult }];"
      },
      "id": "d4e5f6a7-89ab-cdef-0123-456789abcdef",
      "name": "Process Report Generation",
      "type": "n8n-nodes-base.code",
      "typeVersion": 2,
      "position": [
        460,
        300
      ]
    },
    {
      "parameters": {
        "resource": "email",
        "operation": "send",
        "toEmail": "client@company.com",
        "subject": "📊 Your Custom Investment Report is Ready - {{ $json.result.reportSummary.reportType }}",
        "emailType": "html",
        "message": "<!DOCTYPE html>\\n<html>\\n<body>\\n<div style=\\\"background: white; padding: 30px; border-radius: 10px;\\\">\\n    <div style=\\\"background: linear-gradient(135deg, #6f42c1, #007bff); color: white; padding: 20px; text-align: center; border-radius: 8px; margin-bottom: 20px;\\\">\\n        <h1>📊 Your Investment Report is Ready</h1>\\n        <h2>{{ $json.result.reportSummary.reportType }}</h2>\\n        <p>Report ID: {{ $json.result.reportSummary.reportId }}</p>\\n    </div>\\n    \\n    <div style=\\\"background: #e8f5e8; border: 1px solid #28a745; padding: 20px; border-radius: 8px; margin: 20px 0;\\\">\\n        <h3>📋 Report Summary</h3>\\n        <p><strong>Executive Summary:</strong> {{ $json.result.reportSummary.executiveSummary }}</p>\\n        <p><strong>Page Count:</strong> {{ $json.result.reportSummary.pageCount }} pages</p>\\n        <p><strong>Generated:</strong> {{ new Date($json.result.reportSummary.generatedDate).toLocaleDateString() }}</p>\\n    </div>\\n    \\n    <div style=\\\"background: #fff3cd; border: 1px solid #ffc107; padding: 20px; border-radius: 8px; margin: 20px 0;\\\">\\n        <h3>🎯 Key Findings</h3>\\n        <ul>\\n            {{ $json.result.reportSummary.keyFindings.map(finding => `<li>${finding}</li>`).join('') }}\\n        </ul>\\n    </div>\\n    \\n    <div style=\\\"text-align: center; margin: 30px 0;\\\">\\n        <a href=\\\"{{ $json.result.deliveryInfo.accessLink }}\\\" style=\\\"background: #007bff; color: white; padding: 15px 30px; text-decoration: none; border-radius: 5px; font-weight: bold;\\\">📥 Download Report</a>\\n    </div>\\n    \\n    <p>Best regards,<br>Investment Analysis Team</p>\\n</div>\\n</body>\\n</html>",
        "options": {}
      },
      "id": "f6a7b8c9-abcd-ef01-2345-6789abcdef01",
      "name": "Send Report Notification",
      "type": "n8n-nodes-base.gmail",
      "typeVersion": 2.1,
      "position": [
        680,
        300
      ]
    }
  ]
}
