{
  "name": "Property Marketing Automation",
  "nodes": [
    {
      "parameters": {
        "httpMethod": "POST",
        "path": "property-marketing",
        "responseMode": "responseNode",
        "options": {}
      },
      "id": "a1b2c3d4-5678-9abc-def0-123456789abc",
      "name": "Marketing Automation Trigger",
      "type": "n8n-nodes-base.webhook",
      "typeVersion": 1,
      "position": [
        240,
        300
      ],
      "webhookId": "property-marketing-webhook"
    },
    {
      "parameters": {
        "jsCode": "// Property Marketing Automation\nconst marketingData = $input.first().json;\nconst marketingId = `mkt_${Date.now()}_${Math.random().toString(36).substr(2, 9)}`;\n\nasync function processPropertyMarketing(data) {\n  const {\n    property_details,\n    marketing_channels,\n    target_audience,\n    campaign_type,\n    budget_allocation,\n    timeline,\n    creative_assets,\n    messaging_strategy,\n    performance_metrics\n  } = data;\n  \n  return {\n    marketingSummary: {\n      marketingId: marketingId,\n      propertyAddress: property_details?.address || 'N/A',\n      campaignType: campaign_type,\n      targetAudience: target_audience,\n      budget: budget_allocation,\n      timeline: timeline,\n      status: 'Active',\n      lastUpdated: new Date().toISOString()\n    },\n    campaignMetrics: {\n      impressions: 45000,\n      clicks: 1250,\n      leads: 78,\n      inquiries: 23,\n      viewings: 12,\n      offers: 3\n    },\n    channels: {\n      socialMedia: { budget: '40%', performance: 'Excellent' },\n      onlineListings: { budget: '30%', performance: 'Good' },\n      emailMarketing: { budget: '20%', performance: 'Good' },\n      paidAds: { budget: '10%', performance: 'Average' }\n    }\n  };\n}\n\nconst marketingResult = await processPropertyMarketing(marketingData);\nreturn [{ json: marketingResult }];"
      },
      "id": "d4e5f6a7-89ab-cdef-0123-456789abcdef",
      "name": "Process Marketing Campaign",
      "type": "n8n-nodes-base.code",
      "typeVersion": 2,
      "position": [
        460,
        300
      ]
    },
    {
      "parameters": {
        "resource": "email",
        "operation": "send",
        "toEmail": "marketing@company.com",
        "subject": "📢 Marketing Campaign Active: {{ $json.marketingSummary.propertyAddress }}",
        "emailType": "html",
        "message": "Marketing campaign for {{ $json.marketingSummary.propertyAddress }} is now active with {{ $json.campaignMetrics.leads }} leads generated.",
        "options": {}
      },
      "id": "f6a7b8c9-abcd-ef01-2345-6789abcdef01",
      "name": "Send Marketing Report",
      "type": "n8n-nodes-base.gmail",
      "typeVersion": 2.1,
      "position": [
        680,
        300
      ]
    }
  ]
}
