{
  "name": "Financial Analytics Investment",
  "nodes": [
    {
      "parameters": {
        "httpMethod": "POST",
        "path": "financial-analytics",
        "responseMode": "responseNode",
        "options": {}
      },
      "id": "a1b2c3d4-5678-9abc-def0-123456789abc",
      "name": "Financial Analytics Trigger",
      "type": "n8n-nodes-base.webhook",
      "typeVersion": 1,
      "position": [
        240,
        300
      ],
      "webhookId": "financial-analytics-webhook"
    },
    {
      "parameters": {
        "jsCode": "// Financial Analytics Investment\nconst analyticsData = $input.first().json;\nconst analyticsId = `analytics_${Date.now()}_${Math.random().toString(36).substr(2, 9)}`;\n\nasync function processFinancialAnalytics(data) {\n  return {\n    analyticsSummary: {\n      analyticsId: analyticsId,\n      portfolioValue: 3250000,\n      totalROI: 18.5,\n      monthlyRevenue: 22500,\n      yearOverYearGrowth: 12.3,\n      profitMargin: 24.8,\n      occupancyRate: 94.2,\n      reportPeriod: 'Q4 2024',\n      generatedDate: new Date().toISOString(),\n      lastUpdated: new Date().toISOString()\n    },\n    performanceMetrics: {\n      topPerformingProperties: [\n        { address: '123 Investment Ave', roi: 28.3 },\n        { address: '456 Property St', roi: 22.1 },\n        { address: '789 Real Estate Rd', roi: 19.7 }\n      ],\n      averageCapRate: 7.2,\n      cashFlowPositive: 95,\n      totalCashFlow: 185000,\n      appreciationRate: 5.2\n    },\n    riskAnalysis: {\n      portfolioRisk: 'Moderate',\n      diversificationScore: 82,\n      marketVolatility: 'Low',\n      liquidity: 'High',\n      stressTestResults: 'Passed'\n    }\n  };\n}\n\nconst analyticsResult = await processFinancialAnalytics(analyticsData);\nreturn [{ json: analyticsResult }];"
      },
      "id": "d4e5f6a7-89ab-cdef-0123-456789abcdef",
      "name": "Process Financial Analytics",
      "type": "n8n-nodes-base.code",
      "typeVersion": 2,
      "position": [
        460,
        300
      ]
    },
    {
      "parameters": {
        "resource": "email",
        "operation": "send",
        "toEmail": "finance@company.com",
        "subject": "📊 Financial Analytics Report - Portfolio ROI: {{ $json.analyticsSummary.totalROI }}%",
        "emailType": "html",
        "message": "Financial analytics report ready. Portfolio value: ${{ $json.analyticsSummary.portfolioValue.toLocaleString() }}. Total ROI: {{ $json.analyticsSummary.totalROI }}%. Monthly revenue: ${{ $json.analyticsSummary.monthlyRevenue.toLocaleString() }}.",
        "options": {}
      },
      "id": "f6a7b8c9-abcd-ef01-2345-6789abcdef01",
      "name": "Send Analytics Report",
      "type": "n8n-nodes-base.gmail",
      "typeVersion": 2.1,
      "position": [
        680,
        300
      ]
    }
  ]
}
