{
  "name": "Smart Alerts Notifications",
  "nodes": [
    {
      "parameters": {
        "httpMethod": "POST",
        "path": "smart-alerts",
        "responseMode": "responseNode",
        "options": {}
      },
      "id": "a1b2c3d4-5678-9abc-def0-123456789abc",
      "name": "Smart Alerts Trigger",
      "type": "n8n-nodes-base.webhook",
      "typeVersion": 1,
      "position": [
        240,
        300
      ],
      "webhookId": "smart-alerts-webhook"
    },
    {
      "parameters": {
        "jsCode": "// Smart Alerts Notifications\nconst alertData = $input.first().json;\nconst alertId = `alert_${Date.now()}_${Math.random().toString(36).substr(2, 9)}`;\n\nasync function processSmartAlerts(data) {\n  return {\n    alertSummary: {\n      alertId: alertId,\n      alertType: data.alert_type || 'Market Alert',\n      severity: data.severity || 'Medium',\n      triggered: true,\n      triggerCondition: data.trigger_condition || 'Price change detected',\n      affectedProperties: data.affected_properties || 1,\n      generatedDate: new Date().toISOString(),\n      lastUpdated: new Date().toISOString()\n    },\n    notifications: {\n      emailSent: true,\n      smsSent: data.severity === 'High',\n      slackNotification: true,\n      dashboardAlert: true,\n      recipientsNotified: 3\n    },\n    actionItems: {\n      immediateActions: [\n        'Review market conditions',\n        'Assess impact on portfolio',\n        'Consider strategic response'\n      ],\n      followUpRequired: true,\n      assignedTo: 'Investment Team',\n      dueDate: new Date(Date.now() + 24 * 60 * 60 * 1000).toISOString().split('T')[0]\n    }\n  };\n}\n\nconst alertResult = await processSmartAlerts(alertData);\nreturn [{ json: alertResult }];"
      },
      "id": "d4e5f6a7-89ab-cdef-0123-456789abcdef",
      "name": "Process Smart Alerts",
      "type": "n8n-nodes-base.code",
      "typeVersion": 2,
      "position": [
        460,
        300
      ]
    },
    {
      "parameters": {
        "resource": "email",
        "operation": "send",
        "toEmail": "alerts@company.com",
        "subject": "🚨 {{ $json.alertSummary.severity }} Alert: {{ $json.alertSummary.alertType }}",
        "emailType": "html",
        "message": "Alert triggered: {{ $json.alertSummary.triggerCondition }}. Severity: {{ $json.alertSummary.severity }}. Affected properties: {{ $json.alertSummary.affectedProperties }}. Action required by: {{ $json.actionItems.dueDate }}.",
        "options": {}
      },
      "id": "f6a7b8c9-abcd-ef01-2345-6789abcdef01",
      "name": "Send Alert Notification",
      "type": "n8n-nodes-base.gmail",
      "typeVersion": 2.1,
      "position": [
        680,
        300
      ]
    }
  ]
}
