{
  "name": "Intelligence Dashboard Analytics",
  "nodes": [
    {
      "parameters": {
        "httpMethod": "POST",
        "path": "dashboard-analytics",
        "responseMode": "responseNode",
        "options": {}
      },
      "id": "a1b2c3d4-5678-9abc-def0-123456789abc",
      "name": "Dashboard Analytics Trigger",
      "type": "n8n-nodes-base.webhook",
      "typeVersion": 1,
      "position": [
        240,
        300
      ],
      "webhookId": "dashboard-analytics-webhook"
    },
    {
      "parameters": {
        "rule": {
          "interval": [
            {
              "field": "cronExpression",
              "expression": "0 6 * * *"
            }
          ]
        }
      },
      "id": "b2c3d4e5-6789-abcd-ef01-23456789abcd",
      "name": "Daily Dashboard Update",
      "type": "n8n-nodes-base.cron",
      "typeVersion": 1,
      "position": [
        240,
        500
      ]
    },
    {
      "parameters": {
        "jsCode": "// Intelligence Dashboard Analytics\nconst dashboardData = $input.first().json;\nconst dashboardId = `dash_${Date.now()}_${Math.random().toString(36).substr(2, 9)}`;\n\nasync function processDashboardAnalytics(data) {\n  return {\n    dashboardSummary: {\n      dashboardId: dashboardId,\n      reportDate: new Date().toISOString().split('T')[0],\n      totalProperties: 12,\n      portfolioValue: 3250000,\n      monthlyRevenue: 22500,\n      occupancyRate: 94.2,\n      averageROI: 18.5,\n      lastUpdated: new Date().toISOString()\n    },\n    \n    keyMetrics: {\n      performance: {\n        portfolioGrowth: 12.3,\n        revenueGrowth: 8.7,\n        profitMargin: 24.8,\n        capRate: 7.2,\n        cashFlow: 185000\n      },\n      market: {\n        marketTrend: 'Positive',\n        averageAppreciation: 5.2,\n        marketVolatility: 'Low',\n        demandIndex: 85,\n        supplyIndex: 72\n      },\n      operations: {\n        maintenanceRequests: 3,\n        pendingLeases: 2,\n        vacantUnits: 1,\n        renewals: 8,\n        newLeases: 4\n      }\n    },\n    \n    alerts: {\n      critical: 0,\n      high: 1,\n      medium: 3,\n      low: 5,\n      total: 9\n    },\n    \n    trends: {\n      weeklyChange: {\n        revenue: 2.3,\n        occupancy: 0.8,\n        inquiries: 15.2\n      },\n      monthlyChange: {\n        portfolio: 1.2,\n        newLeases: 33.3,\n        maintenance: -12.5\n      },\n      yearlyProjection: {\n        growth: 15.8,\n        revenue: 285000,\n        expansion: 2\n      }\n    },\n    \n    recommendations: {\n      immediate: [\n        'Review high-priority maintenance request',\n        'Follow up on pending lease applications',\n        'Analyze market opportunity in downtown area'\n      ],\n      strategic: [\n        'Consider portfolio expansion',\n        'Optimize rent pricing strategy',\n        'Implement energy efficiency upgrades'\n      ],\n      financial: [\n        'Refinance properties with rates above 4.5%',\n        'Increase reserves for Q1 maintenance',\n        'Review insurance coverage options'\n      ]\n    }\n  };\n}\n\nconst dashboardResult = await processDashboardAnalytics(dashboardData);\nreturn [{ json: dashboardResult }];"
      },
      "id": "d4e5f6a7-89ab-cdef-0123-456789abcdef",
      "name": "Process Dashboard Analytics",
      "type": "n8n-nodes-base.code",
      "typeVersion": 2,
      "position": [
        460,
        300
      ]
    },
    {
      "parameters": {
        "resource": "email",
        "operation": "send",
        "toEmail": "executive@company.com",
        "subject": "📊 Daily Intelligence Dashboard - Portfolio: ${{ $json.dashboardSummary.portfolioValue.toLocaleString() }} | ROI: {{ $json.dashboardSummary.averageROI }}%",
        "emailType": "html",
        "message": "<!DOCTYPE html>\\n<html>\\n<body style=\\\"font-family: Arial, sans-serif; margin: 0; padding: 20px; background: #f4f4f4;\\\">\\n    <div style=\\\"background: white; padding: 30px; border-radius: 10px; box-shadow: 0 4px 10px rgba(0,0,0,0.1);\\\">\\n        <div style=\\\"background: linear-gradient(135deg, #007bff, #6610f2); color: white; padding: 20px; text-align: center; border-radius: 8px; margin-bottom: 20px;\\\">\\n            <h1>📊 Daily Intelligence Dashboard</h1>\\n            <h2>Portfolio Performance Summary</h2>\\n            <p>Report Date: {{ $json.dashboardSummary.reportDate }}</p>\\n        </div>\\n        \\n        <div style=\\\"display: grid; grid-template-columns: 1fr 1fr 1fr; gap: 20px; margin: 20px 0;\\\">\\n            <div style=\\\"background: #e8f5e8; padding: 15px; border-radius: 8px; text-align: center; border-left: 4px solid #28a745;\\\">\\n                <h4>Portfolio Value</h4>\\n                <h3>${{ $json.dashboardSummary.portfolioValue.toLocaleString() }}</h3>\\n                <p>{{ $json.dashboardSummary.totalProperties }} Properties</p>\\n            </div>\\n            <div style=\\\"background: #e6f7ff; padding: 15px; border-radius: 8px; text-align: center; border-left: 4px solid #007bff;\\\">\\n                <h4>Monthly Revenue</h4>\\n                <h3>${{ $json.dashboardSummary.monthlyRevenue.toLocaleString() }}</h3>\\n                <p>{{ $json.dashboardSummary.occupancyRate }}% Occupied</p>\\n            </div>\\n            <div style=\\\"background: #fff3cd; padding: 15px; border-radius: 8px; text-align: center; border-left: 4px solid #ffc107;\\\">\\n                <h4>Average ROI</h4>\\n                <h3>{{ $json.dashboardSummary.averageROI }}%</h3>\\n                <p>Portfolio Performance</p>\\n            </div>\\n        </div>\\n        \\n        <div style=\\\"background: #f8f9fa; border: 1px solid #6c757d; padding: 20px; border-radius: 8px; margin: 20px 0;\\\">\\n            <h3>📈 Key Performance Metrics</h3>\\n            <div style=\\\"display: grid; grid-template-columns: 1fr 1fr; gap: 20px;\\\">\\n                <div>\\n                    <p><strong>Portfolio Growth:</strong> {{ $json.keyMetrics.performance.portfolioGrowth }}%</p>\\n                    <p><strong>Revenue Growth:</strong> {{ $json.keyMetrics.performance.revenueGrowth }}%</p>\\n                    <p><strong>Profit Margin:</strong> {{ $json.keyMetrics.performance.profitMargin }}%</p>\\n                </div>\\n                <div>\\n                    <p><strong>Cap Rate:</strong> {{ $json.keyMetrics.performance.capRate }}%</p>\\n                    <p><strong>Cash Flow:</strong> ${{ $json.keyMetrics.performance.cashFlow.toLocaleString() }}</p>\\n                    <p><strong>Market Trend:</strong> {{ $json.keyMetrics.market.marketTrend }}</p>\\n                </div>\\n            </div>\\n        </div>\\n        \\n        <div style=\\\"background: #e6f7ff; border: 1px solid #17a2b8; padding: 20px; border-radius: 8px; margin: 20px 0;\\\">\\n            <h3>📊 Operations Summary</h3>\\n            <div style=\\\"display: grid; grid-template-columns: 1fr 1fr 1fr; gap: 15px;\\\">\\n                <div>\\n                    <p><strong>Maintenance Requests:</strong> {{ $json.keyMetrics.operations.maintenanceRequests }}</p>\\n                    <p><strong>Pending Leases:</strong> {{ $json.keyMetrics.operations.pendingLeases }}</p>\\n                </div>\\n                <div>\\n                    <p><strong>Vacant Units:</strong> {{ $json.keyMetrics.operations.vacantUnits }}</p>\\n                    <p><strong>Renewals:</strong> {{ $json.keyMetrics.operations.renewals }}</p>\\n                </div>\\n                <div>\\n                    <p><strong>New Leases:</strong> {{ $json.keyMetrics.operations.newLeases }}</p>\\n                    <p><strong>Total Alerts:</strong> {{ $json.alerts.total }}</p>\\n                </div>\\n            </div>\\n        </div>\\n        \\n        <div style=\\\"background: #fff3cd; border: 1px solid #ffc107; padding: 20px; border-radius: 8px; margin: 20px 0;\\\">\\n            <h3>🎯 Priority Recommendations</h3>\\n            <div>\\n                <h4>Immediate Actions:</h4>\\n                <ul>\\n                    {{ $json.recommendations.immediate.map(item => `<li>${item}</li>`).join('') }}\\n                </ul>\\n                <h4>Strategic Initiatives:</h4>\\n                <ul>\\n                    {{ $json.recommendations.strategic.map(item => `<li>${item}</li>`).join('') }}\\n                </ul>\\n            </div>\\n        </div>\\n        \\n        <div style=\\\"background: #e8f5e8; border: 1px solid #28a745; padding: 20px; border-radius: 8px; margin: 20px 0;\\\">\\n            <h3>📈 Trend Analysis</h3>\\n            <div style=\\\"display: grid; grid-template-columns: 1fr 1fr 1fr; gap: 20px;\\\">\\n                <div>\\n                    <h4>Weekly Changes</h4>\\n                    <p><strong>Revenue:</strong> +{{ $json.trends.weeklyChange.revenue }}%</p>\\n                    <p><strong>Occupancy:</strong> +{{ $json.trends.weeklyChange.occupancy }}%</p>\\n                    <p><strong>Inquiries:</strong> +{{ $json.trends.weeklyChange.inquiries }}%</p>\\n                </div>\\n                <div>\\n                    <h4>Monthly Changes</h4>\\n                    <p><strong>Portfolio:</strong> +{{ $json.trends.monthlyChange.portfolio }}%</p>\\n                    <p><strong>New Leases:</strong> +{{ $json.trends.monthlyChange.newLeases }}%</p>\\n                    <p><strong>Maintenance:</strong> {{ $json.trends.monthlyChange.maintenance }}%</p>\\n                </div>\\n                <div>\\n                    <h4>Yearly Projection</h4>\\n                    <p><strong>Growth:</strong> {{ $json.trends.yearlyProjection.growth }}%</p>\\n                    <p><strong>Revenue:</strong> ${{ $json.trends.yearlyProjection.revenue.toLocaleString() }}</p>\\n                    <p><strong>Expansion:</strong> {{ $json.trends.yearlyProjection.expansion }} properties</p>\\n                </div>\\n            </div>\\n        </div>\\n        \\n        <div style=\\\"background: #f8f9fa; padding: 20px; border-radius: 8px; margin: 20px 0;\\\">\\n            <h3>📋 Dashboard Details</h3>\\n            <p><strong>Dashboard ID:</strong> {{ $json.dashboardSummary.dashboardId }}</p>\\n            <p><strong>Report Date:</strong> {{ $json.dashboardSummary.reportDate }}</p>\\n            <p><strong>Last Updated:</strong> {{ new Date($json.dashboardSummary.lastUpdated).toLocaleString() }}</p>\\n        </div>\\n        \\n        <p>This daily intelligence dashboard provides comprehensive insights for strategic decision-making.</p>\\n        \\n        <p>Best regards,<br>Intelligence Dashboard Team</p>\\n    </div>\\n</body>\\n</html>",
        "options": {}
      },
      "id": "f6a7b8c9-abcd-ef01-2345-6789abcdef01",
      "name": "Send Dashboard Report",
      "type": "n8n-nodes-base.gmail",
      "typeVersion": 2.1,
      "position": [
        680,
        300
      ]
    }
  ]
}
