{
  "name": "Market Intelligence Engine",
  "nodes": [
    {
      "parameters": {
        "httpMethod": "POST",
        "path": "market-intelligence",
        "responseMode": "responseNode",
        "options": {}
      },
      "id": "a1b2c3d4-5678-9abc-def0-123456789abc",
      "name": "Market Intelligence Trigger",
      "type": "n8n-nodes-base.webhook",
      "typeVersion": 1,
      "position": [240, 300],
      "webhookId": "market-intelligence-webhook"
    },
    {
      "parameters": {
        "jsCode": "// Market Intelligence Engine\nconst marketData = $input.first().json;\nconst analysisId = `mkt_${Date.now()}_${Math.random().toString(36).substr(2, 9)}`;\n\nasync function processMarketIntelligence(data) {\n  return {\n    analysisId,\n    location: data.location || 'Metro Area',\n    propertyType: data.property_type || 'Residential',\n    analysisType: data.analysis_type || 'market_overview',\n    timePeriod: data.time_period || 'Current',\n    generatedDate: new Date().toISOString(),\n    dataFreshness: 'Real-time',\n    confidence: 'High',\n    result: {\n      marketSummary: {\n        location: data.location || 'Metro Area',\n        propertyType: data.property_type || 'Residential',\n        marketCondition: 'Strong Seller\\'s Market',\n        overallTrend: 'Appreciating',\n        investmentGrade: 'A-',\n        riskLevel: 'Low-Medium',\n        opportunityScore: 85,\n        lastUpdated: new Date().toISOString()\n      },\n      keyMetrics: {\n        medianPrice: 750000,\n        avgPricePerSqft: 425,\n        priceGrowthYoY: 8.5,\n        priceGrowthQoQ: 2.1,\n        medianDaysOnMarket: 18,\n        absorptionRate: 2.3,\n        inventoryLevels: 1.8,\n        monthsOfSupply: 2.1\n      },\n      rentalMetrics: {\n        avgRent: 3200,\n        rentPerSqft: 2.15,\n        rentGrowthYoY: 6.2,\n        vacancyRate: 3.5,\n        avgCapRate: 5.8,\n        grossYield: 6.2,\n        rentToPrice: 0.051\n      },\n      marketTrends: {\n        priceDirection: 'Upward',\n        velocityTrend: 'Accelerating',\n        inventoryTrend: 'Declining',\n        demandTrend: 'Strong',\n        seasonalPatterns: 'Spring peak expected',\n        marketCycle: 'Expansion phase'\n      },\n      investmentInsights: {\n        buyRecommendation: 'Strong Buy - High opportunity market with favorable conditions',\n        timingRecommendation: 'Immediate action recommended',\n        optimalPropertyTypes: [\n          {\n            type: 'Single Family Homes',\n            appeal: 'High',\n            reasoning: 'Strong demand from families and investors'\n          },\n          {\n            type: 'Townhomes',\n            appeal: 'Medium-High',\n            reasoning: 'Good balance of affordability and space'\n          },\n          {\n            type: 'Small Multi-family',\n            appeal: 'High',\n            reasoning: 'Strong rental demand and cash flow potential'\n          }\n        ],\n        pricingStrategy: 'Market rate with premium for quality',\n        riskMitigation: 'Diversify property types and locations',\n        exitStrategies: 'Hold for appreciation, refinance for cash-out'\n      }\n    }\n  };\n}\n\nconst marketResult = await processMarketIntelligence(marketData);\nreturn [{ json: marketResult }];"
      },
      "id": "d4e5f6a7-89ab-cdef-0123-456789abcdef",
      "name": "Process Market Intelligence",
      "type": "n8n-nodes-base.code",
      "typeVersion": 2,
      "position": [460, 300]
    },
    {
      "parameters": {
        "resource": "email",
        "operation": "send",
        "toEmail": "analysis@company.com",
        "subject": "📊 Market Intelligence Report: {{ $json.location }} - {{ new Date().toLocaleDateString() }}",
        "emailType": "html",
        "message": "<!DOCTYPE html>\\n<html>\\n<body>\\n<div style=\\\"background: white; padding: 30px; border-radius: 10px;\\\">\\n    <div style=\\\"background: linear-gradient(135deg, #667eea, #764ba2); color: white; padding: 20px; text-align: center; border-radius: 8px; margin-bottom: 20px;\\\">\\n        <h1>📊 Market Intelligence Report</h1>\\n        <h2>{{ $json.location }} - {{ $json.propertyType }}</h2>\\n        <p>Analysis Date: {{ new Date($json.generatedDate).toLocaleDateString() }} | Confidence: {{ $json.confidence }}</p>\\n    </div>\\n    \\n    <div style=\\\"display: grid; grid-template-columns: 1fr 1fr 1fr; gap: 20px; margin: 20px 0;\\\">\\n        <div style=\\\"background: #f8f9fa; padding: 15px; border-radius: 8px; border-left: 4px solid #667eea;\\\">\\n            <h4>Market Condition</h4>\\n            <h3>{{ $json.result.marketSummary.marketCondition }}</h3>\\n            <p>Overall Trend: {{ $json.result.marketSummary.overallTrend }}</p>\\n        </div>\\n        <div style=\\\"background: {{ $json.result.marketSummary.opportunityScore > 70 ? '#e8f5e8' : $json.result.marketSummary.opportunityScore > 50 ? '#fff3cd' : '#ffe6e6' }}; padding: 15px; border-radius: 8px; border-left: 4px solid {{ $json.result.marketSummary.opportunityScore > 70 ? '#28a745' : $json.result.marketSummary.opportunityScore > 50 ? '#ffc107' : '#dc3545' }};\\\">\\n            <h4>Opportunity Score</h4>\\n            <h3>{{ $json.result.marketSummary.opportunityScore }}/100</h3>\\n            <p>Investment Grade: {{ $json.result.marketSummary.investmentGrade }}</p>\\n        </div>\\n        <div style=\\\"background: {{ $json.result.marketSummary.riskLevel === 'Low' ? '#e8f5e8' : $json.result.marketSummary.riskLevel === 'Medium' ? '#fff3cd' : '#ffe6e6' }}; padding: 15px; border-radius: 8px; border-left: 4px solid {{ $json.result.marketSummary.riskLevel === 'Low' ? '#28a745' : $json.result.marketSummary.riskLevel === 'Medium' ? '#ffc107' : '#dc3545' }};\\\">\\n            <h4>Risk Level</h4>\\n            <h3>{{ $json.result.marketSummary.riskLevel }}</h3>\\n            <p>Market Assessment</p>\\n        </div>\\n    </div>\\n    \\n    <div style=\\\"display: grid; grid-template-columns: 1fr 1fr 1fr; gap: 20px; margin: 20px 0;\\\">\\n        <div style=\\\"background: #f8f9fa; padding: 15px; border-radius: 8px; border-left: 4px solid #007bff;\\\">\\n            <h4>Median Price</h4>\\n            <h3>${{ $json.result.keyMetrics.medianPrice.toLocaleString() }}</h3>\\n            <p>YoY Growth: {{ $json.result.keyMetrics.priceGrowthYoY }}%</p>\\n        </div>\\n        <div style=\\\"background: #f8f9fa; padding: 15px; border-radius: 8px; border-left: 4px solid #007bff;\\\">\\n            <h4>Price per SqFt</h4>\\n            <h3>${{ $json.result.keyMetrics.avgPricePerSqft }}</h3>\\n            <p>QoQ Growth: {{ $json.result.keyMetrics.priceGrowthQoQ }}%</p>\\n        </div>\\n        <div style=\\\"background: #f8f9fa; padding: 15px; border-radius: 8px; border-left: 4px solid #007bff;\\\">\\n            <h4>Days on Market</h4>\\n            <h3>{{ $json.result.keyMetrics.medianDaysOnMarket }} days</h3>\\n            <p>Market Velocity</p>\\n        </div>\\n    </div>\\n    \\n    <div style=\\\"background: #e8f5e8; border: 1px solid #28a745; padding: 20px; border-radius: 8px; margin: 20px 0;\\\">\\n        <h3>🎯 Investment Insights</h3>\\n        <p><strong>Buy Recommendation:</strong> {{ $json.result.investmentInsights.buyRecommendation }}</p>\\n        <p><strong>Timing:</strong> {{ $json.result.investmentInsights.timingRecommendation }}</p>\\n        <p><strong>Optimal Property Types:</strong></p>\\n        <ul>\\n            {{ $json.result.investmentInsights.optimalPropertyTypes.map(type => `<li><strong>${type.type}:</strong> ${type.reasoning}</li>`).join('') }}\\n        </ul>\\n    </div>\\n    \\n    <div style=\\\"background: #fff3cd; border: 1px solid #ffc107; padding: 20px; border-radius: 8px; margin: 20px 0;\\\">\\n        <h3>📈 Rental Market Analysis</h3>\\n        <div style=\\\"display: grid; grid-template-columns: 1fr 1fr; gap: 20px;\\\">\\n            <div>\\n                <p><strong>Average Rent:</strong> ${{ $json.result.rentalMetrics.avgRent.toLocaleString() }}</p>\\n                <p><strong>Rent per SqFt:</strong> ${{ $json.result.rentalMetrics.rentPerSqft }}</p>\\n                <p><strong>Rent Growth YoY:</strong> {{ $json.result.rentalMetrics.rentGrowthYoY }}%</p>\\n            </div>\\n            <div>\\n                <p><strong>Vacancy Rate:</strong> {{ $json.result.rentalMetrics.vacancyRate }}%</p>\\n                <p><strong>Average Cap Rate:</strong> {{ $json.result.rentalMetrics.avgCapRate }}%</p>\\n                <p><strong>Gross Yield:</strong> {{ $json.result.rentalMetrics.grossYield }}%</p>\\n            </div>\\n        </div>\\n    </div>\\n    \\n    <div style=\\\"background: #f8f9fa; padding: 20px; border-radius: 8px; margin: 20px 0;\\\">\\n        <h3>📋 Analysis Details</h3>\\n        <p><strong>Analysis ID:</strong> {{ $json.analysisId }}</p>\\n        <p><strong>Analysis Type:</strong> {{ $json.analysisType }}</p>\\n        <p><strong>Time Period:</strong> {{ $json.timePeriod }}</p>\\n        <p><strong>Data Freshness:</strong> {{ $json.dataFreshness }}</p>\\n    </div>\\n    \\n    <p>This market intelligence report provides comprehensive analysis for informed investment decisions.</p>\\n    \\n    <p>Best regards,<br>Market Intelligence Team</p>\\n</div>\\n</body>\\n</html>",
        "options": {}
      },
      "id": "f6a7b8c9-abcd-ef01-2345-6789abcdef01",
      "name": "Send Market Report",
      "type": "n8n-nodes-base.gmail",
      "typeVersion": 2.1,
      "position": [680, 300]
    }
  ],
  "connections": {
    "Market Intelligence Trigger": {
      "main": [
        [
          {
            "node": "Process Market Intelligence",
            "type": "main",
            "index": 0
          }
        ]
      ]
    },
    "Process Market Intelligence": {
      "main": [
        [
          {
            "node": "Send Market Report",
            "type": "main",
            "index": 0
          }
        ]
      ]
    }
  }
}
