{
  "name": "Property Heatmap Generator",
  "nodes": [
    {
      "parameters": {
        "httpMethod": "POST",
        "path": "property-heatmap",
        "responseMode": "responseNode",
        "options": {}
      },
      "id": "a1b2c3d4-5678-9abc-def0-123456789abc",
      "name": "Heatmap Generator Trigger",
      "type": "n8n-nodes-base.webhook",
      "typeVersion": 1,
      "position": [240, 300],
      "webhookId": "property-heatmap-webhook"
    },
    {
      "parameters": {
        "jsCode": "// Property Heatmap Generator\nconst heatmapData = $input.first().json;\nconst heatmapId = `hm_${Date.now()}_${Math.random().toString(36).substr(2, 9)}`;\n\nasync function processHeatmapGeneration(data) {\n  return {\n    heatmapId,\n    geographicScope: data.geographic_scope || 'Metro Area',\n    propertyTypes: data.property_types || ['All Types'],\n    analysisMetrics: data.analysis_metrics || 'investment_opportunity',\n    visualizationStyle: data.visualization_style || 'Standard',\n    timePeriod: data.time_period || 'Current',\n    generatedDate: new Date().toISOString(),\n    dataFreshness: 'Real-time',\n    confidenceLevel: 'High',\n    result: {\n      heatmapSummary: {\n        geographicScope: data.geographic_scope || 'Metro Area',\n        totalAreas: 156,\n        hotZones: 23,\n        coldZones: 8,\n        averageROI: 12.8,\n        topPerformingArea: 'Downtown Tech District',\n        lastUpdated: new Date().toISOString()\n      },\n      investmentZones: {\n        excellentOpportunities: {\n          areas: ['Downtown Tech District', 'University Quarter', 'Transit Hub'],\n          characteristics: {\n            avgROI: 18.5,\n            riskLevel: 'Low',\n            appreciationRate: 8.9,\n            rentalYield: 7.2,\n            marketLiquidity: 'High',\n            investmentGrade: 'A+'\n          },\n          reasons: [\n            'Strong economic fundamentals',\n            'High rental demand',\n            'Limited supply',\n            'Infrastructure development',\n            'Population growth'\n          ]\n        },\n        goodOpportunities: {\n          areas: ['Suburban Centers', 'Mid-town Areas', 'Transit Corridors'],\n          characteristics: {\n            avgROI: 14.2,\n            riskLevel: 'Low-Medium',\n            appreciationRate: 6.4,\n            rentalYield: 5.8,\n            marketLiquidity: 'Medium-High',\n            investmentGrade: 'A'\n          },\n          reasons: [\n            'Stable market conditions',\n            'Consistent rental income',\n            'Moderate appreciation',\n            'Good infrastructure',\n            'Steady demand'\n          ]\n        },\n        moderateOpportunities: {\n          areas: ['Older Suburbs', 'Rural Edges', 'Industrial Zones'],\n          characteristics: {\n            avgROI: 10.8,\n            riskLevel: 'Medium',\n            appreciationRate: 4.2,\n            rentalYield: 4.5,\n            marketLiquidity: 'Medium',\n            investmentGrade: 'B+'\n          },\n          reasons: [\n            'Average market performance',\n            'Standard rental rates',\n            'Normal appreciation trends',\n            'Adequate infrastructure',\n            'Balanced supply-demand'\n          ]\n        }\n      },\n      investmentRecommendations: {\n        immediateOpportunities: [\n          {\n            area: 'Downtown Tech District',\n            opportunity: 'High-ROI Development',\n            expectedROI: '18-22%',\n            timeline: '6-12 months',\n            reasoning: 'Major tech company expansion driving demand'\n          },\n          {\n            area: 'University Quarter',\n            opportunity: 'Student Housing Investment',\n            expectedROI: '15-18%',\n            timeline: '3-6 months',\n            reasoning: 'Consistent rental demand and appreciation'\n          }\n        ],\n        mediumTermTargets: ['Suburban Growth Areas', 'Transit Development Zones'],\n        longTermProspects: ['Emerging Neighborhoods', 'Planned Communities'],\n        areasToAvoid: ['Declining Industrial', 'Flood Risk Zones'],\n        portfolioDiversification: 'Mix of urban and suburban properties recommended'\n      }\n    }\n  };\n}\n\nconst heatmapResult = await processHeatmapGeneration(heatmapData);\nreturn [{ json: heatmapResult }];"
      },
      "id": "d4e5f6a7-89ab-cdef-0123-456789abcdef",
      "name": "Process Heatmap Generation",
      "type": "n8n-nodes-base.code",
      "typeVersion": 2,
      "position": [460, 300]
    },
    {
      "parameters": {
        "resource": "email",
        "operation": "send",
        "toEmail": "analytics@company.com",
        "subject": "🗺️ Property Investment Heatmap: {{ $json.geographicScope }} - {{ new Date().toLocaleDateString() }}",
        "emailType": "html",
        "message": "<!DOCTYPE html>\\n<html>\\n<body>\\n<div style=\\\"background: white; padding: 30px; border-radius: 10px;\\\">\\n    <div style=\\\"background: linear-gradient(135deg, #ff6b6b, #ee5a24); color: white; padding: 20px; text-align: center; border-radius: 8px; margin-bottom: 20px;\\\">\\n        <h1>🗺️ Property Investment Heatmap</h1>\\n        <h2>{{ $json.geographicScope }}</h2>\\n        <p>Analysis: {{ $json.analysisMetrics }} | Generated: {{ new Date($json.generatedDate).toLocaleDateString() }}</p>\\n    </div>\\n    \\n    <div style=\\\"background: #e8f5e8; border: 1px solid #27ae60; padding: 20px; border-radius: 8px; margin: 20px 0;\\\">\\n        <h3>📊 Heatmap Summary</h3>\\n        <div style=\\\"display: grid; grid-template-columns: 1fr 1fr 1fr; gap: 20px;\\\">\\n            <div>\\n                <p><strong>Total Areas Analyzed:</strong> {{ $json.result.heatmapSummary.totalAreas }}</p>\\n                <p><strong>Hot Investment Zones:</strong> {{ $json.result.heatmapSummary.hotZones }}</p>\\n            </div>\\n            <div>\\n                <p><strong>Cold Zones to Avoid:</strong> {{ $json.result.heatmapSummary.coldZones }}</p>\\n                <p><strong>Average ROI:</strong> {{ $json.result.heatmapSummary.averageROI }}%</p>\\n            </div>\\n            <div>\\n                <p><strong>Top Performing Area:</strong> {{ $json.result.heatmapSummary.topPerformingArea }}</p>\\n                <p><strong>Confidence Level:</strong> {{ $json.confidenceLevel }}</p>\\n            </div>\\n        </div>\\n    </div>\\n    \\n    <div style=\\\"background: #e8f5e8; border: 2px solid #27ae60; padding: 15px; border-radius: 8px; margin: 15px 0;\\\">\\n        <h4>🟢 Excellent Opportunities</h4>\\n        <p><strong>Investment Grade:</strong> {{ $json.result.investmentZones.excellentOpportunities.characteristics.investmentGrade }}</p>\\n        <p><strong>Average ROI:</strong> {{ $json.result.investmentZones.excellentOpportunities.characteristics.avgROI }}%</p>\\n        <p><strong>Risk Level:</strong> {{ $json.result.investmentZones.excellentOpportunities.characteristics.riskLevel }}</p>\\n        <p><strong>Key Areas:</strong> {{ $json.result.investmentZones.excellentOpportunities.areas.join(', ') }}</p>\\n    </div>\\n    \\n    <div style=\\\"background: #fff3cd; border: 1px solid #ffc107; padding: 20px; border-radius: 8px; margin: 20px 0;\\\">\\n        <h3>⚡ Immediate Investment Opportunities</h3>\\n        {{ $json.result.investmentRecommendations.immediateOpportunities.map(opp => `\\n            <div style=\\\"background: white; padding: 15px; border-radius: 5px; margin: 10px 0; border-left: 4px solid #28a745;\\\">\\n                <h4>${opp.area}</h4>\\n                <p><strong>Opportunity:</strong> ${opp.opportunity}</p>\\n                <p><strong>Expected ROI:</strong> ${opp.expectedROI}</p>\\n                <p><strong>Timeline:</strong> ${opp.timeline}</p>\\n                <p><strong>Reasoning:</strong> ${opp.reasoning}</p>\\n            </div>\\n        `).join('') }}\\n    </div>\\n    \\n    <div style=\\\"background: #f8f9fa; padding: 20px; border-radius: 8px; margin: 20px 0;\\\">\\n        <h3>📋 Heatmap Details</h3>\\n        <p><strong>Heatmap ID:</strong> {{ $json.heatmapId }}</p>\\n        <p><strong>Property Types:</strong> {{ $json.propertyTypes?.join(', ') || 'All Types' }}</p>\\n        <p><strong>Analysis Period:</strong> {{ $json.timePeriod || 'Current Market' }}</p>\\n        <p><strong>Visualization Style:</strong> {{ $json.visualizationStyle || 'Standard' }}</p>\\n        <p><strong>Data Freshness:</strong> {{ $json.dataFreshness }}</p>\\n    </div>\\n    \\n    <p>This investment heatmap provides visual analysis of real estate opportunities across the specified geographic area.</p>\\n    \\n    <p>Best regards,<br>Property Analytics Team</p>\\n</div>\\n</body>\\n</html>",
        "options": {}
      },
      "id": "f6a7b8c9-abcd-ef01-2345-6789abcdef01",
      "name": "Send Heatmap Report",
      "type": "n8n-nodes-base.gmail",
      "typeVersion": 2.1,
      "position": [680, 300]
    }
  ],
  "connections": {
    "Heatmap Generator Trigger": {
      "main": [
        [
          {
            "node": "Process Heatmap Generation",
            "type": "main",
            "index": 0
          }
        ]
      ]
    },
    "Process Heatmap Generation": {
      "main": [
        [
          {
            "node": "Send Heatmap Report",
            "type": "main",
            "index": 0
          }
        ]
      ]
    }
  }
}
