{
  "name": "Off-Market Deal Hunter",
  "nodes": [
    {
      "parameters": {
        "httpMethod": "POST",
        "path": "deal-hunter",
        "responseMode": "responseNode",
        "options": {}
      },
      "id": "a1b2c3d4-5678-9abc-def0-123456789abc",
      "name": "Deal Hunter Trigger",
      "type": "n8n-nodes-base.webhook",
      "typeVersion": 1,
      "position": [240, 300],
      "webhookId": "deal-hunter-webhook"
    },
    {
      "parameters": {
        "jsCode": "// Off-Market Deal Hunter\nconst dealData = $input.first().json;\nconst searchId = `search_${Date.now()}_${Math.random().toString(36).substr(2, 9)}`;\n\nasync function processDealHunting(data) {\n  return {\n    searchId,\n    searchCriteria: data.search_criteria || 'all_deal_types',\n    location: data.location || 'Metro Area',\n    propertyType: data.property_type || 'All Types',\n    priceRange: data.price_range || 'All Ranges',\n    targetROI: data.target_roi || 15,\n    generatedDate: new Date().toISOString(),\n    searchStatus: 'Active',\n    dealsFound: 247,\n    result: {\n      searchSummary: {\n        location: data.location || 'Metro Area',\n        propertyType: data.property_type || 'All Types',\n        totalDealsFound: 247,\n        qualifiedDeals: 89,\n        averageROI: 16.8,\n        averageDiscount: 22.5,\n        topDealROI: 34.2,\n        lastUpdated: new Date().toISOString()\n      },\n      dealCategories: {\n        hotDeals: {\n          count: 12,\n          averageROI: 28.5,\n          averageDiscount: 35.2,\n          characteristics: [\n            'Immediate availability',\n            'High ROI potential',\n            'Motivated sellers',\n            'Below market pricing',\n            'Quick closing possible'\n          ],\n          deals: [\n            {\n              dealId: 'HOT001',\n              address: '123 Investment Ave',\n              type: 'Single Family',\n              listPrice: 180000,\n              estimatedValue: 245000,\n              expectedROI: 34.2,\n              discount: 26.5,\n              source: 'Wholesaler Network',\n              timeframe: '7 days',\n              highlights: ['Motivated seller', 'Quick closing', 'Move-in ready']\n            },\n            {\n              dealId: 'HOT002',\n              address: '456 Opportunity St',\n              type: 'Duplex',\n              listPrice: 220000,\n              estimatedValue: 285000,\n              expectedROI: 29.5,\n              discount: 22.8,\n              source: 'Direct Marketing',\n              timeframe: '14 days',\n              highlights: ['Cash flow positive', 'Good neighborhood', 'Recently updated']\n            }\n          ]\n        },\n        distressedProperties: {\n          count: 45,\n          averageROI: 24.1,\n          averageDiscount: 28.7,\n          characteristics: [\n            'Below market value',\n            'Motivated sellers',\n            'Potential for value-add',\n            'Fast acquisition possible',\n            'Negotiation opportunities'\n          ]\n        },\n        wholesalerDeals: {\n          count: 67,\n          averageROI: 18.9,\n          averageDiscount: 20.3,\n          characteristics: [\n            'Pre-screened properties',\n            'Assignment contracts',\n            'Quick closings',\n            'Established deal flow',\n            'Network relationships'\n          ]\n        },\n        auctionOpportunities: {\n          count: 34,\n          averageROI: 15.2,\n          averageDiscount: 18.5,\n          characteristics: [\n            'Competitive bidding',\n            'Inspection opportunities',\n            'Clear title process',\n            'Immediate possession',\n            'Bulk purchase options'\n          ]\n        }\n      },\n      recommendations: {\n        priorityDeals: [\n          {\n            priority: 'High',\n            dealId: 'PRI001',\n            reason: 'Exceptional ROI potential with quick closing',\n            action: 'Schedule immediate viewing and prepare offer',\n            timeline: '24-48 hours'\n          },\n          {\n            priority: 'High',\n            dealId: 'PRI002',\n            reason: 'Motivated seller with flexible terms',\n            action: 'Initiate direct negotiation',\n            timeline: '3-5 days'\n          }\n        ],\n        actionItems: [\n          'Follow up on 5 pending wholesaler deals within 24 hours',\n          'Submit bids on 3 upcoming auction properties',\n          'Contact 8 new wholesaler prospects this week',\n          'Review and update deal criteria based on market changes',\n          'Schedule site visits for top 6 qualified properties'\n        ]\n      }\n    }\n  };\n}\n\nconst dealResult = await processDealHunting(dealData);\nreturn [{ json: dealResult }];"
      },
      "id": "d4e5f6a7-89ab-cdef-0123-456789abcdef",
      "name": "Process Deal Hunting",
      "type": "n8n-nodes-base.code",
      "typeVersion": 2,
      "position": [460, 300]
    },
    {
      "parameters": {
        "resource": "email",
        "operation": "send",
        "toEmail": "deals@company.com",
        "subject": "🎯 Off-Market Deal Alert: {{ $json.result.searchSummary.totalDealsFound }} Properties Found - {{ new Date().toLocaleDateString() }}",
        "emailType": "html",
        "message": "<!DOCTYPE html>\\n<html>\\n<body>\\n<div style=\\\"background: white; padding: 30px; border-radius: 10px;\\\">\\n    <div style=\\\"background: linear-gradient(135deg, #28a745, #20c997); color: white; padding: 20px; text-align: center; border-radius: 8px; margin-bottom: 20px;\\\">\\n        <h1>🎯 Off-Market Deal Hunter Results</h1>\\n        <h2>{{ $json.location }} - {{ $json.propertyType }}</h2>\\n        <p>Search: {{ $json.searchCriteria }} | Found: {{ $json.result.searchSummary.totalDealsFound }} deals</p>\\n    </div>\\n    \\n    <div style=\\\"background: #e8f5e8; border: 1px solid #28a745; padding: 20px; border-radius: 8px; margin: 20px 0;\\\">\\n        <h3>📊 Search Summary</h3>\\n        <div style=\\\"display: grid; grid-template-columns: 1fr 1fr 1fr; gap: 20px;\\\">\\n            <div>\\n                <p><strong>Total Deals Found:</strong> {{ $json.result.searchSummary.totalDealsFound }}</p>\\n                <p><strong>Qualified Deals:</strong> {{ $json.result.searchSummary.qualifiedDeals }}</p>\\n            </div>\\n            <div>\\n                <p><strong>Average ROI:</strong> {{ $json.result.searchSummary.averageROI }}%</p>\\n                <p><strong>Average Discount:</strong> {{ $json.result.searchSummary.averageDiscount }}%</p>\\n            </div>\\n            <div>\\n                <p><strong>Top Deal ROI:</strong> {{ $json.result.searchSummary.topDealROI }}%</p>\\n                <p><strong>Target ROI:</strong> {{ $json.targetROI }}%</p>\\n            </div>\\n        </div>\\n    </div>\\n    \\n    <h3>🔥 Hot Deals - Immediate Action Required</h3>\\n    {{ $json.result.dealCategories.hotDeals.deals.map(deal => `\\n        <div style=\\\"background: #ffe6e6; border: 1px solid #dc3545; padding: 15px; border-radius: 8px; margin: 10px 0;\\\">\\n            <h4>${deal.dealId}: ${deal.address}</h4>\\n            <div style=\\\"display: grid; grid-template-columns: 1fr 1fr 1fr; gap: 15px;\\\">\\n                <div>\\n                    <p><strong>Type:</strong> ${deal.type}</p>\\n                    <p><strong>List Price:</strong> $${deal.listPrice.toLocaleString()}</p>\\n                    <p><strong>Est. Value:</strong> $${deal.estimatedValue.toLocaleString()}</p>\\n                </div>\\n                <div>\\n                    <p><strong>Expected ROI:</strong> ${deal.expectedROI}%</p>\\n                    <p><strong>Discount:</strong> ${deal.discount}%</p>\\n                    <p><strong>Source:</strong> ${deal.source}</p>\\n                </div>\\n                <div>\\n                    <p><strong>Timeframe:</strong> ${deal.timeframe}</p>\\n                    <p><strong>Highlights:</strong> ${deal.highlights.join(', ')}</p>\\n                </div>\\n            </div>\\n        </div>\\n    `).join('') }}\\n    \\n    <div style=\\\"background: #fff3cd; border: 1px solid #ffc107; padding: 20px; border-radius: 8px; margin: 20px 0;\\\">\\n        <h3>⚡ Priority Actions</h3>\\n        <ol>\\n            {{ $json.result.recommendations.actionItems.map(action => `<li>${action}</li>`).join('') }}\\n        </ol>\\n    </div>\\n    \\n    <h3>📈 Deal Categories Overview</h3>\\n    <div style=\\\"display: grid; grid-template-columns: 1fr 1fr 1fr; gap: 20px;\\\">\\n        <div style=\\\"background: #f8f9fa; padding: 15px; border-radius: 8px; border-left: 4px solid #28a745;\\\">\\n            <h4>🏚️ Distressed Properties</h4>\\n            <p><strong>Count:</strong> {{ $json.result.dealCategories.distressedProperties.count }}</p>\\n            <p><strong>Avg ROI:</strong> {{ $json.result.dealCategories.distressedProperties.averageROI }}%</p>\\n            <p><strong>Avg Discount:</strong> {{ $json.result.dealCategories.distressedProperties.averageDiscount }}%</p>\\n        </div>\\n        \\n        <div style=\\\"background: #f8f9fa; padding: 15px; border-radius: 8px; border-left: 4px solid #17a2b8;\\\">\\n            <h4>🤝 Wholesaler Deals</h4>\\n            <p><strong>Count:</strong> {{ $json.result.dealCategories.wholesalerDeals.count }}</p>\\n            <p><strong>Avg ROI:</strong> {{ $json.result.dealCategories.wholesalerDeals.averageROI }}%</p>\\n            <p><strong>Avg Discount:</strong> {{ $json.result.dealCategories.wholesalerDeals.averageDiscount }}%</p>\\n        </div>\\n        \\n        <div style=\\\"background: #f8f9fa; padding: 15px; border-radius: 8px; border-left: 4px solid #ffc107;\\\">\\n            <h4>🔨 Auction Opportunities</h4>\\n            <p><strong>Count:</strong> {{ $json.result.dealCategories.auctionOpportunities.count }}</p>\\n            <p><strong>Avg ROI:</strong> {{ $json.result.dealCategories.auctionOpportunities.averageROI }}%</p>\\n            <p><strong>Avg Discount:</strong> {{ $json.result.dealCategories.auctionOpportunities.averageDiscount }}%</p>\\n        </div>\\n    </div>\\n    \\n    <div style=\\\"background: #f8f9fa; padding: 20px; border-radius: 8px; margin: 20px 0;\\\">\\n        <h3>📋 Search Details</h3>\\n        <p><strong>Search ID:</strong> {{ $json.searchId }}</p>\\n        <p><strong>Search Criteria:</strong> {{ $json.searchCriteria }}</p>\\n        <p><strong>Price Range:</strong> {{ $json.priceRange || 'All Ranges' }}</p>\\n        <p><strong>Search Status:</strong> {{ $json.searchStatus }}</p>\\n        <p><strong>Generated:</strong> {{ new Date($json.generatedDate).toLocaleDateString() }}</p>\\n    </div>\\n    \\n    <p>This deal hunting report provides comprehensive analysis of off-market opportunities matching your investment criteria.</p>\\n    \\n    <p>Best regards,<br>Deal Hunter Team</p>\\n</div>\\n</body>\\n</html>",
        "options": {}
      },
      "id": "f6a7b8c9-abcd-ef01-2345-6789abcdef01",
      "name": "Send Deal Alert",
      "type": "n8n-nodes-base.gmail",
      "typeVersion": 2.1,
      "position": [680, 300]
    }
  ],
  "connections": {
    "Deal Hunter Trigger": {
      "main": [
        [
          {
            "node": "Process Deal Hunting",
            "type": "main",
            "index": 0
          }
        ]
      ]
    },
    "Process Deal Hunting": {
      "main": [
        [
          {
            "node": "Send Deal Alert",
            "type": "main",
            "index": 0
          }
        ]
      ]
    }
  }
}
