{
  "name": "ROI Projection Simulator",
  "nodes": [
    {
      "parameters": {
        "httpMethod": "POST",
        "path": "roi-simulator",
        "responseMode": "responseNode",
        "options": {}
      },
      "id": "a1b2c3d4-5678-9abc-def0-123456789abc",
      "name": "ROI Simulator Trigger",
      "type": "n8n-nodes-base.webhook",
      "typeVersion": 1,
      "position": [240, 300],
      "webhookId": "roi-simulator-webhook"
    },
    {
      "parameters": {
        "jsCode": "// ROI Projection Simulator\nconst simulationData = $input.first().json;\nconst simulationId = `sim_${Date.now()}_${Math.random().toString(36).substr(2, 9)}`;\n\nasync function processROISimulation(data) {\n  return {\n    simulationId,\n    propertyAddress: data.property_address || '123 Sample Property St',\n    purchasePrice: data.purchase_price || 300000,\n    simulationScenarios: data.simulation_scenarios || 'comprehensive',\n    holdPeriod: data.hold_period || 10,\n    generatedDate: new Date().toISOString(),\n    simulationStatus: 'Complete',\n    confidence: 'High',\n    result: {\n      simulationSummary: {\n        propertyAddress: data.property_address || '123 Sample Property St',\n        purchasePrice: data.purchase_price || 300000,\n        downPayment: (data.purchase_price || 300000) * 0.25,\n        loanAmount: (data.purchase_price || 300000) * 0.75,\n        totalCashInvested: 90000,\n        holdPeriod: data.hold_period || 10,\n        projectedSalePrice: 420000,\n        totalReturn: 245000,\n        annualizedReturn: 18.5,\n        lastUpdated: new Date().toISOString()\n      },\n      keyMetrics: {\n        capRate: 7.2,\n        cashOnCashReturn: 12.8,\n        totalROI: 156.7,\n        irr: 19.3,\n        npv: 187500,\n        paybackPeriod: 6.2,\n        equityMultiple: 2.8,\n        dscr: 1.42,\n        cocReturn: 12.8,\n        leveragedReturn: 24.6\n      },\n      cashFlowProjections: {\n        year1: {\n          grossRent: 36000,\n          operatingExpenses: 14400,\n          netOperatingIncome: 21600,\n          debtService: 16200,\n          beforeTaxCashFlow: 5400,\n          afterTaxCashFlow: 4320\n        },\n        year5: {\n          grossRent: 42000,\n          operatingExpenses: 16800,\n          netOperatingIncome: 25200,\n          debtService: 16200,\n          beforeTaxCashFlow: 9000,\n          afterTaxCashFlow: 7200\n        },\n        year10: {\n          grossRent: 48000,\n          operatingExpenses: 19200,\n          netOperatingIncome: 28800,\n          debtService: 16200,\n          beforeTaxCashFlow: 12600,\n          afterTaxCashFlow: 10080\n        },\n        cumulativeCashFlow: 85000,\n        averageAnnualCashFlow: 8500,\n        totalCashFlowGenerated: 85000\n      },\n      riskAssessment: {\n        marketRisk: {\n          level: 'Low',\n          factors: ['Stable market conditions', 'Strong demand'],\n          mitigation: 'Diversified location portfolio',\n          impact: 'Minimal'\n        },\n        liquidityRisk: {\n          level: 'Low',\n          timeToSell: '3-6 months',\n          marketConditions: 'Favorable',\n          strategies: ['Multiple exit options', 'Strong rental backup']\n        },\n        creditRisk: {\n          level: 'Low',\n          debtServiceCoverage: 1.42,\n          interestRateRisk: 'Managed with fixed rate',\n          refinancingRisk: 'Low with current equity'\n        },\n        operationalRisk: {\n          level: 'Medium',\n          vacancyRisk: 'Standard for market',\n          maintenanceRisk: 'Well-maintained property',\n          managementRisk: 'Professional management in place'\n        },\n        overallRiskRating: 'Low-Medium',\n        riskAdjustedReturn: 16.8,\n        recommendedReserves: 15000\n      },\n      scenarioAnalysis: {\n        conservativeScenario: {\n          assumptions: ['Lower appreciation', 'Higher vacancy', 'Conservative rent growth'],\n          projectedReturn: 14.5,\n          probability: 30,\n          keyRisks: ['Market downturn', 'Economic recession']\n        },\n        baseScenario: {\n          assumptions: ['Market appreciation', 'Standard vacancy', 'Normal rent growth'],\n          projectedReturn: 19.3,\n          probability: 50,\n          keyFactors: ['Stable economy', 'Population growth']\n        },\n        optimisticScenario: {\n          assumptions: ['Strong appreciation', 'Low vacancy', 'Above-average rent growth'],\n          projectedReturn: 25.2,\n          probability: 20,\n          catalysts: ['Major development', 'Infrastructure improvement']\n        },\n        stressTestScenario: {\n          assumptions: ['Market decline', 'High vacancy', 'Rent decrease'],\n          projectedReturn: 8.7,\n          worstCaseImpact: 'Negative cash flow for 2 years',\n          recoveryStrategies: ['Rent reduction', 'Property improvement', 'Refinancing']\n        }\n      },\n      recommendations: {\n        investmentDecision: {\n          recommendation: 'Strong Buy',\n          reasoning: 'Excellent returns with acceptable risk profile',\n          confidence: 'High',\n          expectedReturn: '19.3%'\n        },\n        optimizationStrategies: [\n          'Consider value-add improvements to increase rents',\n          'Monitor refinancing opportunities in years 3-5',\n          'Implement professional property management'\n        ],\n        riskMitigation: [\n          'Maintain adequate cash reserves',\n          'Consider rental income insurance',\n          'Regular property maintenance schedule'\n        ],\n        exitStrategies: [\n          'Hold for long-term appreciation and cash flow',\n          'Refinance to extract equity in year 5',\n          'Sell in year 10 during market peak'\n        ]\n      }\n    }\n  };\n}\n\nconst simulationResult = await processROISimulation(simulationData);\nreturn [{ json: simulationResult }];"
      },
      "id": "d4e5f6a7-89ab-cdef-0123-456789abcdef",
      "name": "Process ROI Simulation",
      "type": "n8n-nodes-base.code",
      "typeVersion": 2,
      "position": [460, 300]
    },
    {
      "parameters": {
        "resource": "email",
        "operation": "send",
        "toEmail": "analysis@company.com",
        "subject": "📈 ROI Projection Analysis: {{ $json.propertyAddress }} - {{ $json.result.keyMetrics.irr }}% IRR",
        "emailType": "html",
        "message": "<!DOCTYPE html>\\n<html>\\n<body>\\n<div style=\\\"background: white; padding: 30px; border-radius: 10px;\\\">\\n    <div style=\\\"background: linear-gradient(135deg, #007bff, #6610f2); color: white; padding: 20px; text-align: center; border-radius: 8px; margin-bottom: 20px;\\\">\\n        <h1>📈 ROI Projection Analysis</h1>\\n        <h2>{{ $json.propertyAddress }}</h2>\\n        <p>Purchase Price: ${{ $json.purchasePrice.toLocaleString() }} | Hold Period: {{ $json.holdPeriod }} years</p>\\n    </div>\\n    \\n    <div style=\\\"background: #e8f5e8; border: 1px solid #28a745; padding: 20px; border-radius: 8px; margin: 20px 0;\\\">\\n        <h3>🎯 Investment Decision</h3>\\n        <div style=\\\"display: grid; grid-template-columns: 1fr 1fr; gap: 20px;\\\">\\n            <div>\\n                <p><strong>Recommendation:</strong> {{ $json.result.recommendations.investmentDecision.recommendation }}</p>\\n                <p><strong>Confidence Level:</strong> {{ $json.result.recommendations.investmentDecision.confidence }}</p>\\n            </div>\\n            <div>\\n                <p><strong>Expected Return:</strong> {{ $json.result.recommendations.investmentDecision.expectedReturn }}</p>\\n                <p><strong>Reasoning:</strong> {{ $json.result.recommendations.investmentDecision.reasoning }}</p>\\n            </div>\\n        </div>\\n    </div>\\n    \\n    <h3>📊 Key Financial Metrics</h3>\\n    <div style=\\\"display: grid; grid-template-columns: 1fr 1fr 1fr; gap: 20px; margin: 20px 0;\\\">\\n        <div style=\\\"background: {{ $json.result.keyMetrics.irr > 15 ? '#e8f5e8' : $json.result.keyMetrics.irr > 12 ? '#fff3cd' : '#ffe6e6' }}; padding: 15px; border-radius: 8px; text-align: center; border-left: 4px solid {{ $json.result.keyMetrics.irr > 15 ? '#28a745' : $json.result.keyMetrics.irr > 12 ? '#ffc107' : '#dc3545' }};\\\">\\n            <h4>Internal Rate of Return</h4>\\n            <h3>{{ $json.result.keyMetrics.irr }}%</h3>\\n            <p>Annualized Return</p>\\n        </div>\\n        <div style=\\\"background: {{ $json.result.keyMetrics.capRate > 7 ? '#e8f5e8' : $json.result.keyMetrics.capRate > 6 ? '#fff3cd' : '#ffe6e6' }}; padding: 15px; border-radius: 8px; text-align: center; border-left: 4px solid {{ $json.result.keyMetrics.capRate > 7 ? '#28a745' : $json.result.keyMetrics.capRate > 6 ? '#ffc107' : '#dc3545' }};\\\">\\n            <h4>Cap Rate</h4>\\n            <h3>{{ $json.result.keyMetrics.capRate }}%</h3>\\n            <p>Year 1 NOI/Price</p>\\n        </div>\\n        <div style=\\\"background: {{ $json.result.keyMetrics.cashOnCashReturn > 10 ? '#e8f5e8' : $json.result.keyMetrics.cashOnCashReturn > 8 ? '#fff3cd' : '#ffe6e6' }}; padding: 15px; border-radius: 8px; text-align: center; border-left: 4px solid {{ $json.result.keyMetrics.cashOnCashReturn > 10 ? '#28a745' : $json.result.keyMetrics.cashOnCashReturn > 8 ? '#ffc107' : '#dc3545' }};\\\">\\n            <h4>Cash-on-Cash Return</h4>\\n            <h3>{{ $json.result.keyMetrics.cashOnCashReturn }}%</h3>\\n            <p>Year 1 Cash Return</p>\\n        </div>\\n    </div>\\n    \\n    <div style=\\\"display: grid; grid-template-columns: 1fr 1fr 1fr; gap: 20px; margin: 20px 0;\\\">\\n        <div style=\\\"background: #f8f9fa; padding: 15px; border-radius: 8px; text-align: center; border-left: 4px solid #007bff;\\\">\\n            <h4>Total ROI</h4>\\n            <h3>{{ $json.result.keyMetrics.totalROI }}%</h3>\\n            <p>Over {{ $json.holdPeriod }} Years</p>\\n        </div>\\n        <div style=\\\"background: #f8f9fa; padding: 15px; border-radius: 8px; text-align: center; border-left: 4px solid #007bff;\\\">\\n            <h4>Net Present Value</h4>\\n            <h3>${{ $json.result.keyMetrics.npv.toLocaleString() }}</h3>\\n            <p>Discounted Cash Flows</p>\\n        </div>\\n        <div style=\\\"background: #f8f9fa; padding: 15px; border-radius: 8px; text-align: center; border-left: 4px solid #007bff;\\\">\\n            <h4>Equity Multiple</h4>\\n            <h3>{{ $json.result.keyMetrics.equityMultiple }}x</h3>\\n            <p>Total Return Multiple</p>\\n        </div>\\n    </div>\\n    \\n    <div style=\\\"background: #e6f7ff; border: 1px solid #17a2b8; padding: 20px; border-radius: 8px; margin: 20px 0;\\\">\\n        <h3>💰 Cash Flow Projections</h3>\\n        <div style=\\\"display: grid; grid-template-columns: 1fr 1fr 1fr; gap: 20px;\\\">\\n            <div>\\n                <h4>Year 1</h4>\\n                <p><strong>NOI:</strong> ${{ $json.result.cashFlowProjections.year1.netOperatingIncome.toLocaleString() }}</p>\\n                <p><strong>Cash Flow:</strong> ${{ $json.result.cashFlowProjections.year1.beforeTaxCashFlow.toLocaleString() }}</p>\\n            </div>\\n            <div>\\n                <h4>Year 5</h4>\\n                <p><strong>NOI:</strong> ${{ $json.result.cashFlowProjections.year5.netOperatingIncome.toLocaleString() }}</p>\\n                <p><strong>Cash Flow:</strong> ${{ $json.result.cashFlowProjections.year5.beforeTaxCashFlow.toLocaleString() }}</p>\\n            </div>\\n            <div>\\n                <h4>Year 10</h4>\\n                <p><strong>NOI:</strong> ${{ $json.result.cashFlowProjections.year10.netOperatingIncome.toLocaleString() }}</p>\\n                <p><strong>Cash Flow:</strong> ${{ $json.result.cashFlowProjections.year10.beforeTaxCashFlow.toLocaleString() }}</p>\\n            </div>\\n        </div>\\n        <p><strong>Total Cash Flow Generated:</strong> ${{ $json.result.cashFlowProjections.totalCashFlowGenerated.toLocaleString() }}</p>\\n    </div>\\n    \\n    <div style=\\\"background: #fff3cd; border: 1px solid #ffc107; padding: 20px; border-radius: 8px; margin: 20px 0;\\\">\\n        <h3>⚠️ Risk Assessment</h3>\\n        <div style=\\\"display: grid; grid-template-columns: 1fr 1fr; gap: 20px;\\\">\\n            <div>\\n                <p><strong>Overall Risk Rating:</strong> {{ $json.result.riskAssessment.overallRiskRating }}</p>\\n                <p><strong>Market Risk:</strong> {{ $json.result.riskAssessment.marketRisk.level }}</p>\\n                <p><strong>Liquidity Risk:</strong> {{ $json.result.riskAssessment.liquidityRisk.level }}</p>\\n            </div>\\n            <div>\\n                <p><strong>Credit Risk:</strong> {{ $json.result.riskAssessment.creditRisk.level }}</p>\\n                <p><strong>Operational Risk:</strong> {{ $json.result.riskAssessment.operationalRisk.level }}</p>\\n                <p><strong>Risk-Adjusted Return:</strong> {{ $json.result.riskAssessment.riskAdjustedReturn }}%</p>\\n            </div>\\n        </div>\\n    </div>\\n    \\n    <div style=\\\"background: #f8f9fa; border: 1px solid #6c757d; padding: 20px; border-radius: 8px; margin: 20px 0;\\\">\\n        <h3>📋 Scenario Analysis</h3>\\n        <div style=\\\"display: grid; grid-template-columns: 1fr 1fr; gap: 20px;\\\">\\n            <div>\\n                <h4>Conservative Scenario</h4>\\n                <p><strong>Return:</strong> {{ $json.result.scenarioAnalysis.conservativeScenario.projectedReturn }}%</p>\\n                <p><strong>Probability:</strong> {{ $json.result.scenarioAnalysis.conservativeScenario.probability }}%</p>\\n            </div>\\n            <div>\\n                <h4>Optimistic Scenario</h4>\\n                <p><strong>Return:</strong> {{ $json.result.scenarioAnalysis.optimisticScenario.projectedReturn }}%</p>\\n                <p><strong>Probability:</strong> {{ $json.result.scenarioAnalysis.optimisticScenario.probability }}%</p>\\n            </div>\\n        </div>\\n    </div>\\n    \\n    <div style=\\\"background: #f8f9fa; padding: 20px; border-radius: 8px; margin: 20px 0;\\\">\\n        <h3>📋 Simulation Details</h3>\\n        <p><strong>Simulation ID:</strong> {{ $json.simulationId }}</p>\\n        <p><strong>Scenarios Analyzed:</strong> {{ $json.simulationScenarios || 'Comprehensive' }}</p>\\n        <p><strong>Simulation Status:</strong> {{ $json.simulationStatus }}</p>\\n        <p><strong>Confidence Level:</strong> {{ $json.confidence }}</p>\\n        <p><strong>Generated:</strong> {{ new Date($json.generatedDate).toLocaleDateString() }}</p>\\n    </div>\\n    \\n    <p>This ROI projection analysis provides comprehensive financial modeling for informed investment decisions.</p>\\n    \\n    <p>Best regards,<br>Financial Analysis Team</p>\\n</div>\\n</body>\\n</html>",
        "options": {}
      },
      "id": "f6a7b8c9-abcd-ef01-2345-6789abcdef01",
      "name": "Send ROI Report",
      "type": "n8n-nodes-base.gmail",
      "typeVersion": 2.1,
      "position": [680, 300]
    }
  ],
  "connections": {
    "ROI Simulator Trigger": {
      "main": [
        [
          {
            "node": "Process ROI Simulation",
            "type": "main",
            "index": 0
          }
        ]
      ]
    },
    "Process ROI Simulation": {
      "main": [
        [
          {
            "node": "Send ROI Report",
            "type": "main",
            "index": 0
          }
        ]
      ]
    }
  }
}
