{
  "name": "Deal Alert System",
  "nodes": [
    {
      "parameters": {
        "httpMethod": "POST",
        "path": "deal-alerts",
        "responseMode": "responseNode",
        "options": {}
      },
      "id": "a1b2c3d4-5678-9abc-def0-123456789abc",
      "name": "Deal Alert Trigger",
      "type": "n8n-nodes-base.webhook",
      "typeVersion": 1,
      "position": [240, 300],
      "webhookId": "deal-alert-webhook"
    },
    {
      "parameters": {
        "jsCode": "// Deal Alert System\nconst alertData = $input.first().json;\nconst alertId = `alert_${Date.now()}_${Math.random().toString(36).substr(2, 9)}`;\n\nasync function processDealAlert(data) {\n  return {\n    alertId,\n    location: data.location || 'Metro Area',\n    propertyTypes: data.property_types || ['All Types'],\n    priceRange: data.price_range || 'All Ranges',\n    roiThreshold: data.roi_threshold || 15,\n    alertCriteria: data.alert_criteria || 'comprehensive',\n    urgencyLevel: data.urgency_level || 'medium',\n    dealsFound: 23,\n    generatedDate: new Date().toISOString(),\n    result: {\n      alertSummary: {\n        alertId: alertId,\n        location: data.location || 'Metro Area',\n        propertyTypes: data.property_types || ['All Types'],\n        priceRange: data.price_range || 'All Ranges',\n        roiThreshold: data.roi_threshold || 15,\n        alertCriteria: data.alert_criteria || 'comprehensive',\n        dealsFound: 23,\n        highPriorityDeals: 5,\n        urgencyLevel: data.urgency_level || 'medium',\n        lastUpdated: new Date().toISOString()\n      },\n      \n      matchingDeals: {\n        total: 23,\n        hot: 5,\n        good: 12,\n        watchlist: 6\n      },\n      \n      alertDetails: {\n        immediate: [\n          {\n            dealId: 'ALERT001',\n            address: '123 Opportunity Ave',\n            type: 'Single Family',\n            price: 285000,\n            estimatedROI: 24.5,\n            urgency: 'High - expires in 24 hours'\n          },\n          {\n            dealId: 'ALERT002', \n            address: '456 Investment St',\n            type: 'Duplex',\n            price: 320000,\n            estimatedROI: 22.8,\n            urgency: 'High - multiple offers expected'\n          }\n        ],\n        review: [\n          {\n            dealId: 'REV001',\n            address: '789 Potential Ln',\n            type: 'Townhome',\n            price: 295000,\n            estimatedROI: 18.2,\n            notes: 'Good fundamentals, requires inspection'\n          }\n        ],\n        watchlist: [\n          {\n            dealId: 'WATCH001',\n            address: '321 Future Rd',\n            type: 'Condo',\n            price: 265000,\n            estimatedROI: 16.5,\n            status: 'Monitoring for price changes'\n          }\n        ],\n        updates: [\n          'Market conditions remain favorable',\n          'New listings increased 15% this week',\n          'Average days on market decreased to 22 days'\n        ]\n      },\n      \n      notifications: {\n        emailSent: true,\n        smsSent: data.urgency_level === 'high',\n        slackNotification: true,\n        dashboardUpdate: true,\n        recipientsNotified: 3\n      }\n    }\n  };\n}\n\nconst alertResult = await processDealAlert(alertData);\nreturn [{ json: alertResult }];"
      },
      "id": "d4e5f6a7-89ab-cdef-0123-456789abcdef",
      "name": "Process Deal Alerts",
      "type": "n8n-nodes-base.code",
      "typeVersion": 2,
      "position": [460, 300]
    },
    {
      "parameters": {
        "resource": "email",
        "operation": "send",
        "toEmail": "alerts@company.com",
        "subject": "🚨 DEAL ALERT: {{ $json.result.alertSummary.dealsFound }} New Opportunities in {{ $json.result.alertSummary.location }}",
        "emailType": "html",
        "message": "<!DOCTYPE html>\\n<html>\\n<body>\\n<div style=\\\"background: white; padding: 30px; border-radius: 10px;\\\">\\n    <div style=\\\"background: linear-gradient(135deg, #dc3545, #fd7e14); color: white; padding: 20px; text-align: center; border-radius: 8px; margin-bottom: 20px;\\\">\\n        <h1>🚨 DEAL ALERT</h1>\\n        <h2>{{ $json.result.alertSummary.dealsFound }} New Opportunities Found</h2>\\n        <p>Location: {{ $json.result.alertSummary.location }} | ROI Threshold: {{ $json.result.alertSummary.roiThreshold }}%</p>\\n    </div>\\n    \\n    <div style=\\\"background: #ffe6e6; border: 1px solid #dc3545; padding: 20px; border-radius: 8px; margin: 20px 0;\\\">\\n        <h3>⚡ HIGH PRIORITY DEALS ({{ $json.result.alertSummary.highPriorityDeals }})</h3>\\n        <p>Immediate action required - these deals match your criteria perfectly!</p>\\n        {{ $json.result.alertDetails.immediate.map(deal => `\\n            <div style=\\\"background: white; padding: 15px; border-radius: 5px; margin: 10px 0; border-left: 4px solid #dc3545;\\\">\\n                <h4>${deal.dealId}: ${deal.address}</h4>\\n                <p><strong>Type:</strong> ${deal.type} | <strong>Price:</strong> $${deal.price.toLocaleString()} | <strong>ROI:</strong> ${deal.estimatedROI}%</p>\\n                <p><strong>Urgency:</strong> ${deal.urgency}</p>\\n            </div>\\n        `).join('') }}\\n    </div>\\n    \\n    <div style=\\\"background: #fff3cd; border: 1px solid #ffc107; padding: 20px; border-radius: 8px; margin: 20px 0;\\\">\\n        <h3>📊 Alert Summary</h3>\\n        <p><strong>Total Matches:</strong> {{ $json.result.matchingDeals.total }}</p>\\n        <p><strong>Hot Deals:</strong> {{ $json.result.matchingDeals.hot }}</p>\\n        <p><strong>Good Deals:</strong> {{ $json.result.matchingDeals.good }}</p>\\n        <p><strong>Watchlist:</strong> {{ $json.result.matchingDeals.watchlist }}</p>\\n    </div>\\n    \\n    <div style=\\\"background: #f8f9fa; padding: 20px; border-radius: 8px; margin: 20px 0;\\\">\\n        <h3>📋 Alert Details</h3>\\n        <p><strong>Alert ID:</strong> {{ $json.alertId }}</p>\\n        <p><strong>Alert Criteria:</strong> {{ $json.alertCriteria }}</p>\\n        <p><strong>Urgency Level:</strong> {{ $json.urgencyLevel }}</p>\\n        <p><strong>Generated:</strong> {{ new Date($json.generatedDate).toLocaleDateString() }}</p>\\n    </div>\\n    \\n    <p>Best regards,<br>Deal Alert System</p>\\n</div>\\n</body>\\n</html>",
        "options": {}
      },
      "id": "f6a7b8c9-abcd-ef01-2345-6789abcdef01",
      "name": "Send Alert Email",
      "type": "n8n-nodes-base.gmail",
      "typeVersion": 2.1,
      "position": [680, 300]
    }
  ],
  "connections": {
    "Deal Alert Trigger": {
      "main": [
        [
          {
            "node": "Process Deal Alerts",
            "type": "main",
            "index": 0
          }
        ]
      ]
    },
    "Process Deal Alerts": {
      "main": [
        [
          {
            "node": "Send Alert Email",
            "type": "main",
            "index": 0
          }
        ]
      ]
    }
  }
}
