{
  "name": "Property Valuation Engine",
  "nodes": [
    {
      "parameters": {
        "httpMethod": "POST",
        "path": "property-valuation",
        "responseMode": "responseNode",
        "options": {}
      },
      "id": "a1b2c3d4-5678-9abc-def0-123456789abc",
      "name": "Valuation Engine Trigger",
      "type": "n8n-nodes-base.webhook",
      "typeVersion": 1,
      "position": [
        240,
        300
      ],
      "webhookId": "property-valuation-webhook"
    },
    {
      "parameters": {
        "jsCode": "// Property Valuation Engine\nconst valuationData = $input.first().json;\nconst valuationId = `val_${Date.now()}_${Math.random().toString(36).substr(2, 9)}`;\n\nasync function processPropertyValuation(data) {\n  return {\n    valuationId,\n    propertyAddress: data.property_address || '123 Sample Property St',\n    propertyType: data.property_type || 'Single Family',\n    squareFootage: data.square_footage || 1500,\n    generatedDate: new Date().toISOString(),\n    result: {\n      valuationSummary: {\n        valuationId: valuationId,\n        propertyAddress: data.property_address || '123 Sample Property St',\n        propertyType: data.property_type || 'Single Family',\n        estimatedValue: 285000,\n        confidenceLevel: 85,\n        valuationMethods: data.valuation_methods || ['CMA', 'Income', 'Cost'],\n        lastUpdated: new Date().toISOString()\n      },\n      \n      valuationMethods: {\n        comparativeMarketAnalysis: {\n          value: 288000,\n          confidence: 90,\n          comparables: [\n            { address: '123 Similar St', price: 275000, sqft: 1480, sold: '2024-01-15' },\n            { address: '456 Comp Ave', price: 295000, sqft: 1620, sold: '2024-02-08' },\n            { address: '789 Market Ln', price: 285000, sqft: 1550, sold: '2024-02-20' }\n          ],\n          adjustments: {\n            sizeAdjustment: 2500,\n            conditionAdjustment: -1500,\n            locationAdjustment: 3000,\n            marketTrendAdjustment: 1500\n          }\n        },\n        incomeApproach: {\n          value: 280000,\n          confidence: 80,\n          capRate: 6.8,\n          grossRentMultiplier: 140,\n          monthlyRent: 2100,\n          annualIncome: 25200,\n          operatingExpenses: 8064,\n          netOperatingIncome: 17136\n        },\n        costApproach: {\n          value: 290000,\n          confidence: 75,\n          replacementCost: 310000,\n          landValue: 75000,\n          depreciationAmount: 25000,\n          costPerSqft: 185,\n          totalImprovement: 235000\n        }\n      },\n      \n      marketAnalysis: {\n        pricePerSquareFoot: 185,\n        marketTrends: 'Appreciating',\n        daysOnMarket: 28,\n        absorption: 85,\n        competitivePricing: 'Market Rate',\n        seasonalFactors: 'Spring market boost expected',\n        localMarketConditions: 'Strong seller market'\n      },\n      \n      propertyDetails: {\n        basicInfo: {\n          address: data.property_address || '123 Sample Property St',\n          type: data.property_type || 'Single Family',\n          squareFootage: data.square_footage || 1500,\n          bedrooms: data.bedrooms || 3,\n          bathrooms: data.bathrooms || 2,\n          yearBuilt: data.year_built || 1995,\n          lotSize: data.lot_size || 0.25\n        },\n        condition: {\n          overall: data.condition || 'Good',\n          roof: 'Good',\n          foundation: 'Excellent',\n          hvac: 'Fair',\n          plumbing: 'Good',\n          electrical: 'Good'\n        },\n        features: {\n          garage: '2-car attached',\n          basement: 'Finished',\n          fireplace: true,\n          pool: false,\n          deck: 'Rear deck'\n        }\n      },\n      \n      riskFactors: {\n        marketRisk: 'Low',\n        liquidityRisk: 'Low',\n        structuralRisk: 'Low',\n        environmentalRisk: 'None identified',\n        legalRisk: 'None identified',\n        overallRiskRating: 'Low'\n      },\n      \n      recommendations: {\n        listingPriceRange: {\n          low: 275000,\n          high: 295000,\n          optimal: 285000\n        },\n        marketingStrategy: 'Price competitively at market value',\n        timingRecommendation: 'List immediately to capture spring market',\n        improvementSuggestions: [\n          'Minor cosmetic updates could add $5,000-$8,000 value',\n          'HVAC maintenance recommended before listing',\n          'Professional staging recommended'\n        ],\n        negotiationPoints: [\n          'Strong comparable sales support asking price',\n          'Good condition reduces buyer inspection concerns',\n          'Desirable neighborhood with strong demand'\n        ]\n      }\n    }\n  };\n}\n\nconst valuationResult = await processPropertyValuation(valuationData);\nreturn [{ json: valuationResult }];"
      },
      "id": "d4e5f6a7-89ab-cdef-0123-456789abcdef",
      "name": "Process Valuation",
      "type": "n8n-nodes-base.code",
      "typeVersion": 2,
      "position": [
        460,
        300
      ]
    },
    {
      "parameters": {
        "resource": "email",
        "operation": "send",
        "toEmail": "valuation@company.com",
        "subject": "🏠 Property Valuation Report: {{ $json.result.valuationSummary.propertyAddress }} - ${{ $json.result.valuationSummary.estimatedValue.toLocaleString() }}",
        "emailType": "html",
        "message": "<!DOCTYPE html>\\n<html>\\n<body>\\n<div style=\\\"background: white; padding: 30px; border-radius: 10px;\\\">\\n    <div style=\\\"background: linear-gradient(135deg, #17a2b8, #007bff); color: white; padding: 20px; text-align: center; border-radius: 8px; margin-bottom: 20px;\\\">\\n        <h1>🏠 Property Valuation Report</h1>\\n        <h2>{{ $json.result.valuationSummary.propertyAddress }}</h2>\\n        <p>Estimated Value: ${{ $json.result.valuationSummary.estimatedValue.toLocaleString() }}</p>\\n    </div>\\n    \\n    <div style=\\\"background: #e6f7ff; border: 1px solid #17a2b8; padding: 20px; border-radius: 8px; margin: 20px 0;\\\">\\n        <h3>📊 Valuation Methods</h3>\\n        <div style=\\\"display: grid; grid-template-columns: 1fr 1fr 1fr; gap: 20px;\\\">\\n            <div>\\n                <h4>Comparable Market Analysis</h4>\\n                <p><strong>Value:</strong> ${{ $json.result.valuationMethods.comparativeMarketAnalysis.value.toLocaleString() }}</p>\\n                <p><strong>Confidence:</strong> {{ $json.result.valuationMethods.comparativeMarketAnalysis.confidence }}%</p>\\n                <p><strong>Comparables Used:</strong> {{ $json.result.valuationMethods.comparativeMarketAnalysis.comparables.length }}</p>\\n            </div>\\n            <div>\\n                <h4>Income Approach</h4>\\n                <p><strong>Value:</strong> ${{ $json.result.valuationMethods.incomeApproach.value.toLocaleString() }}</p>\\n                <p><strong>Cap Rate:</strong> {{ $json.result.valuationMethods.incomeApproach.capRate }}%</p>\\n                <p><strong>Monthly Rent:</strong> ${{ $json.result.valuationMethods.incomeApproach.monthlyRent.toLocaleString() }}</p>\\n            </div>\\n            <div>\\n                <h4>Cost Approach</h4>\\n                <p><strong>Value:</strong> ${{ $json.result.valuationMethods.costApproach.value.toLocaleString() }}</p>\\n                <p><strong>Replacement Cost:</strong> ${{ $json.result.valuationMethods.costApproach.replacementCost.toLocaleString() }}</p>\\n                <p><strong>Land Value:</strong> ${{ $json.result.valuationMethods.costApproach.landValue.toLocaleString() }}</p>\\n            </div>\\n        </div>\\n    </div>\\n    \\n    <div style=\\\"background: #e8f5e8; border: 1px solid #28a745; padding: 20px; border-radius: 8px; margin: 20px 0;\\\">\\n        <h3>💰 Pricing Recommendations</h3>\\n        <div style=\\\"display: grid; grid-template-columns: 1fr 1fr 1fr; gap: 20px;\\\">\\n            <div>\\n                <p><strong>Low Range:</strong> ${{ $json.result.recommendations.listingPriceRange.low.toLocaleString() }}</p>\\n            </div>\\n            <div>\\n                <p><strong>Optimal Price:</strong> ${{ $json.result.recommendations.listingPriceRange.optimal.toLocaleString() }}</p>\\n            </div>\\n            <div>\\n                <p><strong>High Range:</strong> ${{ $json.result.recommendations.listingPriceRange.high.toLocaleString() }}</p>\\n            </div>\\n        </div>\\n        <p><strong>Strategy:</strong> {{ $json.result.recommendations.marketingStrategy }}</p>\\n        <p><strong>Timing:</strong> {{ $json.result.recommendations.timingRecommendation }}</p>\\n    </div>\\n    \\n    <div style=\\\"background: #fff3cd; border: 1px solid #ffc107; padding: 20px; border-radius: 8px; margin: 20px 0;\\\">\\n        <h3>🏠 Property Details</h3>\\n        <div style=\\\"display: grid; grid-template-columns: 1fr 1fr; gap: 20px;\\\">\\n            <div>\\n                <p><strong>Type:</strong> {{ $json.result.propertyDetails.basicInfo.type }}</p>\\n                <p><strong>Square Footage:</strong> {{ $json.result.propertyDetails.basicInfo.squareFootage.toLocaleString() }} sq ft</p>\\n                <p><strong>Bedrooms:</strong> {{ $json.result.propertyDetails.basicInfo.bedrooms }}</p>\\n                <p><strong>Bathrooms:</strong> {{ $json.result.propertyDetails.basicInfo.bathrooms }}</p>\\n            </div>\\n            <div>\\n                <p><strong>Year Built:</strong> {{ $json.result.propertyDetails.basicInfo.yearBuilt }}</p>\\n                <p><strong>Lot Size:</strong> {{ $json.result.propertyDetails.basicInfo.lotSize }} acres</p>\\n                <p><strong>Overall Condition:</strong> {{ $json.result.propertyDetails.condition.overall }}</p>\\n                <p><strong>Risk Rating:</strong> {{ $json.result.riskFactors.overallRiskRating }}</p>\\n            </div>\\n        </div>\\n    </div>\\n    \\n    <div style=\\\"background: #f8f9fa; padding: 20px; border-radius: 8px; margin: 20px 0;\\\">\\n        <h3>📋 Valuation Details</h3>\\n        <p><strong>Valuation ID:</strong> {{ $json.valuationId }}</p>\\n        <p><strong>Confidence Level:</strong> {{ $json.result.valuationSummary.confidenceLevel }}%</p>\\n        <p><strong>Price per Sq Ft:</strong> ${{ $json.result.marketAnalysis.pricePerSquareFoot }}</p>\\n        <p><strong>Market Trends:</strong> {{ $json.result.marketAnalysis.marketTrends }}</p>\\n        <p><strong>Report Date:</strong> {{ new Date($json.generatedDate).toLocaleDateString() }}</p>\\n    </div>\\n    \\n    <p>This valuation report provides professional analysis for informed real estate decisions.</p>\\n    \\n    <p>Best regards,<br>Property Valuation Team</p>\\n</div>\\n</body>\\n</html>",
        "options": {}
      },
      "id": "f6a7b8c9-abcd-ef01-2345-6789abcdef01",
      "name": "Send Valuation Report",
      "type": "n8n-nodes-base.gmail",
      "typeVersion": 2.1,
      "position": [
        680,
        300
      ]
    }
  ]
}
