{
  "name": "Tenant Screening Application",
  "nodes": [
    {
      "parameters": {
        "httpMethod": "POST",
        "path": "tenant-screening",
        "responseMode": "responseNode",
        "options": {}
      },
      "id": "a1b2c3d4-5678-9abc-def0-123456789abc",
      "name": "Tenant Screening Trigger",
      "type": "n8n-nodes-base.webhook",
      "typeVersion": 1,
      "position": [
        240,
        300
      ],
      "webhookId": "tenant-screening-webhook"
    },
    {
      "parameters": {
        "jsCode": "// Tenant Screening Application\nconst screeningData = $input.first().json;\nconst screeningId = `screen_${Date.now()}_${Math.random().toString(36).substr(2, 9)}`;\n\nasync function processTenantScreening(data) {\n  const {\n    applicant_info,\n    property_address,\n    employment_info,\n    income_verification,\n    references,\n    background_check,\n    credit_check,\n    rental_history,\n    emergency_contact,\n    pets_info,\n    move_in_date,\n    lease_terms\n  } = data;\n  \n  // Simulate screening analysis\n  const screeningScore = calculateScreeningScore(data);\n  const riskAssessment = assessRisk(screeningScore);\n  \n  return {\n    screeningSummary: {\n      screeningId: screeningId,\n      applicantName: applicant_info?.name || 'N/A',\n      propertyAddress: property_address || 'N/A',\n      applicationDate: new Date().toISOString().split('T')[0],\n      screeningScore: screeningScore.totalScore,\n      riskLevel: riskAssessment.riskLevel,\n      recommendation: riskAssessment.recommendation,\n      status: 'Under Review',\n      lastUpdated: new Date().toISOString()\n    },\n    \n    applicantProfile: {\n      personalInfo: {\n        name: applicant_info?.name || 'N/A',\n        email: applicant_info?.email || 'N/A',\n        phone: applicant_info?.phone || 'N/A',\n        currentAddress: applicant_info?.current_address || 'N/A'\n      },\n      financialProfile: {\n        monthlyIncome: income_verification?.monthly_income || 0,\n        employmentStatus: employment_info?.status || 'N/A',\n        employer: employment_info?.employer || 'N/A',\n        incomeToRentRatio: screeningScore.incomeRatio,\n        creditScore: credit_check?.score || 'Pending'\n      },\n      rentalHistory: {\n        previousLandlord: rental_history?.previous_landlord || 'N/A',\n        rentPaymentHistory: rental_history?.payment_history || 'N/A',\n        reasonForMoving: rental_history?.reason_for_moving || 'N/A',\n        lengthOfTenancy: rental_history?.length_of_tenancy || 'N/A'\n      }\n    },\n    \n    screeningResults: {\n      creditCheck: {\n        score: credit_check?.score || 'Pending',\n        status: credit_check?.score >= 650 ? 'Approved' : 'Review Required',\n        notes: credit_check?.notes || 'Standard credit check'\n      },\n      backgroundCheck: {\n        criminalHistory: background_check?.criminal_history || 'Clean',\n        evictionHistory: background_check?.eviction_history || 'None',\n        status: 'Cleared',\n        verificationDate: new Date().toISOString().split('T')[0]\n      },\n      employmentVerification: {\n        employer: employment_info?.employer || 'N/A',\n        position: employment_info?.position || 'N/A',\n        yearsEmployed: employment_info?.years_employed || 0,\n        verified: true,\n        verificationDate: new Date().toISOString().split('T')[0]\n      },\n      references: {\n        personalReferences: references?.personal || [],\n        professionalReferences: references?.professional || [],\n        contactedReferences: 2,\n        positiveReferences: 2\n      }\n    },\n    \n    riskAssessment: {\n      overallRisk: riskAssessment.riskLevel,\n      riskFactors: riskAssessment.riskFactors,\n      mitigatingFactors: riskAssessment.mitigatingFactors,\n      recommendations: riskAssessment.recommendations,\n      depositRecommendation: riskAssessment.depositRecommendation,\n      leaseTerms: riskAssessment.leaseTerms\n    },\n    \n    nextSteps: {\n      approvalStatus: riskAssessment.recommendation,\n      requiredDocuments: getRequiredDocuments(riskAssessment),\n      followUpActions: getFollowUpActions(riskAssessment),\n      estimatedProcessingTime: '2-3 business days',\n      contactInstructions: 'Applicant will be contacted within 24 hours'\n    }\n  };\n}\n\nfunction calculateScreeningScore(data) {\n  let score = 0;\n  const monthlyIncome = data.income_verification?.monthly_income || 0;\n  const monthlyRent = data.lease_terms?.monthly_rent || 1500;\n  const creditScore = data.credit_check?.score || 600;\n  \n  // Income to rent ratio (30 points max)\n  const incomeRatio = monthlyIncome / monthlyRent;\n  if (incomeRatio >= 3) score += 30;\n  else if (incomeRatio >= 2.5) score += 25;\n  else if (incomeRatio >= 2) score += 15;\n  else score += 5;\n  \n  // Credit score (25 points max)\n  if (creditScore >= 750) score += 25;\n  else if (creditScore >= 700) score += 20;\n  else if (creditScore >= 650) score += 15;\n  else if (creditScore >= 600) score += 10;\n  else score += 5;\n  \n  // Employment stability (20 points max)\n  const yearsEmployed = data.employment_info?.years_employed || 0;\n  if (yearsEmployed >= 2) score += 20;\n  else if (yearsEmployed >= 1) score += 15;\n  else score += 10;\n  \n  // Rental history (15 points max)\n  const paymentHistory = data.rental_history?.payment_history || 'Unknown';\n  if (paymentHistory === 'Excellent') score += 15;\n  else if (paymentHistory === 'Good') score += 12;\n  else if (paymentHistory === 'Fair') score += 8;\n  else score += 5;\n  \n  // Background check (10 points max)\n  const criminalHistory = data.background_check?.criminal_history || 'Clean';\n  const evictionHistory = data.background_check?.eviction_history || 'None';\n  if (criminalHistory === 'Clean' && evictionHistory === 'None') score += 10;\n  else if (criminalHistory === 'Minor' && evictionHistory === 'None') score += 7;\n  else score += 3;\n  \n  return {\n    totalScore: score,\n    incomeRatio: incomeRatio,\n    maxScore: 100\n  };\n}\n\nfunction assessRisk(screeningScore) {\n  const score = screeningScore.totalScore;\n  \n  if (score >= 80) {\n    return {\n      riskLevel: 'Low',\n      recommendation: 'Approved',\n      riskFactors: [],\n      mitigatingFactors: ['Excellent credit', 'Strong income', 'Good references'],\n      recommendations: ['Standard lease terms', 'Standard deposit'],\n      depositRecommendation: 'One month rent',\n      leaseTerms: 'Standard terms apply'\n    };\n  } else if (score >= 65) {\n    return {\n      riskLevel: 'Medium',\n      recommendation: 'Conditional Approval',\n      riskFactors: ['Moderate credit score'],\n      mitigatingFactors: ['Stable employment', 'Good references'],\n      recommendations: ['Consider additional deposit', 'Verify employment'],\n      depositRecommendation: 'One and a half month rent',\n      leaseTerms: 'Standard terms with additional verification'\n    };\n  } else {\n    return {\n      riskLevel: 'High',\n      recommendation: 'Denied',\n      riskFactors: ['Low credit score', 'Insufficient income', 'Poor rental history'],\n      mitigatingFactors: [],\n      recommendations: ['Require co-signer', 'Additional deposits', 'Shorter lease term'],\n      depositRecommendation: 'Two months rent plus co-signer',\n      leaseTerms: 'Modified terms required'\n    };\n  }\n}\n\nfunction getRequiredDocuments(riskAssessment) {\n  const baseDocuments = [\n    'Photo ID',\n    'Proof of income (pay stubs)',\n    'Bank statements',\n    'References contact information'\n  ];\n  \n  if (riskAssessment.riskLevel === 'High') {\n    baseDocuments.push('Co-signer agreement', 'Additional deposit');\n  }\n  \n  return baseDocuments;\n}\n\nfunction getFollowUpActions(riskAssessment) {\n  const actions = ['Complete reference checks', 'Verify employment'];\n  \n  if (riskAssessment.riskLevel === 'Medium') {\n    actions.push('Additional income verification');\n  } else if (riskAssessment.riskLevel === 'High') {\n    actions.push('Discuss co-signer options', 'Review alternative lease terms');\n  }\n  \n  return actions;\n}\n\nconst screeningResult = await processTenantScreening(screeningData);\nreturn [{ json: screeningResult }];"
      },
      "id": "d4e5f6a7-89ab-cdef-0123-456789abcdef",
      "name": "Process Tenant Screening",
      "type": "n8n-nodes-base.code",
      "typeVersion": 2,
      "position": [
        460,
        300
      ]
    },
    {
      "parameters": {
        "resource": "email",
        "operation": "send",
        "toEmail": "leasing@company.com",
        "subject": "👤 Tenant Screening Complete: {{ $json.screeningSummary.applicantName }} - {{ $json.screeningSummary.recommendation }}",
        "emailType": "html",
        "message": "<!DOCTYPE html>\\n<html>\\n<body>\\n<div style=\\\"background: white; padding: 30px; border-radius: 10px;\\\">\\n    <div style=\\\"background: linear-gradient(135deg, #17a2b8, #007bff); color: white; padding: 20px; text-align: center; border-radius: 8px; margin-bottom: 20px;\\\">\\n        <h1>👤 Tenant Screening Complete</h1>\\n        <h2>{{ $json.screeningSummary.applicantName }}</h2>\\n        <p>Property: {{ $json.screeningSummary.propertyAddress }}</p>\\n    </div>\\n    \\n    <div style=\\\"background: {{ $json.screeningSummary.recommendation === 'Approved' ? '#e8f5e8' : $json.screeningSummary.recommendation === 'Conditional Approval' ? '#fff3cd' : '#ffe6e6' }}; border: 1px solid {{ $json.screeningSummary.recommendation === 'Approved' ? '#28a745' : $json.screeningSummary.recommendation === 'Conditional Approval' ? '#ffc107' : '#dc3545' }}; padding: 20px; border-radius: 8px; margin: 20px 0;\\\">\\n        <h3>📊 Screening Results</h3>\\n        <p><strong>Screening Score:</strong> {{ $json.screeningSummary.screeningScore }}/100</p>\\n        <p><strong>Risk Level:</strong> {{ $json.screeningSummary.riskLevel }}</p>\\n        <p><strong>Recommendation:</strong> {{ $json.screeningSummary.recommendation }}</p>\\n        <p><strong>Credit Score:</strong> {{ $json.applicantProfile.financialProfile.creditScore }}</p>\\n    </div>\\n    \\n    <div style=\\\"background: #f8f9fa; border: 1px solid #6c757d; padding: 20px; border-radius: 8px; margin: 20px 0;\\\">\\n        <h3>💰 Financial Profile</h3>\\n        <p><strong>Monthly Income:</strong> ${{ $json.applicantProfile.financialProfile.monthlyIncome.toLocaleString() }}</p>\\n        <p><strong>Employment:</strong> {{ $json.applicantProfile.financialProfile.employer }}</p>\\n        <p><strong>Income to Rent Ratio:</strong> {{ $json.applicantProfile.financialProfile.incomeToRentRatio.toFixed(1) }}:1</p>\\n    </div>\\n    \\n    <div style=\\\"background: #e6f7ff; border: 1px solid #17a2b8; padding: 20px; border-radius: 8px; margin: 20px 0;\\\">\\n        <h3>✅ Verification Status</h3>\\n        <p><strong>Credit Check:</strong> {{ $json.screeningResults.creditCheck.status }}</p>\\n        <p><strong>Background Check:</strong> {{ $json.screeningResults.backgroundCheck.status }}</p>\\n        <p><strong>Employment:</strong> {{ $json.screeningResults.employmentVerification.verified ? 'Verified' : 'Pending' }}</p>\\n        <p><strong>References:</strong> {{ $json.screeningResults.references.positiveReferences }}/{{ $json.screeningResults.references.contactedReferences }} positive</p>\\n    </div>\\n    \\n    <div style=\\\"background: #fff3cd; border: 1px solid #ffc107; padding: 20px; border-radius: 8px; margin: 20px 0;\\\">\\n        <h3>📋 Next Steps</h3>\\n        <p><strong>Approval Status:</strong> {{ $json.nextSteps.approvalStatus }}</p>\\n        <p><strong>Processing Time:</strong> {{ $json.nextSteps.estimatedProcessingTime }}</p>\\n        <p><strong>Required Documents:</strong></p>\\n        <ul>\\n            {{ $json.nextSteps.requiredDocuments.map(doc => `<li>${doc}</li>`).join('') }}\\n        </ul>\\n        <p><strong>Follow-up Actions:</strong></p>\\n        <ul>\\n            {{ $json.nextSteps.followUpActions.map(action => `<li>${action}</li>`).join('') }}\\n        </ul>\\n    </div>\\n    \\n    <div style=\\\"background: #f8f9fa; padding: 20px; border-radius: 8px; margin: 20px 0;\\\">\\n        <h3>📋 Screening Details</h3>\\n        <p><strong>Screening ID:</strong> {{ $json.screeningSummary.screeningId }}</p>\\n        <p><strong>Application Date:</strong> {{ $json.screeningSummary.applicationDate }}</p>\\n        <p><strong>Status:</strong> {{ $json.screeningSummary.status }}</p>\\n        <p><strong>Contact Instructions:</strong> {{ $json.nextSteps.contactInstructions }}</p>\\n    </div>\\n    \\n    <p>This screening report provides comprehensive analysis for informed leasing decisions.</p>\\n    \\n    <p>Best regards,<br>Tenant Screening Team</p>\\n</div>\\n</body>\\n</html>",
        "options": {}
      },
      "id": "f6a7b8c9-abcd-ef01-2345-6789abcdef01",
      "name": "Send Screening Report",
      "type": "n8n-nodes-base.gmail",
      "typeVersion": 2.1,
      "position": [
        680,
        300
      ]
    }
  ]
}
