{
  "name": "Rental Lease Administration",
  "nodes": [
    {
      "parameters": {
        "httpMethod": "POST",
        "path": "lease-administration",
        "responseMode": "responseNode",
        "options": {}
      },
      "id": "a1b2c3d4-5678-9abc-def0-123456789abc",
      "name": "Lease Administration Trigger",
      "type": "n8n-nodes-base.webhook",
      "typeVersion": 1,
      "position": [
        240,
        300
      ],
      "webhookId": "lease-administration-webhook"
    },
    {
      "parameters": {
        "jsCode": "// Rental Lease Administration\nconst leaseData = $input.first().json;\nconst leaseId = `lease_${Date.now()}_${Math.random().toString(36).substr(2, 9)}`;\n\nasync function processLeaseAdministration(data) {\n  return {\n    leaseSummary: {\n      leaseId: leaseId,\n      propertyAddress: data.property_address || 'N/A',\n      tenantName: data.tenant_name || 'N/A',\n      leaseStartDate: data.lease_start_date || new Date().toISOString().split('T')[0],\n      leaseEndDate: data.lease_end_date || new Date(Date.now() + 365 * 24 * 60 * 60 * 1000).toISOString().split('T')[0],\n      monthlyRent: data.monthly_rent || 1500,\n      securityDeposit: data.security_deposit || 1500,\n      leaseStatus: 'Active',\n      lastUpdated: new Date().toISOString()\n    },\n    leaseTerms: {\n      leaseDuration: '12 months',\n      rentPaymentDate: '1st of each month',\n      lateFees: '$50 after 5 days',\n      petPolicy: data.pet_policy || 'No pets allowed',\n      renewalOptions: 'Available with 60 days notice'\n    },\n    administration: {\n      nextRentDue: new Date(Date.now() + 30 * 24 * 60 * 60 * 1000).toISOString().split('T')[0],\n      documentsGenerated: true,\n      backgroundCheckCompleted: true,\n      keysDistributed: false,\n      moveInInspectionScheduled: true\n    }\n  };\n}\n\nconst leaseResult = await processLeaseAdministration(leaseData);\nreturn [{ json: leaseResult }];"
      },
      "id": "d4e5f6a7-89ab-cdef-0123-456789abcdef",
      "name": "Process Lease Administration",
      "type": "n8n-nodes-base.code",
      "typeVersion": 2,
      "position": [
        460,
        300
      ]
    },
    {
      "parameters": {
        "resource": "email",
        "operation": "send",
        "toEmail": "leasing@company.com",
        "subject": "📄 Lease Agreement Ready: {{ $json.leaseSummary.propertyAddress }} - {{ $json.leaseSummary.tenantName }}",
        "emailType": "html",
        "message": "Lease agreement for {{ $json.leaseSummary.propertyAddress }} with {{ $json.leaseSummary.tenantName }} is ready. Monthly rent: ${{ $json.leaseSummary.monthlyRent }}. Lease period: {{ $json.leaseSummary.leaseStartDate }} to {{ $json.leaseSummary.leaseEndDate }}.",
        "options": {}
      },
      "id": "f6a7b8c9-abcd-ef01-2345-6789abcdef01",
      "name": "Send Lease Notification",
      "type": "n8n-nodes-base.gmail",
      "typeVersion": 2.1,
      "position": [
        680,
        300
      ]
    }
  ]
}
