{
  "name": "Smart Contract Document Generator",
  "nodes": [
    {
      "parameters": {
        "httpMethod": "POST",
        "path": "contract-generator",
        "responseMode": "responseNode",
        "options": {}
      },
      "id": "a1b2c3d4-5678-9abc-def0-123456789abc",
      "name": "Contract Generator Trigger",
      "type": "n8n-nodes-base.webhook",
      "typeVersion": 1,
      "position": [
        240,
        300
      ],
      "webhookId": "contract-generator-webhook"
    },
    {
      "parameters": {
        "jsCode": "// Smart Contract Document Generator\nconst contractData = $input.first().json;\nconst contractId = `contract_${Date.now()}_${Math.random().toString(36).substr(2, 9)}`;\n\nasync function processContractGeneration(data) {\n  return {\n    contractSummary: {\n      contractId: contractId,\n      contractType: data.contract_type || 'Purchase Agreement',\n      parties: {\n        buyer: data.buyer_info?.name || 'N/A',\n        seller: data.seller_info?.name || 'N/A'\n      },\n      propertyAddress: data.property_address || 'N/A',\n      purchasePrice: data.purchase_price || 0,\n      contractStatus: 'Generated',\n      generatedDate: new Date().toISOString(),\n      lastUpdated: new Date().toISOString()\n    },\n    documentDetails: {\n      templateUsed: 'Standard Real Estate Purchase Agreement',\n      totalPages: 12,\n      clausesIncluded: [\n        'Purchase Price and Terms',\n        'Financing Contingency',\n        'Inspection Contingency',\n        'Title and Closing',\n        'Default and Remedies'\n      ],\n      customizations: data.customizations || [],\n      legalReview: 'Recommended'\n    },\n    deliveryInfo: {\n      documentFormat: 'PDF',\n      deliveryMethod: 'Email',\n      accessLink: `https://contracts.company.com/${contractId}`,\n      downloadExpiry: new Date(Date.now() + 30 * 24 * 60 * 60 * 1000).toISOString()\n    }\n  };\n}\n\nconst contractResult = await processContractGeneration(contractData);\nreturn [{ json: contractResult }];"
      },
      "id": "d4e5f6a7-89ab-cdef-0123-456789abcdef",
      "name": "Process Contract Generation",
      "type": "n8n-nodes-base.code",
      "typeVersion": 2,
      "position": [
        460,
        300
      ]
    },
    {
      "parameters": {
        "resource": "email",
        "operation": "send",
        "toEmail": "legal@company.com",
        "subject": "📝 Contract Generated: {{ $json.contractSummary.contractType }} - {{ $json.contractSummary.propertyAddress }}",
        "emailType": "html",
        "message": "New {{ $json.contractSummary.contractType }} generated for {{ $json.contractSummary.propertyAddress }}. Purchase price: ${{ $json.contractSummary.purchasePrice.toLocaleString() }}. Contract ID: {{ $json.contractSummary.contractId }}.",
        "options": {}
      },
      "id": "f6a7b8c9-abcd-ef01-2345-6789abcdef01",
      "name": "Send Contract Notification",
      "type": "n8n-nodes-base.gmail",
      "typeVersion": 2.1,
      "position": [
        680,
        300
      ]
    }
  ]
}
