{
  "name": "Compliance Legal Documentation",
  "nodes": [
    {
      "parameters": {
        "httpMethod": "POST",
        "path": "compliance-documentation",
        "responseMode": "responseNode",
        "options": {}
      },
      "id": "a1b2c3d4-5678-9abc-def0-123456789abc",
      "name": "Compliance Documentation Trigger",
      "type": "n8n-nodes-base.webhook",
      "typeVersion": 1,
      "position": [
        240,
        300
      ],
      "webhookId": "compliance-documentation-webhook"
    },
    {
      "parameters": {
        "jsCode": "// Compliance Legal Documentation\nconst complianceData = $input.first().json;\nconst complianceId = `comp_${Date.now()}_${Math.random().toString(36).substr(2, 9)}`;\n\nasync function processComplianceDocumentation(data) {\n  return {\n    complianceSummary: {\n      complianceId: complianceId,\n      documentType: data.document_type || 'Compliance Check',\n      propertyAddress: data.property_address || 'N/A',\n      complianceStatus: 'Compliant',\n      lastReviewDate: new Date().toISOString().split('T')[0],\n      nextReviewDate: new Date(Date.now() + 90 * 24 * 60 * 60 * 1000).toISOString().split('T')[0],\n      lastUpdated: new Date().toISOString()\n    },\n    complianceChecks: {\n      localRegulations: 'Compliant',\n      stateRequirements: 'Compliant',\n      federalLaws: 'Compliant',\n      safetyStandards: 'Compliant',\n      environmentalCompliance: 'Compliant'\n    },\n    documentation: {\n      certificatesRequired: [\n        'Occupancy Certificate',\n        'Fire Safety Certificate',\n        'Environmental Clearance'\n      ],\n      certificatesObtained: 3,\n      documentsGenerated: true,\n      legalReviewCompleted: true\n    }\n  };\n}\n\nconst complianceResult = await processComplianceDocumentation(complianceData);\nreturn [{ json: complianceResult }];"
      },
      "id": "d4e5f6a7-89ab-cdef-0123-456789abcdef",
      "name": "Process Compliance Documentation",
      "type": "n8n-nodes-base.code",
      "typeVersion": 2,
      "position": [
        460,
        300
      ]
    },
    {
      "parameters": {
        "resource": "email",
        "operation": "send",
        "toEmail": "compliance@company.com",
        "subject": "⚖️ Compliance Review Complete: {{ $json.complianceSummary.propertyAddress }} - {{ $json.complianceSummary.complianceStatus }}",
        "emailType": "html",
        "message": "Compliance review for {{ $json.complianceSummary.propertyAddress }} completed. Status: {{ $json.complianceSummary.complianceStatus }}. Next review: {{ $json.complianceSummary.nextReviewDate }}.",
        "options": {}
      },
      "id": "f6a7b8c9-abcd-ef01-2345-6789abcdef01",
      "name": "Send Compliance Report",
      "type": "n8n-nodes-base.gmail",
      "typeVersion": 2.1,
      "position": [
        680,
        300
      ]
    }
  ]
}
