{
  "name": "Property Heatmap Generator",
  "nodes": [
    {
      "parameters": {
        "rule": {
          "interval": [
            {
              "field": "hours",
              "hoursInterval": 24
            }
          ]
        }
      },
      "id": "a1b2c3d4-1234-5678-9abc-def012345678",
      "name": "Daily Heatmap Trigger",
      "type": "n8n-nodes-base.cron",
      "typeVersion": 1,
      "position": [
        240,
        300
      ]
    },
    {
      "parameters": {
        "values": {
          "string": [
            {
              "name": "target_city",
              "value": "San Francisco"
            },
            {
              "name": "target_state",
              "value": "CA"
            },
            {
              "name": "map_bounds",
              "value": "37.708,-122.508,37.808,-122.358"
            }
          ]
        },
        "options": {}
      },
      "id": "b2c3d4e5-2345-6789-abcd-ef0123456789",
      "name": "Set Location Variables",
      "type": "n8n-nodes-base.set",
      "typeVersion": 3.2,
      "position": [
        460,
        300
      ]
    },
    {
      "parameters": {
        "url": "https://api.data.gov/crime/v1/estimates/states/{{$node['Set Location Variables'].json['target_state']}}",
        "options": {
          "headers": {
            "X-API-KEY": "YOUR_DATA_GOV_API_KEY"
          }
        }
      },
      "id": "c3d4e5f6-3456-789a-bcde-f012345678ab",
      "name": "Crime Statistics API",
      "type": "n8n-nodes-base.httpRequest",
      "typeVersion": 4.1,
      "position": [
        680,
        200
      ]
    },
    {
      "parameters": {
        "url": "https://api.greatschools.org/schools/nearby",
        "options": {
          "queryParameterArrays": [
            {
              "name": "key",
              "value": "YOUR_GREATSCHOOLS_API_KEY"
            },
            {
              "name": "city",
              "value": "{{$node['Set Location Variables'].json['target_city']}}"
            },
            {
              "name": "state",
              "value": "{{$node['Set Location Variables'].json['target_state']}}"
            },
            {
              "name": "limit",
              "value": "50"
            }
          ]
        }
      },
      "id": "d4e5f6a7-4567-89ab-cdef-0123456789bc",
      "name": "School District API",
      "type": "n8n-nodes-base.httpRequest",
      "typeVersion": 4.1,
      "position": [
        680,
        320
      ]
    },
    {
      "parameters": {
        "url": "https://api.walkscore.com/score",
        "options": {
          "queryParameterArrays": [
            {
              "name": "format",
              "value": "json"
            },
            {
              "name": "address",
              "value": "{{$node['Set Location Variables'].json['target_city']}}, {{$node['Set Location Variables'].json['target_state']}}"
            },
            {
              "name": "wsapikey",
              "value": "YOUR_WALKSCORE_API_KEY"
            }
          ]
        }
      },
      "id": "e5f6a7b8-5678-9abc-def0-123456789bcd",
      "name": "Walk Score API",
      "type": "n8n-nodes-base.httpRequest",
      "typeVersion": 4.1,
      "position": [
        680,
        440
      ]
    },
    {
      "parameters": {
        "url": "https://maps.googleapis.com/maps/api/place/nearbysearch/json",
        "options": {
          "queryParameterArrays": [
            {
              "name": "location",
              "value": "37.7749,-122.4194"
            },
            {
              "name": "radius",
              "value": "5000"
            },
            {
              "name": "type",
              "value": "transit_station"
            },
            {
              "name": "key",
              "value": "YOUR_GOOGLE_MAPS_API_KEY"
            }
          ]
        }
      },
      "id": "f6a7b8c9-6789-abcd-ef01-23456789bcde",
      "name": "Transportation API",
      "type": "n8n-nodes-base.httpRequest",
      "typeVersion": 4.1,
      "position": [
        680,
        560
      ]
    },
    {
      "parameters": {
        "jsCode": "// Process geographic data and calculate neighborhood scores\nconst items = $input.all();\nconst results = [];\n\n// Initialize data containers\nlet crimeData = {};\nlet schoolData = {};\nlet walkabilityData = {};\nlet transportationData = {};\n\n// Process each input\nfor (const item of items) {\n  const data = item.json;\n  const source = data.source || 'unknown';\n  \n  if (source === 'crime') {\n    crimeData = data;\n  } else if (source === 'schools') {\n    schoolData = data;\n  } else if (source === 'walkscore') {\n    walkabilityData = data;\n  } else if (source === 'transportation') {\n    transportationData = data;\n  }\n}\n\n// Calculate neighborhood scores\nconst neighborhoodScores = [];\n\n// Sample zip codes for SF area\nconst zipCodes = ['94102', '94103', '94104', '94105', '94107', '94108', '94109', '94110', '94111', '94112'];\n\nfor (const zipCode of zipCodes) {\n  let investmentScore = 0;\n  let safetyScore = 50; // Default middle score\n  let educationScore = 50;\n  let walkabilityScore = 50;\n  let transportScore = 50;\n  \n  // Calculate safety score from crime data\n  if (crimeData.results) {\n    const violentCrime = crimeData.results.find(r => r.offense === 'violent-crime');\n    if (violentCrime && violentCrime.rate) {\n      safetyScore = Math.max(0, 100 - (violentCrime.rate / 10));\n    }\n  }\n  \n  // Calculate education score from school data\n  if (schoolData.schools) {\n    const nearbySchools = schoolData.schools.filter(s => s.district?.zip === zipCode);\n    if (nearbySchools.length > 0) {\n      const avgRating = nearbySchools.reduce((sum, school) => sum + (school.rating || 5), 0) / nearbySchools.length;\n      educationScore = (avgRating / 10) * 100;\n    }\n  }\n  \n  // Use walkability score\n  if (walkabilityData.walkscore) {\n    walkabilityScore = walkabilityData.walkscore;\n  }\n  \n  // Calculate transportation score\n  if (transportationData.results) {\n    const nearbyTransit = transportationData.results.length;\n    transportScore = Math.min(100, nearbyTransit * 10);\n  }\n  \n  // Calculate overall investment score\n  investmentScore = (\n    safetyScore * 0.3 +\n    educationScore * 0.25 +\n    walkabilityScore * 0.25 +\n    transportScore * 0.2\n  );\n  \n  // Determine ROI category\n  let roiCategory = 'Low';\n  let color = '#FF6B6B'; // Red for low\n  \n  if (investmentScore >= 80) {\n    roiCategory = 'Excellent';\n    color = '#4ECDC4'; // Teal for excellent\n  } else if (investmentScore >= 65) {\n    roiCategory = 'High';\n    color = '#45B7D1'; // Blue for high\n  } else if (investmentScore >= 50) {\n    roiCategory = 'Medium';\n    color = '#FFA07A'; // Orange for medium\n  }\n  \n  neighborhoodScores.push({\n    zipCode,\n    investmentScore: Math.round(investmentScore),\n    safetyScore: Math.round(safetyScore),\n    educationScore: Math.round(educationScore),\n    walkabilityScore: Math.round(walkabilityScore),\n    transportScore: Math.round(transportScore),\n    roiCategory,\n    color,\n    timestamp: new Date().toISOString(),\n    coordinates: {\n      lat: 37.7749 + (Math.random() - 0.5) * 0.1,\n      lng: -122.4194 + (Math.random() - 0.5) * 0.1\n    }\n  });\n}\n\nresults.push({\n  json: {\n    type: 'heatmap_data',\n    city: 'San Francisco',\n    state: 'CA',\n    generatedAt: new Date().toISOString(),\n    neighborhoodScores,\n    summary: {\n      totalZipCodes: neighborhoodScores.length,\n      excellentAreas: neighborhoodScores.filter(n => n.roiCategory === 'Excellent').length,\n      highAreas: neighborhoodScores.filter(n => n.roiCategory === 'High').length,\n      averageScore: Math.round(neighborhoodScores.reduce((sum, n) => sum + n.investmentScore, 0) / neighborhoodScores.length)\n    }\n  }\n});\n\nreturn results;"
      },
      "id": "a7b8c9d0-789a-bcde-f012-3456789bcdef",
      "name": "Geographic Data Aggregator",
      "type": "n8n-nodes-base.code",
      "typeVersion": 2,
      "position": [
        900,
        300
      ]
    },
    {
      "parameters": {
        "jsCode": "// Generate Mapbox visualization\nconst item = $input.first();\nconst data = item.json;\n\n// Create Mapbox static map URL with heatmap overlay\nconst mapboxToken = 'YOUR_MAPBOX_ACCESS_TOKEN';\nconst baseUrl = 'https://api.mapbox.com/styles/v1/mapbox/streets-v11/static';\n\n// Build overlay points for heatmap\nconst overlays = data.neighborhoodScores.map(area => {\n  const size = area.investmentScore > 80 ? 'l' : area.investmentScore > 50 ? 'm' : 's';\n  return `pin-${size}-${area.color.substring(1)}(${area.coordinates.lng},${area.coordinates.lat})`;\n}).join(',');\n\n// Construct map URL\nconst mapUrl = `${baseUrl}/${overlays}/auto/800x600@2x?access_token=${mapboxToken}`;\n\n// Generate HTML for heatmap\nconst htmlContent = `\n<!DOCTYPE html>\n<html>\n<head>\n    <title>Real Estate Investment Heatmap - ${data.city}</title>\n    <style>\n        body { font-family: Arial, sans-serif; margin: 20px; }\n        .header { text-align: center; margin-bottom: 30px; }\n        .map-container { text-align: center; margin: 20px 0; }\n        .legend { display: flex; justify-content: center; gap: 20px; margin: 20px 0; }\n        .legend-item { display: flex; align-items: center; gap: 5px; }\n        .color-box { width: 20px; height: 20px; border-radius: 3px; }\n        .stats { display: grid; grid-template-columns: repeat(auto-fit, minmax(200px, 1fr)); gap: 20px; margin: 30px 0; }\n        .stat-card { background: #f5f5f5; padding: 15px; border-radius: 8px; text-align: center; }\n        .area-list { margin-top: 30px; }\n        .area-item { background: white; border: 1px solid #ddd; margin: 10px 0; padding: 15px; border-radius: 5px; }\n    </style>\n</head>\n<body>\n    <div class=\"header\">\n        <h1>Real Estate Investment Heatmap</h1>\n        <h2>${data.city}, ${data.state}</h2>\n        <p>Generated on ${new Date(data.generatedAt).toLocaleDateString()}</p>\n    </div>\n    \n    <div class=\"map-container\">\n        <img src=\"${mapUrl}\" alt=\"Investment Heatmap\" style=\"max-width: 100%; border-radius: 10px; box-shadow: 0 4px 8px rgba(0,0,0,0.1);\">\n    </div>\n    \n    <div class=\"legend\">\n        <div class=\"legend-item\">\n            <div class=\"color-box\" style=\"background-color: #4ECDC4;\"></div>\n            <span>Excellent (80-100)</span>\n        </div>\n        <div class=\"legend-item\">\n            <div class=\"color-box\" style=\"background-color: #45B7D1;\"></div>\n            <span>High (65-79)</span>\n        </div>\n        <div class=\"legend-item\">\n            <div class=\"color-box\" style=\"background-color: #FFA07A;\"></div>\n            <span>Medium (50-64)</span>\n        </div>\n        <div class=\"legend-item\">\n            <div class=\"color-box\" style=\"background-color: #FF6B6B;\"></div>\n            <span>Low (0-49)</span>\n        </div>\n    </div>\n    \n    <div class=\"stats\">\n        <div class=\"stat-card\">\n            <h3>Total Areas</h3>\n            <p style=\"font-size: 24px; margin: 0;\">${data.summary.totalZipCodes}</p>\n        </div>\n        <div class=\"stat-card\">\n            <h3>Excellent Areas</h3>\n            <p style=\"font-size: 24px; margin: 0; color: #4ECDC4;\">${data.summary.excellentAreas}</p>\n        </div>\n        <div class=\"stat-card\">\n            <h3>High ROI Areas</h3>\n            <p style=\"font-size: 24px; margin: 0; color: #45B7D1;\">${data.summary.highAreas}</p>\n        </div>\n        <div class=\"stat-card\">\n            <h3>Average Score</h3>\n            <p style=\"font-size: 24px; margin: 0;\">${data.summary.averageScore}/100</p>\n        </div>\n    </div>\n    \n    <div class=\"area-list\">\n        <h3>Neighborhood Details</h3>\n        ${data.neighborhoodScores.map(area => `\n            <div class=\"area-item\">\n                <h4>ZIP ${area.zipCode} - ${area.roiCategory} Investment</h4>\n                <p><strong>Overall Score:</strong> ${area.investmentScore}/100</p>\n                <p><strong>Safety:</strong> ${area.safetyScore}/100 | <strong>Education:</strong> ${area.educationScore}/100 | <strong>Walkability:</strong> ${area.walkabilityScore}/100 | <strong>Transit:</strong> ${area.transportScore}/100</p>\n            </div>\n        `).join('')}\n    </div>\n</body>\n</html>\n`;\n\nreturn [{\n  json: {\n    ...data,\n    mapUrl,\n    htmlContent,\n    fileName: `heatmap_${data.city.toLowerCase().replace(/\\s+/g, '_')}_${new Date().toISOString().split('T')[0]}.html`\n  }\n}];"
      },
      "id": "b8c9d0e1-89ab-cdef-0123-456789bcdef0",
      "name": "Mapbox Visualization Engine",
      "type": "n8n-nodes-base.code",
      "typeVersion": 2,
      "position": [
        1120,
        300
      ]
    },
    {
      "parameters": {
        "authentication": "oAuth2",
        "resource": "sheet",
        "operation": "appendOrUpdate",
        "documentId": {
          "__rl": true,
          "value": "YOUR_GOOGLE_SHEET_ID",
          "mode": "id"
        },
        "sheetName": {
          "__rl": true,
          "value": "gid=1",
          "mode": "id"
        },
        "columns": {
          "mappingMode": "defineBelow",
          "value": {
            "timestamp": "={{ $json.generatedAt }}",
            "city": "={{ $json.city }}",
            "state": "={{ $json.state }}",
            "total_areas": "={{ $json.summary.totalZipCodes }}",
            "excellent_areas": "={{ $json.summary.excellentAreas }}",
            "high_areas": "={{ $json.summary.highAreas }}",
            "average_score": "={{ $json.summary.averageScore }}",
            "map_url": "={{ $json.mapUrl }}",
            "html_file": "={{ $json.fileName }}"
          },
          "matchingColumns": [
            "timestamp"
          ],
          "schema": [
            {
              "id": "timestamp",
              "displayName": "timestamp",
              "required": false,
              "defaultMatch": false,
              "canBeUsedToMatch": true,
              "type": "string"
            },
            {
              "id": "city",
              "displayName": "city",
              "required": false,
              "defaultMatch": false,
              "canBeUsedToMatch": false,
              "type": "string"
            },
            {
              "id": "state",
              "displayName": "state",
              "required": false,
              "defaultMatch": false,
              "canBeUsedToMatch": false,
              "type": "string"
            },
            {
              "id": "total_areas",
              "displayName": "total_areas",
              "required": false,
              "defaultMatch": false,
              "canBeUsedToMatch": false,
              "type": "number"
            },
            {
              "id": "excellent_areas",
              "displayName": "excellent_areas",
              "required": false,
              "defaultMatch": false,
              "canBeUsedToMatch": false,
              "type": "number"
            },
            {
              "id": "high_areas",
              "displayName": "high_areas",
              "required": false,
              "defaultMatch": false,
              "canBeUsedToMatch": false,
              "type": "number"
            },
            {
              "id": "average_score",
              "displayName": "average_score",
              "required": false,
              "defaultMatch": false,
              "canBeUsedToMatch": false,
              "type": "number"
            },
            {
              "id": "map_url",
              "displayName": "map_url",
              "required": false,
              "defaultMatch": false,
              "canBeUsedToMatch": false,
              "type": "string"
            },
            {
              "id": "html_file",
              "displayName": "html_file",
              "required": false,
              "defaultMatch": false,
              "canBeUsedToMatch": false,
              "type": "string"
            }
          ]
        },
        "options": {}
      },
      "id": "c9d0e1f2-9abc-def0-1234-56789bcdef01",
      "name": "Store Heatmap Data",
      "type": "n8n-nodes-base.googleSheets",
      "typeVersion": 4.2,
      "position": [
        1340,
        300
      ]
    }
  ],
  "connections": {
    "Daily Heatmap Trigger": {
      "main": [
        [
          {
            "node": "Set Location Variables",
            "type": "main",
            "index": 0
          }
        ]
      ]
    },
    "Set Location Variables": {
      "main": [
        [
          {
            "node": "Crime Statistics API",
            "type": "main",
            "index": 0
          },
          {
            "node": "School District API",
            "type": "main",
            "index": 0
          },
          {
            "node": "Walk Score API",
            "type": "main",
            "index": 0
          },
          {
            "node": "Transportation API",
            "type": "main",
            "index": 0
          }
        ]
      ]
    },
    "Crime Statistics API": {
      "main": [
        [
          {
            "node": "Geographic Data Aggregator",
            "type": "main",
            "index": 0
          }
        ]
      ]
    },
    "School District API": {
      "main": [
        [
          {
            "node": "Geographic Data Aggregator",
            "type": "main",
            "index": 0
          }
        ]
      ]
    },
    "Walk Score API": {
      "main": [
        [
          {
            "node": "Geographic Data Aggregator",
            "type": "main",
            "index": 0
          }
        ]
      ]
    },
    "Transportation API": {
      "main": [
        [
          {
            "node": "Geographic Data Aggregator",
            "type": "main",
            "index": 0
          }
        ]
      ]
    },
    "Geographic Data Aggregator": {
      "main": [
        [
          {
            "node": "Mapbox Visualization Engine",
            "type": "main",
            "index": 0
          }
        ]
      ]
    },
    "Mapbox Visualization Engine": {
      "main": [
        [
          {
            "node": "Store Heatmap Data",
            "type": "main",
            "index": 0
          }
        ]
      ]
    }
  },
  "pinData": {},
  "settings": {
    "executionOrder": "v1"
  },
  "staticData": null,
  "tags": [],
  "triggerCount": 0,
  "updatedAt": "2024-01-01T00:00:00.000Z",
  "versionId": "1"
}
