{
  "name": "Off-Market Deal Hunter",
  "nodes": [
    {
      "parameters": {
        "rule": {
          "interval": [
            {
              "field": "hours",
              "hoursInterval": 4
            }
          ]
        }
      },
      "id": "a1b2c3d4-5678-9abc-def0-123456789abc",
      "name": "Deal Hunter Trigger",
      "type": "n8n-nodes-base.cron",
      "typeVersion": 1,
      "position": [
        240,
        300
      ]
    },
    {
      "parameters": {
        "values": {
          "string": [
            {
              "name": "search_location",
              "value": "San Francisco, CA"
            },
            {
              "name": "max_price",
              "value": "1500000"
            },
            {
              "name": "min_price",
              "value": "300000"
            },
            {
              "name": "property_types",
              "value": "house,condo,townhouse"
            }
          ]
        },
        "options": {}
      },
      "id": "b2c3d4e5-6789-abcd-ef01-23456789abcd",
      "name": "Set Search Parameters",
      "type": "n8n-nodes-base.set",
      "typeVersion": 3.2,
      "position": [
        460,
        300
      ]
    },
    {
      "parameters": {
        "url": "https://craigslist.org/search/rea",
        "options": {
          "queryParameterArrays": [
            {
              "name": "query",
              "value": "house for sale by owner"
            },
            {
              "name": "search_distance",
              "value": "25"
            },
            {
              "name": "postal",
              "value": "94102"
            },
            {
              "name": "min_price",
              "value": "{{$node['Set Search Parameters'].json['min_price']}}"
            },
            {
              "name": "max_price",
              "value": "{{$node['Set Search Parameters'].json['max_price']}}"
            }
          ],
          "headers": {
            "User-Agent": "Mozilla/5.0 (Windows NT 10.0; Win64; x64) AppleWebKit/537.36"
          }
        }
      },
      "id": "c3d4e5f6-789a-bcde-f012-3456789abcde",
      "name": "Craigslist FSBO Scraper",
      "type": "n8n-nodes-base.httpRequest",
      "typeVersion": 4.1,
      "position": [
        680,
        200
      ]
    },
    {
      "parameters": {
        "url": "https://graph.facebook.com/v18.0/marketplace_search",
        "authentication": "predefinedCredentialType",
        "nodeCredentialType": "facebookGraphApi",
        "options": {
          "queryParameterArrays": [
            {
              "name": "type",
              "value": "MARKETPLACE"
            },
            {
              "name": "q",
              "value": "house for sale {{$node['Set Search Parameters'].json['search_location']}}"
            },
            {
              "name": "limit",
              "value": "50"
            }
          ]
        }
      },
      "id": "d4e5f6a7-89ab-cdef-0123-456789abcdef",
      "name": "Facebook Marketplace API",
      "type": "n8n-nodes-base.httpRequest",
      "typeVersion": 4.1,
      "position": [
        680,
        320
      ]
    },
    {
      "parameters": {
        "url": "https://www.fsbo.com/api/listings/search",
        "options": {
          "queryParameterArrays": [
            {
              "name": "location",
              "value": "{{$node['Set Search Parameters'].json['search_location']}}"
            },
            {
              "name": "minPrice",
              "value": "{{$node['Set Search Parameters'].json['min_price']}}"
            },
            {
              "name": "maxPrice",
              "value": "{{$node['Set Search Parameters'].json['max_price']}}"
            },
            {
              "name": "limit",
              "value": "100"
            }
          ],
          "headers": {
            "User-Agent": "Mozilla/5.0 (Windows NT 10.0; Win64; x64) AppleWebKit/537.36",
            "Accept": "application/json"
          }
        }
      },
      "id": "e5f6a7b8-9abc-def0-1234-56789abcdef0",
      "name": "FSBO.com API",
      "type": "n8n-nodes-base.httpRequest",
      "typeVersion": 4.1,
      "position": [
        680,
        440
      ]
    },
    {
      "parameters": {
        "url": "https://www.auction.com/api/search",
        "options": {
          "queryParameterArrays": [
            {
              "name": "location",
              "value": "{{$node['Set Search Parameters'].json['search_location']}}"
            },
            {
              "name": "propertyType",
              "value": "residential"
            },
            {
              "name": "status",
              "value": "upcoming,live"
            },
            {
              "name": "limit",
              "value": "50"
            }
          ],
          "headers": {
            "User-Agent": "Mozilla/5.0 (Windows NT 10.0; Win64; x64) AppleWebKit/537.36",
            "Accept": "application/json"
          }
        }
      },
      "id": "f6a7b8c9-abcd-ef01-2345-6789abcdef01",
      "name": "Auction.com Scraper",
      "type": "n8n-nodes-base.httpRequest",
      "typeVersion": 4.1,
      "position": [
        680,
        560
      ]
    },
    {
      "parameters": {
        "jsCode": "// Process and normalize property data from multiple sources\nconst items = $input.all();\nconst results = [];\nconst processedProperties = [];\n\nfor (const item of items) {\n  const data = item.json;\n  const source = data.source || 'unknown';\n  \n  let properties = [];\n  \n  // Parse Craigslist data\n  if (source === 'craigslist') {\n    // Parse HTML response (simplified)\n    const listings = data.listings || [];\n    properties = listings.map(listing => ({\n      id: listing.id || `cl_${Date.now()}_${Math.random()}`,\n      source: 'craigslist',\n      title: listing.title || 'No title',\n      price: parseInt(listing.price?.replace(/[^0-9]/g, '')) || 0,\n      address: listing.location || 'Unknown location',\n      bedrooms: parseInt(listing.bedrooms) || null,\n      bathrooms: parseInt(listing.bathrooms) || null,\n      sqft: parseInt(listing.sqft) || null,\n      description: listing.description || '',\n      url: listing.url || '',\n      images: listing.images || [],\n      postedDate: listing.date || new Date().toISOString(),\n      contactInfo: listing.contact || 'See listing'\n    }));\n  }\n  \n  // Parse Facebook Marketplace data\n  else if (source === 'facebook') {\n    const listings = data.data || [];\n    properties = listings.map(listing => ({\n      id: listing.id || `fb_${Date.now()}_${Math.random()}`,\n      source: 'facebook_marketplace',\n      title: listing.name || 'No title',\n      price: parseInt(listing.price?.amount) || 0,\n      address: listing.location?.city || 'Unknown location',\n      bedrooms: null, // Not typically in FB API\n      bathrooms: null,\n      sqft: null,\n      description: listing.description || '',\n      url: `https://facebook.com/marketplace/item/${listing.id}`,\n      images: listing.images?.map(img => img.url) || [],\n      postedDate: listing.created_time || new Date().toISOString(),\n      contactInfo: 'Contact via Facebook'\n    }));\n  }\n  \n  // Parse FSBO.com data\n  else if (source === 'fsbo') {\n    const listings = data.results || [];\n    properties = listings.map(listing => ({\n      id: listing.id || `fsbo_${Date.now()}_${Math.random()}`,\n      source: 'fsbo_com',\n      title: listing.title || `${listing.bedrooms}BR/${listing.bathrooms}BA Home`,\n      price: parseInt(listing.price) || 0,\n      address: `${listing.address}, ${listing.city}, ${listing.state}`,\n      bedrooms: parseInt(listing.bedrooms) || null,\n      bathrooms: parseFloat(listing.bathrooms) || null,\n      sqft: parseInt(listing.square_feet) || null,\n      description: listing.description || '',\n      url: listing.listing_url || '',\n      images: listing.photos?.map(photo => photo.url) || [],\n      postedDate: listing.listed_date || new Date().toISOString(),\n      contactInfo: listing.contact_phone || listing.contact_email || 'See listing'\n    }));\n  }\n  \n  // Parse Auction.com data\n  else if (source === 'auction') {\n    const listings = data.auctions || [];\n    properties = listings.map(listing => ({\n      id: listing.id || `auction_${Date.now()}_${Math.random()}`,\n      source: 'auction_com',\n      title: listing.property_address || 'Auction Property',\n      price: parseInt(listing.starting_bid) || parseInt(listing.estimated_value) || 0,\n      address: listing.full_address || 'Unknown location',\n      bedrooms: parseInt(listing.bedrooms) || null,\n      bathrooms: parseFloat(listing.bathrooms) || null,\n      sqft: parseInt(listing.living_area) || null,\n      description: listing.description || `Auction Date: ${listing.auction_date}`,\n      url: listing.auction_url || '',\n      images: listing.images || [],\n      postedDate: listing.created_date || new Date().toISOString(),\n      contactInfo: 'Auction platform',\n      auctionDate: listing.auction_date,\n      auctionType: listing.auction_type || 'online'\n    }));\n  }\n  \n  // Add processed properties\n  processedProperties.push(...properties);\n}\n\n// Remove duplicates based on address similarity\nconst uniqueProperties = [];\nconst seenAddresses = new Set();\n\nfor (const property of processedProperties) {\n  const normalizedAddress = property.address.toLowerCase().replace(/[^a-z0-9]/g, '');\n  if (!seenAddresses.has(normalizedAddress)) {\n    seenAddresses.add(normalizedAddress);\n    uniqueProperties.push({\n      ...property,\n      foundAt: new Date().toISOString(),\n      processed: true\n    });\n  }\n}\n\n// Sort by price (ascending)\nunique Properties.sort((a, b) => a.price - b.price);\n\nresults.push({\n  json: {\n    type: 'off_market_properties',\n    searchLocation: 'San Francisco, CA',\n    totalFound: uniqueProperties.length,\n    sources: ['craigslist', 'facebook_marketplace', 'fsbo_com', 'auction_com'],\n    searchTimestamp: new Date().toISOString(),\n    properties: uniqueProperties,\n    summary: {\n      averagePrice: Math.round(uniqueProperties.reduce((sum, p) => sum + p.price, 0) / uniqueProperties.length),\n      priceRange: {\n        min: Math.min(...uniqueProperties.map(p => p.price)),\n        max: Math.max(...uniqueProperties.map(p => p.price))\n      },\n      sourceBreakdown: {\n        craigslist: uniqueProperties.filter(p => p.source === 'craigslist').length,\n        facebook: uniqueProperties.filter(p => p.source === 'facebook_marketplace').length,\n        fsbo: uniqueProperties.filter(p => p.source === 'fsbo_com').length,\n        auction: uniqueProperties.filter(p => p.source === 'auction_com').length\n      }\n    }\n  }\n});\n\nreturn results;"
      },
      "id": "a7b8c9d0-bcde-f012-3456-789abcdef012",
      "name": "Multi-Source Property Scraper",
      "type": "n8n-nodes-base.code",
      "typeVersion": 2,
      "position": [
        900,
        300
      ]
    },
    {
      "parameters": {
        "jsCode": "// AI Valuation and Undervalued Property Detection\nconst item = $input.first();\nconst data = item.json;\nconst properties = data.properties || [];\n\nconst analyzedProperties = [];\n\nfor (const property of properties) {\n  // Basic valuation metrics\n  let estimatedValue = property.price;\n  let pricePerSqft = property.sqft ? property.price / property.sqft : 0;\n  let valuationScore = 50; // Default middle score\n  let investmentPotential = 'Unknown';\n  let flags = [];\n  \n  // Calculate estimated market value using comparable analysis\n  if (property.sqft && property.bedrooms && property.bathrooms) {\n    // Simple valuation model (in real implementation, use more sophisticated models)\n    const basePricePerSqft = {\n      'San Francisco': 1200,\n      'Oakland': 800,\n      'San Jose': 1000\n    };\n    \n    const cityMatch = Object.keys(basePricePerSqft).find(city => \n      property.address.toLowerCase().includes(city.toLowerCase())\n    );\n    \n    const marketPricePerSqft = basePricePerSqft[cityMatch] || 900;\n    estimatedValue = property.sqft * marketPricePerSqft;\n    \n    // Adjust for bedrooms/bathrooms\n    if (property.bedrooms >= 3) estimatedValue *= 1.1;\n    if (property.bathrooms >= 2) estimatedValue *= 1.05;\n    \n    // Calculate discount from market value\n    const discountPercentage = ((estimatedValue - property.price) / estimatedValue) * 100;\n    \n    if (discountPercentage >= 20) {\n      valuationScore = 90;\n      investmentPotential = 'Excellent';\n      flags.push('SIGNIFICANT_DISCOUNT');\n    } else if (discountPercentage >= 10) {\n      valuationScore = 75;\n      investmentPotential = 'Good';\n      flags.push('MODERATE_DISCOUNT');\n    } else if (discountPercentage >= 0) {\n      valuationScore = 60;\n      investmentPotential = 'Fair';\n    } else {\n      valuationScore = 30;\n      investmentPotential = 'Overpriced';\n      flags.push('OVERPRICED');\n    }\n  }\n  \n  // Additional analysis flags\n  if (property.source === 'auction_com') {\n    flags.push('AUCTION_PROPERTY');\n    valuationScore += 10; // Auction properties often below market\n  }\n  \n  if (property.source === 'craigslist' || property.source === 'fsbo_com') {\n    flags.push('FSBO');\n    valuationScore += 5; // FSBO often priced lower\n  }\n  \n  if (property.price < 500000) {\n    flags.push('UNDER_500K');\n  }\n  \n  if (property.bedrooms >= 4) {\n    flags.push('LARGE_HOME');\n  }\n  \n  // Keyword analysis for motivated sellers\n  const motivatedKeywords = ['motivated', 'must sell', 'urgent', 'relocating', 'divorce', 'estate'];\n  const hasMotivatedKeywords = motivatedKeywords.some(keyword => \n    property.description.toLowerCase().includes(keyword)\n  );\n  \n  if (hasMotivatedKeywords) {\n    flags.push('MOTIVATED_SELLER');\n    valuationScore += 15;\n  }\n  \n  // Calculate ROI potential\n  let roiPotential = 'Low';\n  if (valuationScore >= 80) roiPotential = 'High';\n  else if (valuationScore >= 65) roiPotential = 'Medium';\n  \n  analyzedProperties.push({\n    ...property,\n    analysis: {\n      estimatedValue: Math.round(estimatedValue),\n      listPrice: property.price,\n      potentialDiscount: Math.round(((estimatedValue - property.price) / estimatedValue) * 100),\n      pricePerSqft: Math.round(pricePerSqft),\n      valuationScore,\n      investmentPotential,\n      roiPotential,\n      flags,\n      analyzedAt: new Date().toISOString()\n    }\n  });\n}\n\n// Sort by valuation score (highest first)\nanalyzedProperties.sort((a, b) => b.analysis.valuationScore - a.analysis.valuationScore);\n\n// Filter for high-potential deals\nconst highPotentialDeals = analyzedProperties.filter(p => p.analysis.valuationScore >= 70);\n\nreturn [{\n  json: {\n    ...data,\n    properties: analyzedProperties,\n    highPotentialDeals,\n    analysis: {\n      totalAnalyzed: analyzedProperties.length,\n      highPotentialCount: highPotentialDeals.length,\n      averageValuationScore: Math.round(\n        analyzedProperties.reduce((sum, p) => sum + p.analysis.valuationScore, 0) / analyzedProperties.length\n      ),\n      bestDeal: analyzedProperties[0] || null,\n      flagSummary: {\n        significantDiscounts: analyzedProperties.filter(p => p.analysis.flags.includes('SIGNIFICANT_DISCOUNT')).length,\n        motivatedSellers: analyzedProperties.filter(p => p.analysis.flags.includes('MOTIVATED_SELLER')).length,\n        auctionProperties: analyzedProperties.filter(p => p.analysis.flags.includes('AUCTION_PROPERTY')).length,\n        fsboProperties: analyzedProperties.filter(p => p.analysis.flags.includes('FSBO')).length\n      }\n    }\n  }\n}];"
      },
      "id": "b8c9d0e1-cdef-0123-4567-89abcdef0123",
      "name": "AI Valuation Comparator",
      "type": "n8n-nodes-base.code",
      "typeVersion": 2,
      "position": [
        1120,
        300
      ]
    },
    {
      "parameters": {
        "authentication": "oAuth2",
        "resource": "sheet",
        "operation": "appendOrUpdate",
        "documentId": {
          "__rl": true,
          "value": "YOUR_GOOGLE_SHEET_ID",
          "mode": "id"
        },
        "sheetName": {
          "__rl": true,
          "value": "gid=2",
          "mode": "id"
        },
        "columns": {
          "mappingMode": "defineBelow",
          "value": {
            "timestamp": "={{ $json.searchTimestamp }}",
            "location": "={{ $json.searchLocation }}",
            "total_found": "={{ $json.totalFound }}",
            "high_potential_count": "={{ $json.analysis.highPotentialCount }}",
            "average_score": "={{ $json.analysis.averageValuationScore }}",
            "best_deal_price": "={{ $json.analysis.bestDeal ? $json.analysis.bestDeal.price : 0 }}",
            "best_deal_score": "={{ $json.analysis.bestDeal ? $json.analysis.bestDeal.analysis.valuationScore : 0 }}",
            "significant_discounts": "={{ $json.analysis.flagSummary.significantDiscounts }}",
            "motivated_sellers": "={{ $json.analysis.flagSummary.motivatedSellers }}",
            "auction_properties": "={{ $json.analysis.flagSummary.auctionProperties }}",
            "fsbo_properties": "={{ $json.analysis.flagSummary.fsboProperties }}"
          },
          "matchingColumns": [
            "timestamp"
          ],
          "schema": [
            {
              "id": "timestamp",
              "displayName": "timestamp",
              "required": false,
              "defaultMatch": false,
              "canBeUsedToMatch": true,
              "type": "string"
            },
            {
              "id": "location",
              "displayName": "location",
              "required": false,
              "defaultMatch": false,
              "canBeUsedToMatch": false,
              "type": "string"
            },
            {
              "id": "total_found",
              "displayName": "total_found",
              "required": false,
              "defaultMatch": false,
              "canBeUsedToMatch": false,
              "type": "number"
            },
            {
              "id": "high_potential_count",
              "displayName": "high_potential_count",
              "required": false,
              "defaultMatch": false,
              "canBeUsedToMatch": false,
              "type": "number"
            },
            {
              "id": "average_score",
              "displayName": "average_score",
              "required": false,
              "defaultMatch": false,
              "canBeUsedToMatch": false,
              "type": "number"
            },
            {
              "id": "best_deal_price",
              "displayName": "best_deal_price",
              "required": false,
              "defaultMatch": false,
              "canBeUsedToMatch": false,
              "type": "number"
            },
            {
              "id": "best_deal_score",
              "displayName": "best_deal_score",
              "required": false,
              "defaultMatch": false,
              "canBeUsedToMatch": false,
              "type": "number"
            },
            {
              "id": "significant_discounts",
              "displayName": "significant_discounts",
              "required": false,
              "defaultMatch": false,
              "canBeUsedToMatch": false,
              "type": "number"
            },
            {
              "id": "motivated_sellers",
              "displayName": "motivated_sellers",
              "required": false,
              "defaultMatch": false,
              "canBeUsedToMatch": false,
              "type": "number"
            },
            {
              "id": "auction_properties",
              "displayName": "auction_properties",
              "required": false,
              "defaultMatch": false,
              "canBeUsedToMatch": false,
              "type": "number"
            },
            {
              "id": "fsbo_properties",
              "displayName": "fsbo_properties",
              "required": false,
              "defaultMatch": false,
              "canBeUsedToMatch": false,
              "type": "number"
            }
          ]
        },
        "options": {}
      },
      "id": "c9d0e1f2-def0-1234-5678-9abcdef01234",
      "name": "Store Deal Data",
      "type": "n8n-nodes-base.googleSheets",
      "typeVersion": 4.2,
      "position": [
        1340,
        300
      ]
    }
  ],
  "connections": {
    "Deal Hunter Trigger": {
      "main": [
        [
          {
            "node": "Set Search Parameters",
            "type": "main",
            "index": 0
          }
        ]
      ]
    },
    "Set Search Parameters": {
      "main": [
        [
          {
            "node": "Craigslist FSBO Scraper",
            "type": "main",
            "index": 0
          },
          {
            "node": "Facebook Marketplace API",
            "type": "main",
            "index": 0
          },
          {
            "node": "FSBO.com API",
            "type": "main",
            "index": 0
          },
          {
            "node": "Auction.com Scraper",
            "type": "main",
            "index": 0
          }
        ]
      ]
    },
    "Craigslist FSBO Scraper": {
      "main": [
        [
          {
            "node": "Multi-Source Property Scraper",
            "type": "main",
            "index": 0
          }
        ]
      ]
    },
    "Facebook Marketplace API": {
      "main": [
        [
          {
            "node": "Multi-Source Property Scraper",
            "type": "main",
            "index": 0
          }
        ]
      ]
    },
    "FSBO.com API": {
      "main": [
        [
          {
            "node": "Multi-Source Property Scraper",
            "type": "main",
            "index": 0
          }
        ]
      ]
    },
    "Auction.com Scraper": {
      "main": [
        [
          {
            "node": "Multi-Source Property Scraper",
            "type": "main",
            "index": 0
          }
        ]
      ]
    },
    "Multi-Source Property Scraper": {
      "main": [
        [
          {
            "node": "AI Valuation Comparator",
            "type": "main",
            "index": 0
          }
        ]
      ]
    },
    "AI Valuation Comparator": {
      "main": [
        [
          {
            "node": "Store Deal Data",
            "type": "main",
            "index": 0
          }
        ]
      ]
    }
  },
  "pinData": {},
  "settings": {
    "executionOrder": "v1"
  },
  "staticData": null,
  "tags": [],
  "triggerCount": 0,
  "updatedAt": "2024-01-01T00:00:00.000Z",
  "versionId": "1"
}
