{
  "name": "3-Year ROI Projection Simulator",
  "nodes": [
    {
      "parameters": {
        "httpMethod": "POST",
        "path": "roi-analysis",
        "responseMode": "responseNode",
        "options": {}
      },
      "id": "a1b2c3d4-5678-9abc-def0-123456789abc",
      "name": "ROI Analysis Webhook",
      "type": "n8n-nodes-base.webhook",
      "typeVersion": 1,
      "position": [
        240,
        300
      ],
      "webhookId": "roi-analysis-webhook"
    },
    {
      "parameters": {
        "url": "https://api.stlouisfed.org/fred/series/observations",
        "options": {
          "queryParameterArrays": [
            {
              "name": "series_id",
              "value": "MORTGAGE30US"
            },
            {
              "name": "api_key",
              "value": "YOUR_FRED_API_KEY"
            },
            {
              "name": "file_type",
              "value": "json"
            },
            {
              "name": "limit",
              "value": "1"
            },
            {
              "name": "sort_order",
              "value": "desc"
            }
          ]
        }
      },
      "id": "b2c3d4e5-6789-abcd-ef01-23456789abcd",
      "name": "FRED Mortgage Rates",
      "type": "n8n-nodes-base.httpRequest",
      "typeVersion": 4.1,
      "position": [
        460,
        200
      ]
    },
    {
      "parameters": {
        "url": "https://api.stlouisfed.org/fred/series/observations",
        "options": {
          "queryParameterArrays": [
            {
              "name": "series_id",
              "value": "CPIAUCSL"
            },
            {
              "name": "api_key",
              "value": "YOUR_FRED_API_KEY"
            },
            {
              "name": "file_type",
              "value": "json"
            },
            {
              "name": "limit",
              "value": "12"
            },
            {
              "name": "sort_order",
              "value": "desc"
            }
          ]
        }
      },
      "id": "c3d4e5f6-789a-bcde-f012-3456789abcde",
      "name": "FRED Inflation Data",
      "type": "n8n-nodes-base.httpRequest",
      "typeVersion": 4.1,
      "position": [
        460,
        320
      ]
    },
    {
      "parameters": {
        "url": "https://api.bls.gov/publicAPI/v2/timeseries/data/LAUCT064482000000003",
        "options": {
          "headers": {
            "Content-Type": "application/json"
          },
          "body": {
            "seriesid": ["LAUCT064482000000003"],
            "startyear": "2023",
            "endyear": "2024",
            "registrationkey": "YOUR_BLS_API_KEY"
          }
        },
        "method": "POST"
      },
      "id": "d4e5f6a7-89ab-cdef-0123-456789abcdef",
      "name": "BLS Employment Data",
      "type": "n8n-nodes-base.httpRequest",
      "typeVersion": 4.1,
      "position": [
        460,
        440
      ]
    },
    {
      "parameters": {
        "jsCode": "// Monte Carlo ROI Simulation Engine\nconst webhookData = $('ROI Analysis Webhook').first().json;\nconst mortgageData = $('FRED Mortgage Rates').first().json;\nconst inflationData = $('FRED Inflation Data').first().json;\nconst employmentData = $('BLS Employment Data').first().json;\n\n// Extract input parameters\nconst {\n  propertyPrice = 800000,\n  downPayment = 160000, // 20%\n  monthlyRent = 4500,\n  propertyTaxRate = 0.012,\n  insuranceCost = 2400,\n  maintenanceRate = 0.01,\n  vacancyRate = 0.05,\n  managementFee = 0.08,\n  appreciationRate = 0.04,\n  rentGrowthRate = 0.03,\n  holdingPeriod = 36, // months\n  simulationRuns = 10000\n} = webhookData;\n\n// Extract market data\nconst currentMortgageRate = parseFloat(mortgageData.observations[0]?.value || 7.0) / 100;\nconst inflationRate = calculateInflationRate(inflationData.observations);\nconst unemploymentRate = parseFloat(employmentData.Results?.series?.[0]?.data?.[0]?.value || 3.5) / 100;\n\nfunction calculateInflationRate(observations) {\n  if (observations.length < 2) return 0.025; // Default 2.5%\n  const latest = parseFloat(observations[0].value);\n  const yearAgo = parseFloat(observations[11]?.value || observations[observations.length - 1].value);\n  return (latest - yearAgo) / yearAgo;\n}\n\n// Monte Carlo simulation\nconst simulations = [];\nconst loanAmount = propertyPrice - downPayment;\nconst monthlyMortgage = calculateMortgagePayment(loanAmount, currentMortgageRate, 360);\n\nfunction calculateMortgagePayment(principal, rate, months) {\n  const monthlyRate = rate / 12;\n  return principal * (monthlyRate * Math.pow(1 + monthlyRate, months)) / (Math.pow(1 + monthlyRate, months) - 1);\n}\n\nfunction generateRandomVariable(mean, stdDev, min = null, max = null) {\n  // Box-Muller transformation for normal distribution\n  const u1 = Math.random();\n  const u2 = Math.random();\n  const z = Math.sqrt(-2 * Math.log(u1)) * Math.cos(2 * Math.PI * u2);\n  let value = mean + z * stdDev;\n  \n  if (min !== null) value = Math.max(value, min);\n  if (max !== null) value = Math.min(value, max);\n  \n  return value;\n}\n\nfor (let run = 0; run < simulationRuns; run++) {\n  // Generate random variables for this simulation\n  const simAppreciationRate = generateRandomVariable(appreciationRate, 0.02, -0.05, 0.15);\n  const simRentGrowthRate = generateRandomVariable(rentGrowthRate, 0.015, -0.02, 0.08);\n  const simVacancyRate = generateRandomVariable(vacancyRate, 0.02, 0, 0.15);\n  const simMaintenanceRate = generateRandomVariable(maintenanceRate, 0.005, 0.005, 0.03);\n  \n  // Calculate cash flows for each year\n  let totalCashFlow = 0;\n  let propertyValue = propertyPrice;\n  let currentRent = monthlyRent;\n  let remainingLoanBalance = loanAmount;\n  \n  for (let month = 1; month <= holdingPeriod; month++) {\n    // Update rent annually\n    if (month % 12 === 1 && month > 1) {\n      currentRent *= (1 + simRentGrowthRate);\n    }\n    \n    // Monthly income\n    const effectiveRent = currentRent * (1 - simVacancyRate) * (1 - managementFee);\n    \n    // Monthly expenses\n    const monthlyPropertyTax = (propertyValue * propertyTaxRate) / 12;\n    const monthlyInsurance = insuranceCost / 12;\n    const monthlyMaintenance = (propertyValue * simMaintenanceRate) / 12;\n    const totalMonthlyExpenses = monthlyMortgage + monthlyPropertyTax + monthlyInsurance + monthlyMaintenance;\n    \n    // Net cash flow\n    const monthlyCashFlow = effectiveRent - totalMonthlyExpenses;\n    totalCashFlow += monthlyCashFlow;\n    \n    // Update property value and loan balance\n    if (month % 12 === 0) {\n      propertyValue *= (1 + simAppreciationRate);\n    }\n    \n    // Calculate principal payment (simplified)\n    const interestPayment = remainingLoanBalance * (currentMortgageRate / 12);\n    const principalPayment = monthlyMortgage - interestPayment;\n    remainingLoanBalance = Math.max(0, remainingLoanBalance - principalPayment);\n  }\n  \n  // Calculate final metrics\n  const finalPropertyValue = propertyValue;\n  const netProceeds = finalPropertyValue - remainingLoanBalance;\n  const totalReturn = totalCashFlow + (netProceeds - downPayment);\n  const annualizedROI = Math.pow((netProceeds + totalCashFlow) / downPayment, 12 / holdingPeriod) - 1;\n  const cashOnCashReturn = totalCashFlow / downPayment;\n  \n  simulations.push({\n    run: run + 1,\n    totalCashFlow: Math.round(totalCashFlow),\n    finalPropertyValue: Math.round(finalPropertyValue),\n    netProceeds: Math.round(netProceeds),\n    totalReturn: Math.round(totalReturn),\n    annualizedROI: Math.round(annualizedROI * 10000) / 100, // Percentage\n    cashOnCashReturn: Math.round(cashOnCashReturn * 10000) / 100,\n    appreciationUsed: Math.round(simAppreciationRate * 10000) / 100,\n    rentGrowthUsed: Math.round(simRentGrowthRate * 10000) / 100\n  });\n}\n\n// Calculate statistics\nsimulations.sort((a, b) => a.annualizedROI - b.annualizedROI);\n\nconst statistics = {\n  mean: simulations.reduce((sum, sim) => sum + sim.annualizedROI, 0) / simulationRuns,\n  median: simulations[Math.floor(simulationRuns / 2)].annualizedROI,\n  p10: simulations[Math.floor(simulationRuns * 0.1)].annualizedROI,\n  p25: simulations[Math.floor(simulationRuns * 0.25)].annualizedROI,\n  p75: simulations[Math.floor(simulationRuns * 0.75)].annualizedROI,\n  p90: simulations[Math.floor(simulationRuns * 0.9)].annualizedROI,\n  standardDeviation: 0,\n  positiveOutcomes: simulations.filter(s => s.annualizedROI > 0).length,\n  excellentOutcomes: simulations.filter(s => s.annualizedROI > 15).length\n};\n\n// Calculate standard deviation\nconst variance = simulations.reduce((sum, sim) => sum + Math.pow(sim.annualizedROI - statistics.mean, 2), 0) / simulationRuns;\nstatistics.standardDeviation = Math.sqrt(variance);\n\n// Risk assessment\nlet riskLevel = 'Low';\nlet riskColor = '#4CAF50';\nif (statistics.standardDeviation > 15) {\n  riskLevel = 'High';\n  riskColor = '#f44336';\n} else if (statistics.standardDeviation > 8) {\n  riskLevel = 'Medium';\n  riskColor = '#ff9800';\n}\n\n// Investment recommendation\nlet recommendation = 'Proceed with Caution';\nlet confidenceScore = 50;\n\nif (statistics.p25 > 8 && statistics.mean > 12) {\n  recommendation = 'Strong Buy';\n  confidenceScore = 85;\n} else if (statistics.p25 > 5 && statistics.mean > 8) {\n  recommendation = 'Buy';\n  confidenceScore = 70;\n} else if (statistics.p25 > 0 && statistics.mean > 4) {\n  recommendation = 'Consider';\n  confidenceScore = 60;\n} else if (statistics.p10 < -5) {\n  recommendation = 'Avoid';\n  confidenceScore = 25;\n}\n\nreturn [{\n  json: {\n    analysisId: `roi_${Date.now()}`,\n    timestamp: new Date().toISOString(),\n    inputParameters: {\n      propertyPrice,\n      downPayment,\n      monthlyRent,\n      holdingPeriod,\n      simulationRuns\n    },\n    marketConditions: {\n      mortgageRate: Math.round(currentMortgageRate * 10000) / 100,\n      inflationRate: Math.round(inflationRate * 10000) / 100,\n      unemploymentRate: Math.round(unemploymentRate * 10000) / 100\n    },\n    projectionResults: {\n      statistics: {\n        meanROI: Math.round(statistics.mean * 100) / 100,\n        medianROI: Math.round(statistics.median * 100) / 100,\n        p10ROI: Math.round(statistics.p10 * 100) / 100,\n        p25ROI: Math.round(statistics.p25 * 100) / 100,\n        p75ROI: Math.round(statistics.p75 * 100) / 100,\n        p90ROI: Math.round(statistics.p90 * 100) / 100,\n        standardDeviation: Math.round(statistics.standardDeviation * 100) / 100,\n        successRate: Math.round((statistics.positiveOutcomes / simulationRuns) * 10000) / 100,\n        excellenceRate: Math.round((statistics.excellentOutcomes / simulationRuns) * 10000) / 100\n      },\n      riskAssessment: {\n        level: riskLevel,\n        color: riskColor,\n        volatility: statistics.standardDeviation\n      },\n      recommendation: {\n        action: recommendation,\n        confidence: confidenceScore,\n        reasoning: generateRecommendationReasoning(statistics, recommendation)\n      }\n    },\n    detailedSimulations: simulations.slice(0, 100), // Store first 100 runs\n    summary: {\n      totalSimulations: simulationRuns,\n      averageReturn: Math.round(statistics.mean * 100) / 100,\n      probabilityOfProfit: Math.round((statistics.positiveOutcomes / simulationRuns) * 10000) / 100,\n      worstCase: statistics.p10,\n      bestCase: statistics.p90,\n      expectedCashFlow: Math.round(simulations.reduce((sum, sim) => sum + sim.totalCashFlow, 0) / simulationRuns)\n    }\n  }\n}];\n\nfunction generateRecommendationReasoning(stats, recommendation) {\n  const reasons = [];\n  \n  if (recommendation === 'Strong Buy') {\n    reasons.push(`Excellent risk-adjusted returns with ${Math.round(stats.positiveOutcomes / simulationRuns * 100)}% probability of profit`);\n    reasons.push(`Strong downside protection with P25 at ${Math.round(stats.p25 * 100) / 100}%`);\n  } else if (recommendation === 'Buy') {\n    reasons.push(`Good expected returns with manageable risk profile`);\n    reasons.push(`Positive outlook in most scenarios`);\n  } else if (recommendation === 'Consider') {\n    reasons.push(`Moderate returns with acceptable risk levels`);\n    reasons.push(`Market conditions provide some opportunity`);\n  } else if (recommendation === 'Proceed with Caution') {\n    reasons.push(`Mixed signals in market analysis`);\n    reasons.push(`Consider alternative opportunities`);\n  } else {\n    reasons.push(`High risk of negative returns`);\n    reasons.push(`Poor risk-reward ratio under current conditions`);\n  }\n  \n  return reasons.join('. ');\n}"
      },
      "id": "e5f6a7b8-9abc-def0-1234-56789abcdef0",
      "name": "Monte Carlo ROI Engine",
      "type": "n8n-nodes-base.code",
      "typeVersion": 2,
      "position": [
        680,
        300
      ]
    },
    {
      "parameters": {
        "jsCode": "// Generate comprehensive ROI report\nconst data = $input.first().json;\n\n// Create professional PDF-ready HTML report\nconst htmlReport = `\n<!DOCTYPE html>\n<html>\n<head>\n    <title>Real Estate ROI Analysis Report</title>\n    <style>\n        body { font-family: 'Segoe UI', Arial, sans-serif; margin: 0; padding: 20px; background: #f5f5f5; }\n        .container { max-width: 1200px; margin: 0 auto; background: white; border-radius: 10px; overflow: hidden; box-shadow: 0 4px 20px rgba(0,0,0,0.1); }\n        .header { background: linear-gradient(135deg, #667eea 0%, #764ba2 100%); color: white; padding: 30px; text-align: center; }\n        .header h1 { margin: 0; font-size: 2.5em; font-weight: 300; }\n        .header p { margin: 10px 0 0 0; opacity: 0.9; }\n        .content { padding: 30px; }\n        .section { margin-bottom: 40px; }\n        .section h2 { color: #333; border-bottom: 3px solid #667eea; padding-bottom: 10px; margin-bottom: 20px; }\n        .metrics-grid { display: grid; grid-template-columns: repeat(auto-fit, minmax(250px, 1fr)); gap: 20px; margin: 20px 0; }\n        .metric-card { background: #f8f9fa; border-left: 4px solid #667eea; padding: 20px; border-radius: 5px; }\n        .metric-value { font-size: 2em; font-weight: bold; color: #667eea; margin-bottom: 5px; }\n        .metric-label { color: #666; font-size: 0.9em; text-transform: uppercase; letter-spacing: 1px; }\n        .risk-indicator { display: inline-block; padding: 8px 16px; border-radius: 20px; color: white; font-weight: bold; text-transform: uppercase; }\n        .recommendation-box { background: linear-gradient(135deg, #43a047 0%, #388e3c 100%); color: white; padding: 25px; border-radius: 10px; margin: 20px 0; }\n        .recommendation-box.caution { background: linear-gradient(135deg, #ff9800 0%, #f57c00 100%); }\n        .recommendation-box.avoid { background: linear-gradient(135deg, #f44336 0%, #d32f2f 100%); }\n        .chart-placeholder { background: #f0f0f0; height: 300px; border-radius: 10px; display: flex; align-items: center; justify-content: center; color: #666; margin: 20px 0; }\n        .simulation-table { width: 100%; border-collapse: collapse; margin: 20px 0; }\n        .simulation-table th, .simulation-table td { padding: 12px; text-align: left; border-bottom: 1px solid #ddd; }\n        .simulation-table th { background: #f8f9fa; font-weight: 600; }\n        .percentile-bar { background: #e0e0e0; height: 20px; border-radius: 10px; margin: 10px 0; position: relative; }\n        .percentile-fill { background: linear-gradient(90deg, #f44336, #ff9800, #4caf50); height: 100%; border-radius: 10px; }\n        .input-summary { background: #f8f9fa; padding: 20px; border-radius: 10px; margin: 20px 0; }\n        .footer { background: #333; color: white; padding: 20px; text-align: center; font-size: 0.9em; }\n    </style>\n    <script src=\"https://cdn.jsdelivr.net/npm/chart.js\"></script>\n</head>\n<body>\n    <div class=\"container\">\n        <div class=\"header\">\n            <h1>ROI Projection Analysis</h1>\n            <p>Generated on ${new Date(data.timestamp).toLocaleDateString()} | Analysis ID: ${data.analysisId}</p>\n        </div>\n        \n        <div class=\"content\">\n            <div class=\"section\">\n                <h2>Executive Summary</h2>\n                <div class=\"recommendation-box ${data.projectionResults.recommendation.action.toLowerCase().includes('avoid') ? 'avoid' : data.projectionResults.recommendation.action.toLowerCase().includes('caution') ? 'caution' : ''}\">\n                    <h3 style=\"margin-top: 0;\">Recommendation: ${data.projectionResults.recommendation.action}</h3>\n                    <p><strong>Confidence Score:</strong> ${data.projectionResults.recommendation.confidence}%</p>\n                    <p>${data.projectionResults.recommendation.reasoning}</p>\n                </div>\n                \n                <div class=\"metrics-grid\">\n                    <div class=\"metric-card\">\n                        <div class=\"metric-value\">${data.projectionResults.statistics.meanROI}%</div>\n                        <div class=\"metric-label\">Expected Annual ROI</div>\n                    </div>\n                    <div class=\"metric-card\">\n                        <div class=\"metric-value\">${data.projectionResults.statistics.successRate}%</div>\n                        <div class=\"metric-label\">Probability of Profit</div>\n                    </div>\n                    <div class=\"metric-card\">\n                        <div class=\"metric-value\">$${data.summary.expectedCashFlow.toLocaleString()}</div>\n                        <div class=\"metric-label\">Expected Cash Flow</div>\n                    </div>\n                    <div class=\"metric-card\">\n                        <div class=\"metric-value\">\n                            <span class=\"risk-indicator\" style=\"background-color: ${data.projectionResults.riskAssessment.color}; font-size: 0.7em;\">\n                                ${data.projectionResults.riskAssessment.level} Risk\n                            </span>\n                        </div>\n                        <div class=\"metric-label\">Risk Assessment</div>\n                    </div>\n                </div>\n            </div>\n            \n            <div class=\"section\">\n                <h2>Investment Parameters</h2>\n                <div class=\"input-summary\">\n                    <div style=\"display: grid; grid-template-columns: repeat(auto-fit, minmax(200px, 1fr)); gap: 15px;\">\n                        <div><strong>Property Price:</strong> $${data.inputParameters.propertyPrice.toLocaleString()}</div>\n                        <div><strong>Down Payment:</strong> $${data.inputParameters.downPayment.toLocaleString()}</div>\n                        <div><strong>Monthly Rent:</strong> $${data.inputParameters.monthlyRent.toLocaleString()}</div>\n                        <div><strong>Holding Period:</strong> ${data.inputParameters.holdingPeriod} months</div>\n                        <div><strong>Mortgage Rate:</strong> ${data.marketConditions.mortgageRate}%</div>\n                        <div><strong>Inflation Rate:</strong> ${data.marketConditions.inflationRate}%</div>\n                    </div>\n                </div>\n            </div>\n            \n            <div class=\"section\">\n                <h2>Return Distribution Analysis</h2>\n                <div class=\"metrics-grid\">\n                    <div class=\"metric-card\">\n                        <div class=\"metric-value\">${data.projectionResults.statistics.p10ROI}%</div>\n                        <div class=\"metric-label\">10th Percentile (Worst Case)</div>\n                    </div>\n                    <div class=\"metric-card\">\n                        <div class=\"metric-value\">${data.projectionResults.statistics.p25ROI}%</div>\n                        <div class=\"metric-label\">25th Percentile</div>\n                    </div>\n                    <div class=\"metric-card\">\n                        <div class=\"metric-value\">${data.projectionResults.statistics.medianROI}%</div>\n                        <div class=\"metric-label\">Median Return</div>\n                    </div>\n                    <div class=\"metric-card\">\n                        <div class=\"metric-value\">${data.projectionResults.statistics.p75ROI}%</div>\n                        <div class=\"metric-label\">75th Percentile</div>\n                    </div>\n                    <div class=\"metric-card\">\n                        <div class=\"metric-value\">${data.projectionResults.statistics.p90ROI}%</div>\n                        <div class=\"metric-label\">90th Percentile (Best Case)</div>\n                    </div>\n                    <div class=\"metric-card\">\n                        <div class=\"metric-value\">${data.projectionResults.statistics.standardDeviation}%</div>\n                        <div class=\"metric-label\">Volatility (Std Dev)</div>\n                    </div>\n                </div>\n                \n                <div class=\"chart-placeholder\">\n                    ROI Distribution Chart\n                    <br><small>(Monte Carlo simulation results visualization)</small>\n                </div>\n            </div>\n            \n            <div class=\"section\">\n                <h2>Sample Simulation Results</h2>\n                <table class=\"simulation-table\">\n                    <thead>\n                        <tr>\n                            <th>Run #</th>\n                            <th>Annual ROI</th>\n                            <th>Total Cash Flow</th>\n                            <th>Final Property Value</th>\n                            <th>Net Proceeds</th>\n                        </tr>\n                    </thead>\n                    <tbody>\n                        ${data.detailedSimulations.slice(0, 10).map(sim => `\n                            <tr>\n                                <td>${sim.run}</td>\n                                <td>${sim.annualizedROI}%</td>\n                                <td>$${sim.totalCashFlow.toLocaleString()}</td>\n                                <td>$${sim.finalPropertyValue.toLocaleString()}</td>\n                                <td>$${sim.netProceeds.toLocaleString()}</td>\n                            </tr>\n                        `).join('')}\n                    </tbody>\n                </table>\n            </div>\n            \n            <div class=\"section\">\n                <h2>Risk Analysis</h2>\n                <p><strong>Risk Level:</strong> \n                    <span class=\"risk-indicator\" style=\"background-color: ${data.projectionResults.riskAssessment.color};\">\n                        ${data.projectionResults.riskAssessment.level}\n                    </span>\n                </p>\n                <p><strong>Volatility:</strong> ${data.projectionResults.riskAssessment.volatility.toFixed(2)}% (Standard Deviation)</p>\n                <p><strong>Success Rate:</strong> ${data.projectionResults.statistics.successRate}% of simulations showed positive returns</p>\n                <p><strong>Excellence Rate:</strong> ${data.projectionResults.statistics.excellenceRate}% of simulations showed >15% annual returns</p>\n            </div>\n            \n            <div class=\"section\">\n                <h2>Market Conditions</h2>\n                <div class=\"input-summary\">\n                    <p><strong>Current Mortgage Rate:</strong> ${data.marketConditions.mortgageRate}%</p>\n                    <p><strong>Inflation Rate:</strong> ${data.marketConditions.inflationRate}%</p>\n                    <p><strong>Unemployment Rate:</strong> ${data.marketConditions.unemploymentRate}%</p>\n                    <p><em>These economic indicators were factored into the Monte Carlo simulation model.</em></p>\n                </div>\n            </div>\n        </div>\n        \n        <div class=\"footer\">\n            <p>This analysis is based on Monte Carlo simulation with ${data.inputParameters.simulationRuns.toLocaleString()} iterations.</p>\n            <p>Results are projections and actual performance may vary. Consult with financial advisors before making investment decisions.</p>\n        </div>\n    </div>\n</body>\n</html>\n`;\n\nreturn [{\n  json: {\n    ...data,\n    report: {\n      html: htmlReport,\n      fileName: `roi_analysis_${data.analysisId}.html`,\n      generatedAt: new Date().toISOString()\n    }\n  }\n}];"
      },
      "id": "f6a7b8c9-abcd-ef01-2345-6789abcdef01",
      "name": "ROI Report Generator",
      "type": "n8n-nodes-base.code",
      "typeVersion": 2,
      "position": [
        900,
        300
      ]
    },
    {
      "parameters": {
        "authentication": "oAuth2",
        "resource": "sheet",
        "operation": "appendOrUpdate",
        "documentId": {
          "__rl": true,
          "value": "YOUR_GOOGLE_SHEET_ID",
          "mode": "id"
        },
        "sheetName": {
          "__rl": true,
          "value": "gid=3",
          "mode": "id"
        },
        "columns": {
          "mappingMode": "defineBelow",
          "value": {
            "analysis_id": "={{ $json.analysisId }}",
            "timestamp": "={{ $json.timestamp }}",
            "property_price": "={{ $json.inputParameters.propertyPrice }}",
            "down_payment": "={{ $json.inputParameters.downPayment }}",
            "monthly_rent": "={{ $json.inputParameters.monthlyRent }}",
            "expected_roi": "={{ $json.projectionResults.statistics.meanROI }}",
            "median_roi": "={{ $json.projectionResults.statistics.medianROI }}",
            "success_rate": "={{ $json.projectionResults.statistics.successRate }}",
            "risk_level": "={{ $json.projectionResults.riskAssessment.level }}",
            "recommendation": "={{ $json.projectionResults.recommendation.action }}",
            "confidence_score": "={{ $json.projectionResults.recommendation.confidence }}",
            "volatility": "={{ $json.projectionResults.riskAssessment.volatility }}",
            "p10_roi": "={{ $json.projectionResults.statistics.p10ROI }}",
            "p90_roi": "={{ $json.projectionResults.statistics.p90ROI }}",
            "expected_cash_flow": "={{ $json.summary.expectedCashFlow }}",
            "mortgage_rate": "={{ $json.marketConditions.mortgageRate }}",
            "report_file": "={{ $json.report.fileName }}"
          },
          "matchingColumns": [
            "analysis_id"
          ],
          "schema": [
            {
              "id": "analysis_id",
              "displayName": "analysis_id",
              "required": false,
              "defaultMatch": false,
              "canBeUsedToMatch": true,
              "type": "string"
            },
            {
              "id": "timestamp",
              "displayName": "timestamp",
              "required": false,
              "defaultMatch": false,
              "canBeUsedToMatch": false,
              "type": "string"
            },
            {
              "id": "property_price",
              "displayName": "property_price",
              "required": false,
              "defaultMatch": false,
              "canBeUsedToMatch": false,
              "type": "number"
            },
            {
              "id": "down_payment",
              "displayName": "down_payment",
              "required": false,
              "defaultMatch": false,
              "canBeUsedToMatch": false,
              "type": "number"
            },
            {
              "id": "monthly_rent",
              "displayName": "monthly_rent",
              "required": false,
              "defaultMatch": false,
              "canBeUsedToMatch": false,
              "type": "number"
            },
            {
              "id": "expected_roi",
              "displayName": "expected_roi",
              "required": false,
              "defaultMatch": false,
              "canBeUsedToMatch": false,
              "type": "number"
            },
            {
              "id": "median_roi",
              "displayName": "median_roi",
              "required": false,
              "defaultMatch": false,
              "canBeUsedToMatch": false,
              "type": "number"
            },
            {
              "id": "success_rate",
              "displayName": "success_rate",
              "required": false,
              "defaultMatch": false,
              "canBeUsedToMatch": false,
              "type": "number"
            },
            {
              "id": "risk_level",
              "displayName": "risk_level",
              "required": false,
              "defaultMatch": false,
              "canBeUsedToMatch": false,
              "type": "string"
            },
            {
              "id": "recommendation",
              "displayName": "recommendation",
              "required": false,
              "defaultMatch": false,
              "canBeUsedToMatch": false,
              "type": "string"
            },
            {
              "id": "confidence_score",
              "displayName": "confidence_score",
              "required": false,
              "defaultMatch": false,
              "canBeUsedToMatch": false,
              "type": "number"
            },
            {
              "id": "volatility",
              "displayName": "volatility",
              "required": false,
              "defaultMatch": false,
              "canBeUsedToMatch": false,
              "type": "number"
            },
            {
              "id": "p10_roi",
              "displayName": "p10_roi",
              "required": false,
              "defaultMatch": false,
              "canBeUsedToMatch": false,
              "type": "number"
            },
            {
              "id": "p90_roi",
              "displayName": "p90_roi",
              "required": false,
              "defaultMatch": false,
              "canBeUsedToMatch": false,
              "type": "number"
            },
            {
              "id": "expected_cash_flow",
              "displayName": "expected_cash_flow",
              "required": false,
              "defaultMatch": false,
              "canBeUsedToMatch": false,
              "type": "number"
            },
            {
              "id": "mortgage_rate",
              "displayName": "mortgage_rate",
              "required": false,
              "defaultMatch": false,
              "canBeUsedToMatch": false,
              "type": "number"
            },
            {
              "id": "report_file",
              "displayName": "report_file",
              "required": false,
              "defaultMatch": false,
              "canBeUsedToMatch": false,
              "type": "string"
            }
          ]
        },
        "options": {}
      },
      "id": "a7b8c9d0-bcde-f012-3456-789abcdef012",
      "name": "Store ROI Analysis",
      "type": "n8n-nodes-base.googleSheets",
      "typeVersion": 4.2,
      "position": [
        1120,
        300
      ]
    },
    {
      "parameters": {
        "respondWith": "json",
        "responseBody": "={{ JSON.stringify($json) }}"
      },
      "id": "b8c9d0e1-cdef-0123-4567-89abcdef0123",
      "name": "Return ROI Response",
      "type": "n8n-nodes-base.respondToWebhook",
      "typeVersion": 1,
      "position": [
        1340,
        300
      ]
    }
  ],
  "connections": {
    "ROI Analysis Webhook": {
      "main": [
        [
          {
            "node": "FRED Mortgage Rates",
            "type": "main",
            "index": 0
          },
          {
            "node": "FRED Inflation Data",
            "type": "main",
            "index": 0
          },
          {
            "node": "BLS Employment Data",
            "type": "main",
            "index": 0
          }
        ]
      ]
    },
    "FRED Mortgage Rates": {
      "main": [
        [
          {
            "node": "Monte Carlo ROI Engine",
            "type": "main",
            "index": 0
          }
        ]
      ]
    },
    "FRED Inflation Data": {
      "main": [
        [
          {
            "node": "Monte Carlo ROI Engine",
            "type": "main",
            "index": 0
          }
        ]
      ]
    },
    "BLS Employment Data": {
      "main": [
        [
          {
            "node": "Monte Carlo ROI Engine",
            "type": "main",
            "index": 0
          }
        ]
      ]
    },
    "Monte Carlo ROI Engine": {
      "main": [
        [
          {
            "node": "ROI Report Generator",
            "type": "main",
            "index": 0
          }
        ]
      ]
    },
    "ROI Report Generator": {
      "main": [
        [
          {
            "node": "Store ROI Analysis",
            "type": "main",
            "index": 0
          }
        ]
      ]
    },
    "Store ROI Analysis": {
      "main": [
        [
          {
            "node": "Return ROI Response",
            "type": "main",
            "index": 0
          }
        ]
      ]
    }
  },
  "pinData": {},
  "settings": {
    "executionOrder": "v1"
  },
  "staticData": null,
  "tags": [],
  "triggerCount": 0,
  "updatedAt": "2024-01-01T00:00:00.000Z",
  "versionId": "1"
}
