{
  "name": "Deal Alert System",
  "nodes": [
    {
      "parameters": {
        "rule": {
          "interval": [
            {
              "field": "minutes",
              "minutesInterval": 30
            }
          ]
        }
      },
      "id": "a1b2c3d4-5678-9abc-def0-123456789abc",
      "name": "Alert Check Trigger",
      "type": "n8n-nodes-base.cron",
      "typeVersion": 1,
      "position": [
        240,
        300
      ]
    },
    {
      "parameters": {
        "authentication": "oAuth2",
        "resource": "sheet",
        "operation": "read",
        "documentId": {
          "__rl": true,
          "value": "YOUR_GOOGLE_SHEET_ID",
          "mode": "id"
        },
        "sheetName": {
          "__rl": true,
          "value": "gid=2",
          "mode": "id"
        },
        "options": {}
      },
      "id": "b2c3d4e5-6789-abcd-ef01-23456789abcd",
      "name": "Get Latest Deals",
      "type": "n8n-nodes-base.googleSheets",
      "typeVersion": 4.2,
      "position": [
        460,
        300
      ]
    },
    {
      "parameters": {
        "authentication": "oAuth2",
        "resource": "sheet",
        "operation": "read",
        "documentId": {
          "__rl": true,
          "value": "YOUR_GOOGLE_SHEET_ID",
          "mode": "id"
        },
        "sheetName": {
          "__rl": true,
          "value": "gid=0",
          "mode": "id"
        },
        "options": {}
      },
      "id": "c3d4e5f6-789a-bcde-f012-3456789abcde",
      "name": "Get Market Signals",
      "type": "n8n-nodes-base.googleSheets",
      "typeVersion": 4.2,
      "position": [
        460,
        200
      ]
    },
    {
      "parameters": {
        "jsCode": "// Smart Deal Alert Engine\nconst dealsData = $('Get Latest Deals').all();\nconst marketData = $('Get Market Signals').all();\n\n// Define alert criteria\nconst alertCriteria = {\n  highValueDeals: {\n    minValuationScore: 75,\n    minPotentialDiscount: 15,\n    maxDaysOld: 1\n  },\n  marketOpportunities: {\n    strongBuySignal: 'BUY',\n    minMarketScore: 65,\n    minConfidence: 0.7\n  },\n  urgentAlerts: {\n    excellentDeals: 85,\n    motivatedSellers: true,\n    auctionDeadlines: 3 // days\n  }\n};\n\n// Process deals data\nconst alerts = [];\nconst now = new Date();\n\n// Check for high-value deal alerts\nfor (const dealRow of dealsData) {\n  const deal = dealRow.json;\n  \n  if (!deal.timestamp) continue;\n  \n  const dealDate = new Date(deal.timestamp);\n  const daysSinceListed = (now - dealDate) / (1000 * 60 * 60 * 24);\n  \n  // High-value deal alert\n  if (deal.best_deal_score >= alertCriteria.highValueDeals.minValuationScore && \n      daysSinceListed <= alertCriteria.highValueDeals.maxDaysOld) {\n    \n    alerts.push({\n      id: `deal_${Date.now()}_${Math.random().toString(36).substr(2, 9)}`,\n      type: 'HIGH_VALUE_DEAL',\n      priority: 'HIGH',\n      title: `🔥 Excellent Deal Alert - Score: ${deal.best_deal_score}`,\n      description: `High-scoring property found in ${deal.location} with valuation score of ${deal.best_deal_score}/100`,\n      details: {\n        location: deal.location,\n        score: deal.best_deal_score,\n        confidence: deal.confidence || 'N/A',\n        totalFound: deal.total_found,\n        highPotentialCount: deal.high_potential_count,\n        timestamp: deal.timestamp\n      },\n      actionRequired: 'Review property details and schedule viewing',\n      urgency: daysSinceListed < 0.5 ? 'IMMEDIATE' : 'HIGH',\n      createdAt: new Date().toISOString()\n    });\n  }\n  \n  // Motivated seller alert\n  if (deal.motivated_sellers > 0) {\n    alerts.push({\n      id: `motivated_${Date.now()}_${Math.random().toString(36).substr(2, 9)}`,\n      type: 'MOTIVATED_SELLERS',\n      priority: 'MEDIUM',\n      title: `💰 ${deal.motivated_sellers} Motivated Seller${deal.motivated_sellers > 1 ? 's' : ''} Found`,\n      description: `Properties with motivated seller indicators in ${deal.location}`,\n      details: {\n        location: deal.location,\n        count: deal.motivated_sellers,\n        totalProperties: deal.total_found,\n        timestamp: deal.timestamp\n      },\n      actionRequired: 'Contact sellers quickly for potential negotiations',\n      urgency: 'MEDIUM',\n      createdAt: new Date().toISOString()\n    });\n  }\n  \n  // Auction alert\n  if (deal.auction_properties > 0) {\n    alerts.push({\n      id: `auction_${Date.now()}_${Math.random().toString(36).substr(2, 9)}`,\n      type: 'AUCTION_OPPORTUNITY',\n      priority: 'MEDIUM',\n      title: `⏰ ${deal.auction_properties} Auction Properties Available`,\n      description: `Time-sensitive auction opportunities in ${deal.location}`,\n      details: {\n        location: deal.location,\n        count: deal.auction_properties,\n        totalProperties: deal.total_found,\n        timestamp: deal.timestamp\n      },\n      actionRequired: 'Review auction dates and prepare bidding strategy',\n      urgency: 'HIGH',\n      createdAt: new Date().toISOString()\n    });\n  }\n}\n\n// Check for market opportunity alerts\nfor (const marketRow of marketData) {\n  const market = marketRow.json;\n  \n  if (!market.timestamp) continue;\n  \n  const marketDate = new Date(market.timestamp);\n  const hoursSinceUpdate = (now - marketDate) / (1000 * 60 * 60);\n  \n  // Strong market signal alert\n  if (market.signal === 'BUY' && \n      market.market_score >= alertCriteria.marketOpportunities.minMarketScore &&\n      market.confidence >= alertCriteria.marketOpportunities.minConfidence &&\n      hoursSinceUpdate <= 24) {\n    \n    alerts.push({\n      id: `market_${Date.now()}_${Math.random().toString(36).substr(2, 9)}`,\n      type: 'MARKET_OPPORTUNITY',\n      priority: 'HIGH',\n      title: `📈 Strong BUY Signal - ${market.location}`,\n      description: `Market analysis indicates strong buying opportunity with ${Math.round(market.confidence * 100)}% confidence`,\n      details: {\n        location: market.location,\n        signal: market.signal,\n        marketScore: market.market_score,\n        confidence: Math.round(market.confidence * 100),\n        sentiment: market.sentiment,\n        timestamp: market.timestamp\n      },\n      actionRequired: 'Accelerate property search in this market',\n      urgency: market.confidence >= 0.8 ? 'HIGH' : 'MEDIUM',\n      createdAt: new Date().toISOString()\n    });\n  }\n}\n\n// Sort alerts by priority and urgency\nconst priorityOrder = { 'IMMEDIATE': 4, 'HIGH': 3, 'MEDIUM': 2, 'LOW': 1 };\nalerts.sort((a, b) => {\n  const aPriority = priorityOrder[a.urgency] || 1;\n  const bPriority = priorityOrder[b.urgency] || 1;\n  return bPriority - aPriority;\n});\n\n// Generate alert summary\nconst alertSummary = {\n  totalAlerts: alerts.length,\n  immediateAlerts: alerts.filter(a => a.urgency === 'IMMEDIATE').length,\n  highPriorityAlerts: alerts.filter(a => a.priority === 'HIGH').length,\n  mediumPriorityAlerts: alerts.filter(a => a.priority === 'MEDIUM').length,\n  alertTypes: {\n    highValueDeals: alerts.filter(a => a.type === 'HIGH_VALUE_DEAL').length,\n    motivatedSellers: alerts.filter(a => a.type === 'MOTIVATED_SELLERS').length,\n    auctionOpportunities: alerts.filter(a => a.type === 'AUCTION_OPPORTUNITY').length,\n    marketOpportunities: alerts.filter(a => a.type === 'MARKET_OPPORTUNITY').length\n  },\n  generatedAt: new Date().toISOString()\n};\n\nreturn [{\n  json: {\n    alertsGenerated: true,\n    summary: alertSummary,\n    alerts: alerts,\n    requiresNotification: alerts.length > 0,\n    topPriorityAlert: alerts[0] || null\n  }\n}];"
      },
      "id": "d4e5f6a7-89ab-cdef-0123-456789abcdef",
      "name": "Smart Alert Engine",
      "type": "n8n-nodes-base.code",
      "typeVersion": 2,
      "position": [
        680,
        300
      ]
    },
    {
      "parameters": {
        "conditions": {
          "options": {
            "caseSensitive": true,
            "leftValue": "",
            "typeValidation": "strict"
          },
          "conditions": [
            {
              "id": "f8b8c5a0-1234-5678-9abc-123456789abc",
              "leftValue": "={{ $json.requiresNotification }}",
              "rightValue": true,
              "operator": {
                "type": "boolean",
                "operation": "equal"
              }
            }
          ],
          "combinator": "and"
        },
        "options": {}
      },
      "id": "e5f6a7b8-9abc-def0-1234-56789abcdef0",
      "name": "Check if Alerts Exist",
      "type": "n8n-nodes-base.if",
      "typeVersion": 2,
      "position": [
        900,
        300
      ]
    },
    {
      "parameters": {
        "jsCode": "// Generate alert notifications for multiple channels\nconst data = $input.first().json;\nconst alerts = data.alerts || [];\nconst summary = data.summary || {};\n\nif (alerts.length === 0) {\n  return [{ json: { message: 'No alerts to send' } }];\n}\n\n// Generate email notification\nconst emailSubject = `🚨 ${summary.totalAlerts} Real Estate Alert${summary.totalAlerts > 1 ? 's' : ''} - Action Required`;\n\nconst emailBody = `\n<!DOCTYPE html>\n<html>\n<head>\n    <style>\n        body { font-family: 'Segoe UI', Arial, sans-serif; margin: 0; padding: 20px; background: #f5f5f5; }\n        .container { max-width: 600px; margin: 0 auto; background: white; border-radius: 10px; overflow: hidden; box-shadow: 0 4px 20px rgba(0,0,0,0.1); }\n        .header { background: linear-gradient(135deg, #ff6b6b 0%, #ee5a24 100%); color: white; padding: 25px; text-align: center; }\n        .header h1 { margin: 0; font-size: 1.8em; }\n        .summary { background: #f8f9fa; padding: 20px; border-bottom: 1px solid #e9ecef; }\n        .summary-grid { display: grid; grid-template-columns: repeat(auto-fit, minmax(120px, 1fr)); gap: 15px; text-align: center; }\n        .summary-item { background: white; padding: 15px; border-radius: 8px; border-left: 4px solid #ff6b6b; }\n        .summary-number { font-size: 1.5em; font-weight: bold; color: #ff6b6b; }\n        .summary-label { font-size: 0.9em; color: #666; text-transform: uppercase; }\n        .alert-item { padding: 20px; border-bottom: 1px solid #e9ecef; }\n        .alert-item:last-child { border-bottom: none; }\n        .alert-header { display: flex; justify-content: space-between; align-items: center; margin-bottom: 10px; }\n        .alert-title { font-weight: bold; color: #333; }\n        .priority-badge { padding: 4px 8px; border-radius: 12px; font-size: 0.8em; font-weight: bold; text-transform: uppercase; }\n        .priority-high { background: #ffebee; color: #c62828; }\n        .priority-medium { background: #fff3e0; color: #ef6c00; }\n        .priority-immediate { background: #f3e5f5; color: #7b1fa2; }\n        .alert-description { color: #666; margin-bottom: 10px; }\n        .alert-action { background: #e3f2fd; padding: 10px; border-radius: 5px; font-weight: 500; color: #1565c0; }\n        .footer { background: #333; color: white; padding: 15px; text-align: center; font-size: 0.9em; }\n    </style>\n</head>\n<body>\n    <div class=\"container\">\n        <div class=\"header\">\n            <h1>🚨 Real Estate Deal Alerts</h1>\n            <p>Generated on ${new Date(summary.generatedAt).toLocaleString()}</p>\n        </div>\n        \n        <div class=\"summary\">\n            <h3 style=\"margin-top: 0; color: #333;\">Alert Summary</h3>\n            <div class=\"summary-grid\">\n                <div class=\"summary-item\">\n                    <div class=\"summary-number\">${summary.totalAlerts}</div>\n                    <div class=\"summary-label\">Total Alerts</div>\n                </div>\n                <div class=\"summary-item\">\n                    <div class=\"summary-number\">${summary.immediateAlerts}</div>\n                    <div class=\"summary-label\">Immediate</div>\n                </div>\n                <div class=\"summary-item\">\n                    <div class=\"summary-number\">${summary.highPriorityAlerts}</div>\n                    <div class=\"summary-label\">High Priority</div>\n                </div>\n                <div class=\"summary-item\">\n                    <div class=\"summary-number\">${summary.alertTypes.highValueDeals}</div>\n                    <div class=\"summary-label\">Top Deals</div>\n                </div>\n            </div>\n        </div>\n        \n        ${alerts.slice(0, 10).map(alert => `\n            <div class=\"alert-item\">\n                <div class=\"alert-header\">\n                    <div class=\"alert-title\">${alert.title}</div>\n                    <div class=\"priority-badge priority-${alert.urgency.toLowerCase()}\">${alert.urgency}</div>\n                </div>\n                <div class=\"alert-description\">${alert.description}</div>\n                <div class=\"alert-action\">📋 Action: ${alert.actionRequired}</div>\n            </div>\n        `).join('')}\n        \n        <div class=\"footer\">\n            <p>This is an automated alert from your Real Estate Automation Hub.</p>\n            <p>Visit your dashboard for full details and property information.</p>\n        </div>\n    </div>\n</body>\n</html>\n`;\n\n// Generate Slack notification\nconst slackMessage = {\n  text: `🚨 ${summary.totalAlerts} New Real Estate Alert${summary.totalAlerts > 1 ? 's' : ''}`,\n  blocks: [\n    {\n      type: \"header\",\n      text: {\n        type: \"plain_text\",\n        text: `🚨 ${summary.totalAlerts} Real Estate Alert${summary.totalAlerts > 1 ? 's' : ''}`\n      }\n    },\n    {\n      type: \"section\",\n      fields: [\n        {\n          type: \"mrkdwn\",\n          text: `*Total Alerts:* ${summary.totalAlerts}`\n        },\n        {\n          type: \"mrkdwn\",\n          text: `*High Priority:* ${summary.highPriorityAlerts}`\n        },\n        {\n          type: \"mrkdwn\",\n          text: `*Top Deals:* ${summary.alertTypes.highValueDeals}`\n        },\n        {\n          type: \"mrkdwn\",\n          text: `*Motivated Sellers:* ${summary.alertTypes.motivatedSellers}`\n        }\n      ]\n    },\n    {\n      type: \"divider\"\n    }\n  ]\n};\n\n// Add top 3 alerts to Slack message\nfor (const alert of alerts.slice(0, 3)) {\n  const urgencyEmoji = {\n    'IMMEDIATE': '🔴',\n    'HIGH': '🟡',\n    'MEDIUM': '🟢'\n  };\n  \n  slackMessage.blocks.push({\n    type: \"section\",\n    text: {\n      type: \"mrkdwn\",\n      text: `${urgencyEmoji[alert.urgency] || '🔵'} *${alert.title}*\\n${alert.description}\\n_Action: ${alert.actionRequired}_`\n    }\n  });\n}\n\n// Add action buttons\nslackMessage.blocks.push({\n  type: \"actions\",\n  elements: [\n    {\n      type: \"button\",\n      text: {\n        type: \"plain_text\",\n        text: \"View Dashboard\"\n      },\n      style: \"primary\",\n      url: \"https://your-dashboard-url.com\"\n    },\n    {\n      type: \"button\",\n      text: {\n        type: \"plain_text\",\n        text: \"Review Deals\"\n      },\n      url: \"https://your-deals-url.com\"\n    }\n  ]\n});\n\n// Generate SMS notification (for top priority only)\nlet smsMessage = '';\nif (summary.immediateAlerts > 0 || summary.highPriorityAlerts > 0) {\n  const topAlert = alerts[0];\n  smsMessage = `🚨 URGENT: ${topAlert.title} - ${topAlert.description}. Action: ${topAlert.actionRequired}. Check dashboard for details.`;\n}\n\n// Generate push notification\nconst pushNotification = {\n  title: `🚨 ${summary.totalAlerts} Real Estate Alert${summary.totalAlerts > 1 ? 's' : ''}`,\n  body: alerts[0] ? alerts[0].description : 'New opportunities found',\n  data: {\n    alertCount: summary.totalAlerts,\n    topPriority: alerts[0]?.urgency || 'MEDIUM',\n    timestamp: summary.generatedAt\n  }\n};\n\nreturn [{\n  json: {\n    notifications: {\n      email: {\n        subject: emailSubject,\n        html: emailBody,\n        priority: 'high'\n      },\n      slack: slackMessage,\n      sms: {\n        message: smsMessage,\n        enabled: smsMessage.length > 0\n      },\n      push: pushNotification\n    },\n    alertData: data,\n    shouldSend: true\n  }\n}];"
      },
      "id": "f6a7b8c9-abcd-ef01-2345-6789abcdef01",
      "name": "Generate Alert Notifications",
      "type": "n8n-nodes-base.code",
      "typeVersion": 2,
      "position": [
        1120,
        300
      ]
    },
    {
      "parameters": {
        "assignments": {
          "assignments": [
            {
              "id": "8a1b2c3d-4567-89ab-cdef-123456789abc",
              "name": "emailData",
              "value": "={{ $json.notifications.email }}",
              "type": "object"
            },
            {
              "id": "9b2c3d4e-5678-9abc-def0-123456789bcd",
              "name": "slackData",
              "value": "={{ $json.notifications.slack }}",
              "type": "object"
            },
            {
              "id": "ac3d4e5f-6789-abcd-ef01-23456789cdef",
              "name": "smsData",
              "value": "={{ $json.notifications.sms }}",
              "type": "object"
            }
          ]
        },
        "options": {}
      },
      "id": "a7b8c9d0-bcde-f012-3456-789abcdef012",
      "name": "Split Notifications",
      "type": "n8n-nodes-base.set",
      "typeVersion": 3.2,
      "position": [
        1340,
        300
      ]
    },
    {
      "parameters": {
        "resource": "email",
        "operation": "send",
        "toEmail": "your-email@example.com",
        "subject": "={{ $json.emailData.subject }}",
        "emailType": "html",
        "message": "={{ $json.emailData.html }}",
        "options": {
          "priority": "high"
        }
      },
      "id": "b8c9d0e1-cdef-0123-4567-89abcdef0123",
      "name": "Send Email Alert",
      "type": "n8n-nodes-base.gmail",
      "typeVersion": 2.1,
      "position": [
        1560,
        200
      ]
    },
    {
      "parameters": {
        "authentication": "webhook",
        "select": "channel",
        "channelId": {
          "__rl": true,
          "value": "C1234567890",
          "mode": "list",
          "cachedResultName": "#real-estate-alerts"
        },
        "text": "={{ $json.slackData.text }}",
        "otherOptions": {
          "blocks": "={{ JSON.stringify($json.slackData.blocks) }}"
        }
      },
      "id": "c9d0e1f2-def0-1234-5678-9abcdef01234",
      "name": "Send Slack Alert",
      "type": "n8n-nodes-base.slack",
      "typeVersion": 2.1,
      "position": [
        1560,
        300
      ]
    },
    {
      "parameters": {
        "conditions": {
          "options": {
            "caseSensitive": true,
            "leftValue": "",
            "typeValidation": "strict"
          },
          "conditions": [
            {
              "id": "5f7a9c1e-2345-6789-abcd-ef0123456789",
              "leftValue": "={{ $json.smsData.enabled }}",
              "rightValue": true,
              "operator": {
                "type": "boolean",
                "operation": "equal"
              }
            }
          ],
          "combinator": "and"
        },
        "options": {}
      },
      "id": "d0e1f2a3-ef01-2345-6789-abcdef012345",
      "name": "Check SMS Required",
      "type": "n8n-nodes-base.if",
      "typeVersion": 2,
      "position": [
        1560,
        400
      ]
    },
    {
      "parameters": {
        "authentication": "predefinedCredentialType",
        "nodeCredentialType": "twilioApi",
        "body": {
          "To": "+1234567890",
          "From": "+0987654321",
          "Body": "={{ $json.smsData.message }}"
        },
        "options": {}
      },
      "id": "e1f2a3b4-f012-3456-789a-bcdef0123456",
      "name": "Send SMS Alert",
      "type": "n8n-nodes-base.twilio",
      "typeVersion": 1,
      "position": [
        1780,
        400
      ]
    },
    {
      "parameters": {
        "authentication": "oAuth2",
        "resource": "sheet",
        "operation": "appendOrUpdate",
        "documentId": {
          "__rl": true,
          "value": "YOUR_GOOGLE_SHEET_ID",
          "mode": "id"
        },
        "sheetName": {
          "__rl": true,
          "value": "gid=4",
          "mode": "id"
        },
        "columns": {
          "mappingMode": "defineBelow",
          "value": {
            "timestamp": "={{ $json.alertData.summary.generatedAt }}",
            "total_alerts": "={{ $json.alertData.summary.totalAlerts }}",
            "immediate_alerts": "={{ $json.alertData.summary.immediateAlerts }}",
            "high_priority_alerts": "={{ $json.alertData.summary.highPriorityAlerts }}",
            "high_value_deals": "={{ $json.alertData.summary.alertTypes.highValueDeals }}",
            "motivated_sellers": "={{ $json.alertData.summary.alertTypes.motivatedSellers }}",
            "auction_opportunities": "={{ $json.alertData.summary.alertTypes.auctionOpportunities }}",
            "market_opportunities": "={{ $json.alertData.summary.alertTypes.marketOpportunities }}",
            "top_alert_type": "={{ $json.alertData.topPriorityAlert ? $json.alertData.topPriorityAlert.type : 'None' }}",
            "top_alert_urgency": "={{ $json.alertData.topPriorityAlert ? $json.alertData.topPriorityAlert.urgency : 'None' }}",
            "notifications_sent": "email,slack{{ $json.smsData.enabled ? ',sms' : '' }}"
          },
          "matchingColumns": [
            "timestamp"
          ],
          "schema": [
            {
              "id": "timestamp",
              "displayName": "timestamp",
              "required": false,
              "defaultMatch": false,
              "canBeUsedToMatch": true,
              "type": "string"
            },
            {
              "id": "total_alerts",
              "displayName": "total_alerts",
              "required": false,
              "defaultMatch": false,
              "canBeUsedToMatch": false,
              "type": "number"
            },
            {
              "id": "immediate_alerts",
              "displayName": "immediate_alerts",
              "required": false,
              "defaultMatch": false,
              "canBeUsedToMatch": false,
              "type": "number"
            },
            {
              "id": "high_priority_alerts",
              "displayName": "high_priority_alerts",
              "required": false,
              "defaultMatch": false,
              "canBeUsedToMatch": false,
              "type": "number"
            },
            {
              "id": "high_value_deals",
              "displayName": "high_value_deals",
              "required": false,
              "defaultMatch": false,
              "canBeUsedToMatch": false,
              "type": "number"
            },
            {
              "id": "motivated_sellers",
              "displayName": "motivated_sellers",
              "required": false,
              "defaultMatch": false,
              "canBeUsedToMatch": false,
              "type": "number"
            },
            {
              "id": "auction_opportunities",
              "displayName": "auction_opportunities",
              "required": false,
              "defaultMatch": false,
              "canBeUsedToMatch": false,
              "type": "number"
            },
            {
              "id": "market_opportunities",
              "displayName": "market_opportunities",
              "required": false,
              "defaultMatch": false,
              "canBeUsedToMatch": false,
              "type": "number"
            },
            {
              "id": "top_alert_type",
              "displayName": "top_alert_type",
              "required": false,
              "defaultMatch": false,
              "canBeUsedToMatch": false,
              "type": "string"
            },
            {
              "id": "top_alert_urgency",
              "displayName": "top_alert_urgency",
              "required": false,
              "defaultMatch": false,
              "canBeUsedToMatch": false,
              "type": "string"
            },
            {
              "id": "notifications_sent",
              "displayName": "notifications_sent",
              "required": false,
              "defaultMatch": false,
              "canBeUsedToMatch": false,
              "type": "string"
            }
          ]
        },
        "options": {}
      },
      "id": "f2a3b4c5-0123-4567-89ab-cdef01234567",
      "name": "Log Alert Activity",
      "type": "n8n-nodes-base.googleSheets",
      "typeVersion": 4.2,
      "position": [
        1780,
        300
      ]
    }
  ],
  "connections": {
    "Alert Check Trigger": {
      "main": [
        [
          {
            "node": "Get Latest Deals",
            "type": "main",
            "index": 0
          },
          {
            "node": "Get Market Signals",
            "type": "main",
            "index": 0
          }
        ]
      ]
    },
    "Get Latest Deals": {
      "main": [
        [
          {
            "node": "Smart Alert Engine",
            "type": "main",
            "index": 0
          }
        ]
      ]
    },
    "Get Market Signals": {
      "main": [
        [
          {
            "node": "Smart Alert Engine",
            "type": "main",
            "index": 0
          }
        ]
      ]
    },
    "Smart Alert Engine": {
      "main": [
        [
          {
            "node": "Check if Alerts Exist",
            "type": "main",
            "index": 0
          }
        ]
      ]
    },
    "Check if Alerts Exist": {
      "main": [
        [
          {
            "node": "Generate Alert Notifications",
            "type": "main",
            "index": 0
          }
        ]
      ]
    },
    "Generate Alert Notifications": {
      "main": [
        [
          {
            "node": "Split Notifications",
            "type": "main",
            "index": 0
          }
        ]
      ]
    },
    "Split Notifications": {
      "main": [
        [
          {
            "node": "Send Email Alert",
            "type": "main",
            "index": 0
          },
          {
            "node": "Send Slack Alert",
            "type": "main",
            "index": 0
          },
          {
            "node": "Check SMS Required",
            "type": "main",
            "index": 0
          },
          {
            "node": "Log Alert Activity",
            "type": "main",
            "index": 0
          }
        ]
      ]
    },
    "Check SMS Required": {
      "main": [
        [
          {
            "node": "Send SMS Alert",
            "type": "main",
            "index": 0
          }
        ]
      ]
    }
  },
  "pinData": {},
  "settings": {
    "executionOrder": "v1"
  },
  "staticData": null,
  "tags": [],
  "triggerCount": 0,
  "updatedAt": "2024-01-01T00:00:00.000Z",
  "versionId": "1"
}
