{
  "name": "Property Valuation Engine",
  "nodes": [
    {
      "parameters": {
        "httpMethod": "POST",
        "path": "property-valuation",
        "responseMode": "responseNode",
        "options": {}
      },
      "id": "a1b2c3d4-5678-9abc-def0-123456789abc",
      "name": "Property Valuation Trigger",
      "type": "n8n-nodes-base.webhook",
      "typeVersion": 1,
      "position": [240, 300],
      "webhookId": "property-valuation-webhook"
    },
    {
      "parameters": {
        "jsCode": "// Property Valuation Engine\nconst valuationData = $input.first().json;\nconst valuationId = `val_${Date.now()}_${Math.random().toString(36).substr(2, 9)}`;\n\nasync function processPropertyValuation(data) {\n  return {\n    valuationId,\n    propertyAddress: data.property_address || '123 Sample Property St',\n    bedrooms: data.bedrooms || 3,\n    bathrooms: data.bathrooms || 2,\n    sqft: data.sqft || 1500,\n    yearBuilt: data.year_built || 1990,\n    propertyType: data.property_type || 'single_family',\n    generatedDate: new Date().toISOString(),\n    valuationStatus: 'Complete',\n    confidence: 'High',\n    result: {\n      valuationSummary: {\n        propertyAddress: data.property_address || '123 Sample Property St',\n        bedrooms: data.bedrooms || 3,\n        bathrooms: data.bathrooms || 2,\n        sqft: data.sqft || 1500,\n        yearBuilt: data.year_built || 1990,\n        propertyType: data.property_type || 'single_family',\n        estimatedValue: 485000,\n        pricePerSqft: 323,\n        confidenceLevel: 88,\n        lastUpdated: new Date().toISOString()\n      },\n      valuationMethods: {\n        comparativeMarketAnalysis: {\n          value: 485000,\n          confidence: 92,\n          comparablesUsed: 12,\n          averageDaysOnMarket: 23,\n          priceAdjustments: {\n            sizeAdjustment: 5000,\n            conditionAdjustment: -2000,\n            locationAdjustment: 8000,\n            ageAdjustment: -3000\n          },\n          comparableProperties: [\n            {\n              address: '125 Nearby St',\n              soldPrice: 475000,\n              sqft: 1450,\n              bedrooms: 3,\n              bathrooms: 2,\n              daysSold: 18\n            },\n            {\n              address: '127 Similar Ave',\n              soldPrice: 495000,\n              sqft: 1550,\n              bedrooms: 3,\n              bathrooms: 2.5,\n              daysSold: 28\n            }\n          ]\n        },\n        incomeApproach: {\n          value: 472000,\n          confidence: 75,\n          monthlyRent: 2800,\n          annualRent: 33600,\n          grossRentMultiplier: 14.4,\n          capRate: 6.2,\n          netOperatingIncome: 29400,\n          operatingExpenses: 4200,\n          vacancyRate: 5.0\n        },\n        costApproach: {\n          value: 465000,\n          confidence: 70,\n          landValue: 185000,\n          improvementValue: 320000,\n          depreciation: 40000,\n          constructionCostPerSqft: 240,\n          totalConstructionCost: 360000,\n          effectiveAge: 15\n        }\n      },\n      marketAnalysis: {\n        marketConditions: 'Strong Seller Market',\n        priceDirection: 'Appreciating',\n        inventoryLevel: 'Low',\n        daysOnMarket: 23,\n        priceGrowthYoY: 8.5,\n        priceGrowthQoQ: 2.1,\n        marketTrend: 'Upward',\n        competitionLevel: 'High',\n        seasonalFactors: 'Spring market boost'\n      },\n      investmentMetrics: {\n        rentabilityIndex: 1.23,\n        priceToRentRatio: 14.4,\n        capRate: 6.2,\n        cashOnCashReturn: 12.8,\n        totalROI: 18.5,\n        paybackPeriod: 5.2,\n        appreciationForecast: 6.5,\n        riskRating: 'Low-Medium',\n        liquidityScore: 85\n      },\n      recommendedActions: {\n        primaryRecommendation: 'Strong Investment Opportunity',\n        reasoning: 'Property shows excellent value with strong market fundamentals',\n        urgency: 'Act within 7 days',\n        priceNegotiation: 'Limited room for negotiation in current market',\n        inspectionPriorities: [\n          'HVAC system condition',\n          'Roof and structural integrity',\n          'Plumbing and electrical systems',\n          'Foundation and drainage'\n        ],\n        improvementOpportunities: [\n          'Kitchen modernization (+$15,000 value)',\n          'Bathroom updates (+$8,000 value)',\n          'Landscaping enhancement (+$5,000 value)',\n          'Energy efficiency upgrades (+$10,000 value)'\n        ]\n      },\n      riskAssessment: {\n        marketRisk: {\n          level: 'Low',\n          factors: ['Stable demand', 'Limited supply', 'Economic growth'],\n          mitigation: 'Strong fundamentals reduce market risk'\n        },\n        propertyRisk: {\n          level: 'Medium',\n          factors: ['Property age', 'Maintenance requirements'],\n          mitigation: 'Professional inspection recommended'\n        },\n        financialRisk: {\n          level: 'Low',\n          factors: ['Stable cash flow', 'Good loan terms available'],\n          mitigation: 'Conservative financing approach'\n        },\n        overallRisk: 'Low-Medium',\n        riskScore: 3.2\n      }\n    }\n  };\n}\n\nconst valuationResult = await processPropertyValuation(valuationData);\nreturn [{ json: valuationResult }];"
      },
      "id": "d4e5f6a7-89ab-cdef-0123-456789abcdef",
      "name": "Process Property Valuation",
      "type": "n8n-nodes-base.code",
      "typeVersion": 2,
      "position": [460, 300]
    },
    {
      "parameters": {
        "resource": "email",
        "operation": "send",
        "toEmail": "valuation@company.com",
        "subject": "🏠 Property Valuation Complete: {{ $json.propertyAddress }} - ${{ $json.result.valuationSummary.estimatedValue.toLocaleString() }}",
        "emailType": "html",
        "message": "<!DOCTYPE html>\\n<html>\\n<body>\\n<div style=\\\"background: white; padding: 30px; border-radius: 10px;\\\">\\n    <div style=\\\"background: linear-gradient(135deg, #2c3e50, #3498db); color: white; padding: 20px; text-align: center; border-radius: 8px; margin-bottom: 20px;\\\">\\n        <h1>🏠 Property Valuation Report</h1>\\n        <h2>{{ $json.propertyAddress }}</h2>\\n        <p>Valuation Date: {{ new Date($json.generatedDate).toLocaleDateString() }} | Confidence: {{ $json.result.valuationSummary.confidenceLevel }}%</p>\\n    </div>\\n    \\n    <div style=\\\"background: #e8f5e8; border: 1px solid #27ae60; padding: 20px; border-radius: 8px; margin: 20px 0;\\\">\\n        <h3>💰 Estimated Property Value</h3>\\n        <div style=\\\"text-align: center;\\\">\\n            <h2 style=\\\"color: #27ae60; font-size: 2.5em; margin: 10px 0;\\\">${{ $json.result.valuationSummary.estimatedValue.toLocaleString() }}</h2>\\n            <p><strong>Price per Square Foot:</strong> ${{ $json.result.valuationSummary.pricePerSqft }}</p>\\n            <p><strong>Confidence Level:</strong> {{ $json.result.valuationSummary.confidenceLevel }}%</p>\\n        </div>\\n    </div>\\n    \\n    <div style=\\\"background: #f8f9fa; padding: 20px; border-radius: 8px; margin: 20px 0;\\\">\\n        <h3>🏡 Property Details</h3>\\n        <div style=\\\"display: grid; grid-template-columns: 1fr 1fr 1fr; gap: 20px;\\\">\\n            <div>\\n                <p><strong>Bedrooms:</strong> {{ $json.bedrooms }}</p>\\n                <p><strong>Bathrooms:</strong> {{ $json.bathrooms }}</p>\\n            </div>\\n            <div>\\n                <p><strong>Square Feet:</strong> {{ $json.sqft.toLocaleString() }}</p>\\n                <p><strong>Year Built:</strong> {{ $json.yearBuilt }}</p>\\n            </div>\\n            <div>\\n                <p><strong>Property Type:</strong> {{ $json.propertyType.replace('_', ' ') }}</p>\\n                <p><strong>Valuation Status:</strong> {{ $json.valuationStatus }}</p>\\n            </div>\\n        </div>\\n    </div>\\n    \\n    <h3>📊 Valuation Methods</h3>\\n    <div style=\\\"display: grid; grid-template-columns: 1fr 1fr 1fr; gap: 20px; margin: 20px 0;\\\">\\n        <div style=\\\"background: #e8f5e8; padding: 15px; border-radius: 8px; border-left: 4px solid #27ae60;\\\">\\n            <h4>Market Analysis</h4>\\n            <p><strong>Value:</strong> ${{ $json.result.valuationMethods.comparativeMarketAnalysis.value.toLocaleString() }}</p>\\n            <p><strong>Confidence:</strong> {{ $json.result.valuationMethods.comparativeMarketAnalysis.confidence }}%</p>\\n            <p><strong>Comparables:</strong> {{ $json.result.valuationMethods.comparativeMarketAnalysis.comparablesUsed }}</p>\\n        </div>\\n        \\n        <div style=\\\"background: #fff3cd; padding: 15px; border-radius: 8px; border-left: 4px solid #ffc107;\\\">\\n            <h4>Income Approach</h4>\\n            <p><strong>Value:</strong> ${{ $json.result.valuationMethods.incomeApproach.value.toLocaleString() }}</p>\\n            <p><strong>Monthly Rent:</strong> ${{ $json.result.valuationMethods.incomeApproach.monthlyRent.toLocaleString() }}</p>\\n            <p><strong>Cap Rate:</strong> {{ $json.result.valuationMethods.incomeApproach.capRate }}%</p>\\n        </div>\\n        \\n        <div style=\\\"background: #e6f7ff; padding: 15px; border-radius: 8px; border-left: 4px solid #17a2b8;\\\">\\n            <h4>Cost Approach</h4>\\n            <p><strong>Value:</strong> ${{ $json.result.valuationMethods.costApproach.value.toLocaleString() }}</p>\\n            <p><strong>Land Value:</strong> ${{ $json.result.valuationMethods.costApproach.landValue.toLocaleString() }}</p>\\n            <p><strong>Improvement:</strong> ${{ $json.result.valuationMethods.costApproach.improvementValue.toLocaleString() }}</p>\\n        </div>\\n    </div>\\n    \\n    <div style=\\\"background: #e6f7ff; border: 1px solid #17a2b8; padding: 20px; border-radius: 8px; margin: 20px 0;\\\">\\n        <h3>📈 Investment Metrics</h3>\\n        <div style=\\\"display: grid; grid-template-columns: 1fr 1fr; gap: 20px;\\\">\\n            <div>\\n                <p><strong>Cap Rate:</strong> {{ $json.result.investmentMetrics.capRate }}%</p>\\n                <p><strong>Cash-on-Cash Return:</strong> {{ $json.result.investmentMetrics.cashOnCashReturn }}%</p>\\n                <p><strong>Total ROI:</strong> {{ $json.result.investmentMetrics.totalROI }}%</p>\\n            </div>\\n            <div>\\n                <p><strong>Payback Period:</strong> {{ $json.result.investmentMetrics.paybackPeriod }} years</p>\\n                <p><strong>Risk Rating:</strong> {{ $json.result.investmentMetrics.riskRating }}</p>\\n                <p><strong>Liquidity Score:</strong> {{ $json.result.investmentMetrics.liquidityScore }}/100</p>\\n            </div>\\n        </div>\\n    </div>\\n    \\n    <div style=\\\"background: #fff3cd; border: 1px solid #ffc107; padding: 20px; border-radius: 8px; margin: 20px 0;\\\">\\n        <h3>⚠️ Risk Assessment</h3>\\n        <div style=\\\"display: grid; grid-template-columns: 1fr 1fr; gap: 20px;\\\">\\n            <div>\\n                <p><strong>Overall Risk:</strong> {{ $json.result.riskAssessment.overallRisk }}</p>\\n                <p><strong>Market Risk:</strong> {{ $json.result.riskAssessment.marketRisk.level }}</p>\\n                <p><strong>Property Risk:</strong> {{ $json.result.riskAssessment.propertyRisk.level }}</p>\\n            </div>\\n            <div>\\n                <p><strong>Financial Risk:</strong> {{ $json.result.riskAssessment.financialRisk.level }}</p>\\n                <p><strong>Risk Score:</strong> {{ $json.result.riskAssessment.riskScore }}/10</p>\\n            </div>\\n        </div>\\n    </div>\\n    \\n    <div style=\\\"background: #e8f5e8; border: 1px solid #27ae60; padding: 20px; border-radius: 8px; margin: 20px 0;\\\">\\n        <h3>💡 Recommendations</h3>\\n        <p><strong>Primary Recommendation:</strong> {{ $json.result.recommendedActions.primaryRecommendation }}</p>\\n        <p><strong>Reasoning:</strong> {{ $json.result.recommendedActions.reasoning }}</p>\\n        <p><strong>Urgency:</strong> {{ $json.result.recommendedActions.urgency }}</p>\\n        <p><strong>Negotiation Strategy:</strong> {{ $json.result.recommendedActions.priceNegotiation }}</p>\\n    </div>\\n    \\n    <div style=\\\"background: #f8f9fa; padding: 20px; border-radius: 8px; margin: 20px 0;\\\">\\n        <h3>📋 Valuation Details</h3>\\n        <p><strong>Valuation ID:</strong> {{ $json.valuationId }}</p>\\n        <p><strong>Market Conditions:</strong> {{ $json.result.marketAnalysis.marketConditions }}</p>\\n        <p><strong>Price Direction:</strong> {{ $json.result.marketAnalysis.priceDirection }}</p>\\n        <p><strong>Generated:</strong> {{ new Date($json.generatedDate).toLocaleDateString() }}</p>\\n    </div>\\n    \\n    <p>This property valuation provides comprehensive analysis using multiple valuation approaches for accurate market assessment.</p>\\n    \\n    <p>Best regards,<br>Property Valuation Team</p>\\n</div>\\n</body>\\n</html>",
        "options": {}
      },
      "id": "f6a7b8c9-abcd-ef01-2345-6789abcdef01",
      "name": "Send Valuation Report",
      "type": "n8n-nodes-base.gmail",
      "typeVersion": 2.1,
      "position": [680, 300]
    }
  ],
  "connections": {
    "Property Valuation Trigger": {
      "main": [
        [
          {
            "node": "Process Property Valuation",
            "type": "main",
            "index": 0
          }
        ]
      ]
    },
    "Process Property Valuation": {
      "main": [
        [
          {
            "node": "Send Valuation Report",
            "type": "main",
            "index": 0
          }
        ]
      ]
    }
  }
}
