{
  "name": "Lead Management System",
  "nodes": [
    {
      "parameters": {
        "httpMethod": "POST",
        "path": "new-lead",
        "responseMode": "responseNode",
        "options": {}
      },
      "id": "a1b2c3d4-5678-9abc-def0-123456789abc",
      "name": "New Lead Webhook",
      "type": "n8n-nodes-base.webhook",
      "typeVersion": 1,
      "position": [
        240,
        300
      ],
      "webhookId": "new-lead-webhook"
    },
    {
      "parameters": {
        "jsCode": "// Lead Scoring and Classification Engine\nconst webhookData = $input.first().json;\n\n// Extract lead information\nconst {\n  name,\n  email,\n  phone,\n  propertyAddress,\n  propertyType,\n  budget,\n  timeline,\n  motivation,\n  source,\n  notes,\n  previousContact = false,\n  referralSource\n} = webhookData;\n\n// Lead scoring algorithm\nlet leadScore = 0;\nconst scoringFactors = [];\n\n// Budget scoring (30 points max)\nif (budget) {\n  const budgetAmount = parseInt(budget.toString().replace(/[^0-9]/g, ''));\n  if (budgetAmount >= 1000000) {\n    leadScore += 30;\n    scoringFactors.push('High budget ($1M+)');\n  } else if (budgetAmount >= 500000) {\n    leadScore += 25;\n    scoringFactors.push('Good budget ($500K-$1M)');\n  } else if (budgetAmount >= 250000) {\n    leadScore += 15;\n    scoringFactors.push('Medium budget ($250K-$500K)');\n  } else if (budgetAmount >= 100000) {\n    leadScore += 8;\n    scoringFactors.push('Lower budget ($100K-$250K)');\n  }\n}\n\n// Timeline scoring (25 points max)\nconst timelineKeywords = {\n  'immediate': 25,\n  'asap': 25,\n  'urgent': 25,\n  '30 days': 20,\n  '60 days': 15,\n  '3 months': 12,\n  '6 months': 8,\n  '1 year': 5\n};\n\nif (timeline) {\n  const timelineLower = timeline.toLowerCase();\n  for (const [keyword, points] of Object.entries(timelineKeywords)) {\n    if (timelineLower.includes(keyword)) {\n      leadScore += points;\n      scoringFactors.push(`Urgency: ${keyword}`);\n      break;\n    }\n  }\n}\n\n// Motivation scoring (20 points max)\nconst motivationKeywords = {\n  'investment': 20,\n  'cash buyer': 18,\n  'relocating': 15,\n  'divorce': 15,\n  'foreclosure': 15,\n  'inherited': 12,\n  'job change': 10,\n  'upsizing': 8,\n  'downsizing': 8,\n  'first time': 5\n};\n\nif (motivation) {\n  const motivationLower = motivation.toLowerCase();\n  for (const [keyword, points] of Object.entries(motivationKeywords)) {\n    if (motivationLower.includes(keyword)) {\n      leadScore += points;\n      scoringFactors.push(`Motivation: ${keyword}`);\n      break;\n    }\n  }\n}\n\n// Source scoring (15 points max)\nconst sourceScoring = {\n  'referral': 15,\n  'website': 12,\n  'google': 10,\n  'facebook': 8,\n  'linkedin': 8,\n  'cold call': 5,\n  'email campaign': 6\n};\n\nif (source) {\n  const sourceLower = source.toLowerCase();\n  for (const [sourceType, points] of Object.entries(sourceScoring)) {\n    if (sourceLower.includes(sourceType)) {\n      leadScore += points;\n      scoringFactors.push(`Source: ${sourceType}`);\n      break;\n    }\n  }\n}\n\n// Contact information completeness (10 points max)\nlet contactScore = 0;\nif (email && email.includes('@')) contactScore += 4;\nif (phone && phone.length >= 10) contactScore += 4;\nif (name && name.length > 0) contactScore += 2;\nleadScore += contactScore;\nif (contactScore > 0) scoringFactors.push(`Contact info: ${contactScore}/10 points`);\n\n// Property specificity bonus\nif (propertyAddress && propertyAddress.length > 10) {\n  leadScore += 5;\n  scoringFactors.push('Specific property identified');\n}\n\n// Previous contact penalty/bonus\nif (previousContact) {\n  leadScore += 3;\n  scoringFactors.push('Previous contact established');\n}\n\n// Determine lead quality\nlet leadQuality = 'Cold';\nlet priority = 'Low';\nlet recommendedAction = 'Add to general follow-up sequence';\n\nif (leadScore >= 70) {\n  leadQuality = 'Hot';\n  priority = 'High';\n  recommendedAction = 'Call immediately and schedule meeting within 24 hours';\n} else if (leadScore >= 50) {\n  leadQuality = 'Warm';\n  priority = 'Medium';\n  recommendedAction = 'Call within 2-4 hours and follow up aggressively';\n} else if (leadScore >= 30) {\n  leadQuality = 'Qualified';\n  priority = 'Medium';\n  recommendedAction = 'Call within same business day';\n}\n\n// Generate lead ID and timestamps\nconst leadId = `lead_${Date.now()}_${Math.random().toString(36).substr(2, 9)}`;\nconst timestamp = new Date().toISOString();\n\n// Determine next follow-up date\nconst nextFollowUp = new Date();\nif (leadQuality === 'Hot') {\n  nextFollowUp.setHours(nextFollowUp.getHours() + 1); // 1 hour for hot leads\n} else if (leadQuality === 'Warm') {\n  nextFollowUp.setHours(nextFollowUp.getHours() + 4); // 4 hours for warm leads\n} else if (leadQuality === 'Qualified') {\n  nextFollowUp.setHours(nextFollowUp.getHours() + 8); // Same day for qualified\n} else {\n  nextFollowUp.setDate(nextFollowUp.getDate() + 3); // 3 days for cold leads\n}\n\n// Create follow-up sequence based on lead quality\nconst followUpSequence = generateFollowUpSequence(leadQuality, email, phone);\n\nfunction generateFollowUpSequence(quality, hasEmail, hasPhone) {\n  const sequence = [];\n  \n  if (quality === 'Hot') {\n    sequence.push(\n      { day: 0, hour: 1, action: 'Call', message: 'Immediate hot lead follow-up call' },\n      { day: 0, hour: 2, action: 'Email', message: 'Thank you for your interest - scheduling meeting' },\n      { day: 1, hour: 0, action: 'Call', message: 'Follow-up on meeting scheduling' },\n      { day: 3, hour: 0, action: 'Email', message: 'Property recommendations based on criteria' }\n    );\n  } else if (quality === 'Warm') {\n    sequence.push(\n      { day: 0, hour: 4, action: 'Call', message: 'Initial warm lead contact' },\n      { day: 0, hour: 6, action: 'Email', message: 'Introduction and property inquiry follow-up' },\n      { day: 2, hour: 0, action: 'Call', message: 'Check in and qualification call' },\n      { day: 5, hour: 0, action: 'Email', message: 'Market update and property suggestions' },\n      { day: 7, hour: 0, action: 'Call', message: 'Weekly follow-up and availability check' }\n    );\n  } else if (quality === 'Qualified') {\n    sequence.push(\n      { day: 0, hour: 8, action: 'Call', message: 'Initial qualification call' },\n      { day: 1, hour: 0, action: 'Email', message: 'Thank you for speaking - next steps' },\n      { day: 4, hour: 0, action: 'Call', message: 'Follow-up on property criteria' },\n      { day: 7, hour: 0, action: 'Email', message: 'Weekly market update' },\n      { day: 14, hour: 0, action: 'Call', message: 'Bi-weekly check-in' }\n    );\n  } else {\n    sequence.push(\n      { day: 3, hour: 0, action: 'Email', message: 'Welcome to our property updates' },\n      { day: 7, hour: 0, action: 'Call', message: 'Introduction and needs assessment' },\n      { day: 14, hour: 0, action: 'Email', message: 'Market insights and opportunities' },\n      { day: 30, hour: 0, action: 'Call', message: 'Monthly check-in and re-qualification' }\n    );\n  }\n  \n  return sequence.filter(step => {\n    if (step.action === 'Email' && !hasEmail) return false;\n    if (step.action === 'Call' && !hasPhone) return false;\n    return true;\n  });\n}\n\nreturn [{\n  json: {\n    leadId,\n    timestamp,\n    leadInfo: {\n      name: name || 'Unknown',\n      email: email || '',\n      phone: phone || '',\n      propertyAddress: propertyAddress || '',\n      propertyType: propertyType || '',\n      budget: budget || '',\n      timeline: timeline || '',\n      motivation: motivation || '',\n      source: source || '',\n      notes: notes || '',\n      referralSource: referralSource || ''\n    },\n    scoring: {\n      totalScore: leadScore,\n      maxScore: 100,\n      percentage: Math.round((leadScore / 100) * 100),\n      factors: scoringFactors,\n      quality: leadQuality,\n      priority\n    },\n    recommendations: {\n      action: recommendedAction,\n      nextFollowUp: nextFollowUp.toISOString(),\n      followUpSequence\n    },\n    status: 'New',\n    assignedTo: null,\n    tags: generateLeadTags(leadQuality, budget, timeline, motivation),\n    createdAt: timestamp,\n    lastContact: null,\n    nextAction: followUpSequence[0] || null\n  }\n}];\n\nfunction generateLeadTags(quality, budget, timeline, motivation) {\n  const tags = [quality.toLowerCase()];\n  \n  if (budget) {\n    const budgetAmount = parseInt(budget.toString().replace(/[^0-9]/g, ''));\n    if (budgetAmount >= 1000000) tags.push('high-budget');\n    else if (budgetAmount >= 500000) tags.push('mid-budget');\n    else tags.push('budget-conscious');\n  }\n  \n  if (timeline && (timeline.toLowerCase().includes('immediate') || timeline.toLowerCase().includes('urgent'))) {\n    tags.push('urgent');\n  }\n  \n  if (motivation) {\n    const motivationLower = motivation.toLowerCase();\n    if (motivationLower.includes('investment')) tags.push('investor');\n    if (motivationLower.includes('cash')) tags.push('cash-buyer');\n    if (motivationLower.includes('first time')) tags.push('first-time-buyer');\n  }\n  \n  return tags;\n}"
      },
      "id": "b2c3d4e5-6789-abcd-ef01-23456789abcd",
      "name": "Lead Scoring Engine",
      "type": "n8n-nodes-base.code",
      "typeVersion": 2,
      "position": [
        460,
        300
      ]
    },
    {
      "parameters": {
        "conditions": {
          "options": {
            "caseSensitive": true,
            "leftValue": "",
            "typeValidation": "strict"
          },
          "conditions": [
            {
              "id": "f8b8c5a0-1234-5678-9abc-123456789abc",
              "leftValue": "={{ $json.scoring.quality }}",
              "rightValue": "Hot",
              "operator": {
                "type": "string",
                "operation": "equals"
              }
            }
          ],
          "combinator": "and"
        },
        "options": {}
      },
      "id": "c3d4e5f6-789a-bcde-f012-3456789abcde",
      "name": "Check if Hot Lead",
      "type": "n8n-nodes-base.if",
      "typeVersion": 2,
      "position": [
        680,
        200
      ]
    },
    {
      "parameters": {
        "resource": "email",
        "operation": "send",
        "toEmail": "sales-team@yourcompany.com",
        "subject": "🔥 HOT LEAD ALERT - Immediate Action Required",
        "emailType": "html",
        "message": "<!DOCTYPE html>\n<html>\n<head>\n    <style>\n        body { font-family: Arial, sans-serif; margin: 0; padding: 20px; background: #f4f4f4; }\n        .container { background: white; padding: 30px; border-radius: 10px; box-shadow: 0 4px 10px rgba(0,0,0,0.1); max-width: 600px; margin: 0 auto; }\n        .header { background: linear-gradient(135deg, #ff4757, #ff3838); color: white; padding: 20px; border-radius: 8px; text-align: center; margin-bottom: 20px; }\n        .score-badge { background: #2ed573; color: white; padding: 8px 16px; border-radius: 20px; display: inline-block; font-weight: bold; margin: 10px 0; }\n        .info-grid { display: grid; grid-template-columns: 1fr 1fr; gap: 15px; margin: 20px 0; }\n        .info-item { background: #f8f9fa; padding: 15px; border-radius: 5px; border-left: 4px solid #ff4757; }\n        .label { font-weight: bold; color: #666; }\n        .value { color: #333; margin-top: 5px; }\n        .action-box { background: #fff3cd; border: 1px solid #ffeaa7; padding: 20px; border-radius: 8px; margin: 20px 0; }\n        .factors { background: #e3f2fd; padding: 15px; border-radius: 5px; margin: 15px 0; }\n    </style>\n</head>\n<body>\n    <div class=\"container\">\n        <div class=\"header\">\n            <h1>🔥 HOT LEAD ALERT</h1>\n            <p>High-priority lead requires immediate attention</p>\n        </div>\n        \n        <div class=\"score-badge\">Lead Score: {{ $json.scoring.totalScore }}/100 ({{ $json.scoring.percentage }}%)</div>\n        \n        <div class=\"info-grid\">\n            <div class=\"info-item\">\n                <div class=\"label\">Name</div>\n                <div class=\"value\">{{ $json.leadInfo.name }}</div>\n            </div>\n            <div class=\"info-item\">\n                <div class=\"label\">Phone</div>\n                <div class=\"value\">{{ $json.leadInfo.phone }}</div>\n            </div>\n            <div class=\"info-item\">\n                <div class=\"label\">Email</div>\n                <div class=\"value\">{{ $json.leadInfo.email }}</div>\n            </div>\n            <div class=\"info-item\">\n                <div class=\"label\">Budget</div>\n                <div class=\"value\">${{ $json.leadInfo.budget }}</div>\n            </div>\n            <div class=\"info-item\">\n                <div class=\"label\">Timeline</div>\n                <div class=\"value\">{{ $json.leadInfo.timeline }}</div>\n            </div>\n            <div class=\"info-item\">\n                <div class=\"label\">Source</div>\n                <div class=\"value\">{{ $json.leadInfo.source }}</div>\n            </div>\n        </div>\n        \n        <div class=\"factors\">\n            <strong>Scoring Factors:</strong><br>\n            {{ $json.scoring.factors.join('<br>') }}\n        </div>\n        \n        <div class=\"action-box\">\n            <strong>🎯 RECOMMENDED ACTION:</strong><br>\n            {{ $json.recommendations.action }}\n            <br><br>\n            <strong>Next Follow-up:</strong> {{ new Date($json.recommendations.nextFollowUp).toLocaleString() }}\n        </div>\n        \n        <p><strong>Lead ID:</strong> {{ $json.leadId }}</p>\n        <p><strong>Created:</strong> {{ new Date($json.timestamp).toLocaleString() }}</p>\n    </div>\n</body>\n</html>",
        "options": {
          "priority": "high"
        }
      },
      "id": "d4e5f6a7-89ab-cdef-0123-456789abcdef",
      "name": "Send Hot Lead Alert",
      "type": "n8n-nodes-base.gmail",
      "typeVersion": 2.1,
      "position": [
        900,
        120
      ]
    },
    {
      "parameters": {
        "authentication": "webhook",
        "select": "channel",
        "channelId": {
          "__rl": true,
          "value": "C1234567890",
          "mode": "list",
          "cachedResultName": "#sales-alerts"
        },
        "text": "🔥 HOT LEAD ALERT",
        "otherOptions": {
          "blocks": "[\n  {\n    \"type\": \"header\",\n    \"text\": {\n      \"type\": \"plain_text\",\n      \"text\": \"🔥 HOT LEAD - Immediate Action Required\"\n    }\n  },\n  {\n    \"type\": \"section\",\n    \"fields\": [\n      {\n        \"type\": \"mrkdwn\",\n        \"text\": \"*Name:* {{ $json.leadInfo.name }}\"\n      },\n      {\n        \"type\": \"mrkdwn\",\n        \"text\": \"*Score:* {{ $json.scoring.totalScore }}/100\"\n      },\n      {\n        \"type\": \"mrkdwn\",\n        \"text\": \"*Phone:* {{ $json.leadInfo.phone }}\"\n      },\n      {\n        \"type\": \"mrkdwn\",\n        \"text\": \"*Budget:* ${{ $json.leadInfo.budget }}\"\n      }\n    ]\n  },\n  {\n    \"type\": \"section\",\n    \"text\": {\n      \"type\": \"mrkdwn\",\n      \"text\": \"*Recommended Action:* {{ $json.recommendations.action }}\"\n    }\n  },\n  {\n    \"type\": \"actions\",\n    \"elements\": [\n      {\n        \"type\": \"button\",\n        \"text\": {\n          \"type\": \"plain_text\",\n          \"text\": \"View Lead Details\"\n        },\n        \"style\": \"primary\",\n        \"url\": \"https://your-crm.com/leads/{{ $json.leadId }}\"\n      },\n      {\n        \"type\": \"button\",\n        \"text\": {\n          \"type\": \"plain_text\",\n          \"text\": \"Call Now\"\n        },\n        \"url\": \"tel:{{ $json.leadInfo.phone }}\"\n      }\n    ]\n  }\n]"
        }
      },
      "id": "e5f6a7b8-9abc-def0-1234-56789abcdef0",
      "name": "Send Slack Hot Lead Alert",
      "type": "n8n-nodes-base.slack",
      "typeVersion": 2.1,
      "position": [
        900,
        240
      ]
    },
    {
      "parameters": {
        "authentication": "oAuth2",
        "resource": "sheet",
        "operation": "appendOrUpdate",
        "documentId": {
          "__rl": true,
          "value": "YOUR_GOOGLE_SHEET_ID",
          "mode": "id"
        },
        "sheetName": {
          "__rl": true,
          "value": "gid=6",
          "mode": "id"
        },
        "columns": {
          "mappingMode": "defineBelow",
          "value": {
            "lead_id": "={{ $json.leadId }}",
            "timestamp": "={{ $json.timestamp }}",
            "name": "={{ $json.leadInfo.name }}",
            "email": "={{ $json.leadInfo.email }}",
            "phone": "={{ $json.leadInfo.phone }}",
            "property_address": "={{ $json.leadInfo.propertyAddress }}",
            "property_type": "={{ $json.leadInfo.propertyType }}",
            "budget": "={{ $json.leadInfo.budget }}",
            "timeline": "={{ $json.leadInfo.timeline }}",
            "motivation": "={{ $json.leadInfo.motivation }}",
            "source": "={{ $json.leadInfo.source }}",
            "lead_score": "={{ $json.scoring.totalScore }}",
            "lead_quality": "={{ $json.scoring.quality }}",
            "priority": "={{ $json.scoring.priority }}",
            "status": "={{ $json.status }}",
            "next_follow_up": "={{ $json.recommendations.nextFollowUp }}",
            "recommended_action": "={{ $json.recommendations.action }}",
            "tags": "={{ $json.tags.join(', ') }}",
            "scoring_factors": "={{ $json.scoring.factors.join('; ') }}",
            "notes": "={{ $json.leadInfo.notes }}"
          },
          "matchingColumns": [
            "lead_id"
          ],
          "schema": [
            {
              "id": "lead_id",
              "displayName": "lead_id",
              "required": false,
              "defaultMatch": false,
              "canBeUsedToMatch": true,
              "type": "string"
            },
            {
              "id": "timestamp",
              "displayName": "timestamp",
              "required": false,
              "defaultMatch": false,
              "canBeUsedToMatch": false,
              "type": "string"
            },
            {
              "id": "name",
              "displayName": "name",
              "required": false,
              "defaultMatch": false,
              "canBeUsedToMatch": false,
              "type": "string"
            },
            {
              "id": "email",
              "displayName": "email",
              "required": false,
              "defaultMatch": false,
              "canBeUsedToMatch": false,
              "type": "string"
            },
            {
              "id": "phone",
              "displayName": "phone",
              "required": false,
              "defaultMatch": false,
              "canBeUsedToMatch": false,
              "type": "string"
            },
            {
              "id": "property_address",
              "displayName": "property_address",
              "required": false,
              "defaultMatch": false,
              "canBeUsedToMatch": false,
              "type": "string"
            },
            {
              "id": "property_type",
              "displayName": "property_type",
              "required": false,
              "defaultMatch": false,
              "canBeUsedToMatch": false,
              "type": "string"
            },
            {
              "id": "budget",
              "displayName": "budget",
              "required": false,
              "defaultMatch": false,
              "canBeUsedToMatch": false,
              "type": "string"
            },
            {
              "id": "timeline",
              "displayName": "timeline",
              "required": false,
              "defaultMatch": false,
              "canBeUsedToMatch": false,
              "type": "string"
            },
            {
              "id": "motivation",
              "displayName": "motivation",
              "required": false,
              "defaultMatch": false,
              "canBeUsedToMatch": false,
              "type": "string"
            },
            {
              "id": "source",
              "displayName": "source",
              "required": false,
              "defaultMatch": false,
              "canBeUsedToMatch": false,
              "type": "string"
            },
            {
              "id": "lead_score",
              "displayName": "lead_score",
              "required": false,
              "defaultMatch": false,
              "canBeUsedToMatch": false,
              "type": "number"
            },
            {
              "id": "lead_quality",
              "displayName": "lead_quality",
              "required": false,
              "defaultMatch": false,
              "canBeUsedToMatch": false,
              "type": "string"
            },
            {
              "id": "priority",
              "displayName": "priority",
              "required": false,
              "defaultMatch": false,
              "canBeUsedToMatch": false,
              "type": "string"
            },
            {
              "id": "status",
              "displayName": "status",
              "required": false,
              "defaultMatch": false,
              "canBeUsedToMatch": false,
              "type": "string"
            },
            {
              "id": "next_follow_up",
              "displayName": "next_follow_up",
              "required": false,
              "defaultMatch": false,
              "canBeUsedToMatch": false,
              "type": "string"
            },
            {
              "id": "recommended_action",
              "displayName": "recommended_action",
              "required": false,
              "defaultMatch": false,
              "canBeUsedToMatch": false,
              "type": "string"
            },
            {
              "id": "tags",
              "displayName": "tags",
              "required": false,
              "defaultMatch": false,
              "canBeUsedToMatch": false,
              "type": "string"
            },
            {
              "id": "scoring_factors",
              "displayName": "scoring_factors",
              "required": false,
              "defaultMatch": false,
              "canBeUsedToMatch": false,
              "type": "string"
            },
            {
              "id": "notes",
              "displayName": "notes",
              "required": false,
              "defaultMatch": false,
              "canBeUsedToMatch": false,
              "type": "string"
            }
          ]
        },
        "options": {}
      },
      "id": "f6a7b8c9-abcd-ef01-2345-6789abcdef01",
      "name": "Store Lead in Database",
      "type": "n8n-nodes-base.googleSheets",
      "typeVersion": 4.2,
      "position": [
        680,
        400
      ]
    },
    {
      "parameters": {
        "jsCode": "// Create Follow-up Tasks and Schedule\nconst leadData = $input.first().json;\nconst followUpSequence = leadData.recommendations.followUpSequence;\n\nconst tasks = followUpSequence.map((step, index) => {\n  const taskDate = new Date(leadData.timestamp);\n  taskDate.setDate(taskDate.getDate() + step.day);\n  taskDate.setHours(taskDate.getHours() + step.hour);\n  \n  return {\n    taskId: `task_${leadData.leadId}_${index + 1}`,\n    leadId: leadData.leadId,\n    leadName: leadData.leadInfo.name,\n    leadPhone: leadData.leadInfo.phone,\n    leadEmail: leadData.leadInfo.email,\n    action: step.action,\n    message: step.message,\n    scheduledFor: taskDate.toISOString(),\n    status: 'Pending',\n    priority: leadData.scoring.priority,\n    leadQuality: leadData.scoring.quality,\n    createdAt: new Date().toISOString()\n  };\n});\n\nreturn tasks.map(task => ({ json: task }));"
      },
      "id": "a7b8c9d0-bcde-f012-3456-789abcdef012",
      "name": "Generate Follow-up Tasks",
      "type": "n8n-nodes-base.code",
      "typeVersion": 2,
      "position": [
        900,
        400
      ]
    },
    {
      "parameters": {
        "authentication": "oAuth2",
        "resource": "sheet",
        "operation": "appendOrUpdate",
        "documentId": {
          "__rl": true,
          "value": "YOUR_GOOGLE_SHEET_ID",
          "mode": "id"
        },
        "sheetName": {
          "__rl": true,
          "value": "gid=7",
          "mode": "id"
        },
        "columns": {
          "mappingMode": "defineBelow",
          "value": {
            "task_id": "={{ $json.taskId }}",
            "lead_id": "={{ $json.leadId }}",
            "lead_name": "={{ $json.leadName }}",
            "lead_phone": "={{ $json.leadPhone }}",
            "lead_email": "={{ $json.leadEmail }}",
            "action": "={{ $json.action }}",
            "message": "={{ $json.message }}",
            "scheduled_for": "={{ $json.scheduledFor }}",
            "status": "={{ $json.status }}",
            "priority": "={{ $json.priority }}",
            "lead_quality": "={{ $json.leadQuality }}",
            "created_at": "={{ $json.createdAt }}",
            "completed_at": "",
            "notes": ""
          },
          "matchingColumns": [
            "task_id"
          ],
          "schema": [
            {
              "id": "task_id",
              "displayName": "task_id",
              "required": false,
              "defaultMatch": false,
              "canBeUsedToMatch": true,
              "type": "string"
            },
            {
              "id": "lead_id",
              "displayName": "lead_id",
              "required": false,
              "defaultMatch": false,
              "canBeUsedToMatch": false,
              "type": "string"
            },
            {
              "id": "lead_name",
              "displayName": "lead_name",
              "required": false,
              "defaultMatch": false,
              "canBeUsedToMatch": false,
              "type": "string"
            },
            {
              "id": "lead_phone",
              "displayName": "lead_phone",
              "required": false,
              "defaultMatch": false,
              "canBeUsedToMatch": false,
              "type": "string"
            },
            {
              "id": "lead_email",
              "displayName": "lead_email",
              "required": false,
              "defaultMatch": false,
              "canBeUsedToMatch": false,
              "type": "string"
            },
            {
              "id": "action",
              "displayName": "action",
              "required": false,
              "defaultMatch": false,
              "canBeUsedToMatch": false,
              "type": "string"
            },
            {
              "id": "message",
              "displayName": "message",
              "required": false,
              "defaultMatch": false,
              "canBeUsedToMatch": false,
              "type": "string"
            },
            {
              "id": "scheduled_for",
              "displayName": "scheduled_for",
              "required": false,
              "defaultMatch": false,
              "canBeUsedToMatch": false,
              "type": "string"
            },
            {
              "id": "status",
              "displayName": "status",
              "required": false,
              "defaultMatch": false,
              "canBeUsedToMatch": false,
              "type": "string"
            },
            {
              "id": "priority",
              "displayName": "priority",
              "required": false,
              "defaultMatch": false,
              "canBeUsedToMatch": false,
              "type": "string"
            },
            {
              "id": "lead_quality",
              "displayName": "lead_quality",
              "required": false,
              "defaultMatch": false,
              "canBeUsedToMatch": false,
              "type": "string"
            },
            {
              "id": "created_at",
              "displayName": "created_at",
              "required": false,
              "defaultMatch": false,
              "canBeUsedToMatch": false,
              "type": "string"
            },
            {
              "id": "completed_at",
              "displayName": "completed_at",
              "required": false,
              "defaultMatch": false,
              "canBeUsedToMatch": false,
              "type": "string"
            },
            {
              "id": "notes",
              "displayName": "notes",
              "required": false,
              "defaultMatch": false,
              "canBeUsedToMatch": false,
              "type": "string"
            }
          ]
        },
        "options": {}
      },
      "id": "b8c9d0e1-cdef-0123-4567-89abcdef0123",
      "name": "Store Follow-up Tasks",
      "type": "n8n-nodes-base.googleSheets",
      "typeVersion": 4.2,
      "position": [
        1120,
        400
      ]
    },
    {
      "parameters": {
        "conditions": {
          "options": {
            "caseSensitive": true,
            "leftValue": "",
            "typeValidation": "strict"
          },
          "conditions": [
            {
              "id": "5f7a9c1e-2345-6789-abcd-ef0123456789",
              "leftValue": "={{ $('Store Lead in Database').first().json.leadInfo.email }}",
              "rightValue": "",
              "operator": {
                "type": "string",
                "operation": "isNotEmpty"
              }
            }
          ],
          "combinator": "and"
        },
        "options": {}
      },
      "id": "c9d0e1f2-def0-1234-5678-9abcdef01234",
      "name": "Check if Email Available",
      "type": "n8n-nodes-base.if",
      "typeVersion": 2,
      "position": [
        900,
        500
      ]
    },
    {
      "parameters": {
        "resource": "email",
        "operation": "send",
        "toEmail": "={{ $('Store Lead in Database').first().json.leadInfo.email }}",
        "subject": "Welcome! Your Property Search Starts Here",
        "emailType": "html",
        "message": "<!DOCTYPE html>\n<html>\n<head>\n    <style>\n        body { font-family: 'Segoe UI', Arial, sans-serif; margin: 0; padding: 0; background: #f4f7fa; }\n        .container { max-width: 600px; margin: 0 auto; background: white; }\n        .header { background: linear-gradient(135deg, #667eea 0%, #764ba2 100%); color: white; padding: 40px 30px; text-align: center; }\n        .content { padding: 40px 30px; }\n        .highlight-box { background: #f8f9fa; border-left: 4px solid #667eea; padding: 20px; margin: 20px 0; }\n        .cta-button { background: #667eea; color: white; padding: 15px 30px; text-decoration: none; border-radius: 5px; display: inline-block; margin: 20px 0; }\n        .footer { background: #2c3e50; color: white; padding: 20px; text-align: center; font-size: 14px; }\n    </style>\n</head>\n<body>\n    <div class=\"container\">\n        <div class=\"header\">\n            <h1>Welcome to Your Property Journey!</h1>\n            <p>Thank you for reaching out about your real estate needs</p>\n        </div>\n        \n        <div class=\"content\">\n            <p>Hi {{ $('Store Lead in Database').first().json.leadInfo.name }},</p>\n            \n            <p>Thank you for your interest in {{ $('Store Lead in Database').first().json.leadInfo.propertyAddress || 'properties in your area' }}! We're excited to help you find the perfect property.</p>\n            \n            <div class=\"highlight-box\">\n                <h3>Here's what happens next:</h3>\n                <ul>\n                    <li>Our team will contact you within the next few hours</li>\n                    <li>We'll discuss your specific needs and preferences</li>\n                    <li>You'll receive personalized property recommendations</li>\n                    <li>We'll schedule viewings for properties that interest you</li>\n                </ul>\n            </div>\n            \n            <p><strong>Your preferences:</strong></p>\n            <ul>\n                <li><strong>Budget:</strong> ${{ $('Store Lead in Database').first().json.leadInfo.budget || 'To be discussed' }}</li>\n                <li><strong>Timeline:</strong> {{ $('Store Lead in Database').first().json.leadInfo.timeline || 'Flexible' }}</li>\n                <li><strong>Property Type:</strong> {{ $('Store Lead in Database').first().json.leadInfo.propertyType || 'Any' }}</li>\n            </ul>\n            \n            <a href=\"https://your-website.com/properties\" class=\"cta-button\">Browse Available Properties</a>\n            \n            <p>If you have any immediate questions, feel free to reply to this email or call us at (555) 123-4567.</p>\n            \n            <p>Best regards,<br>\n            The Real Estate Team</p>\n        </div>\n        \n        <div class=\"footer\">\n            <p>© 2024 Your Real Estate Company. All rights reserved.</p>\n            <p>123 Main Street, Your City, State 12345</p>\n        </div>\n    </div>\n</body>\n</html>",
        "options": {}
      },
      "id": "d0e1f2a3-ef01-2345-6789-abcdef012345",
      "name": "Send Welcome Email",
      "type": "n8n-nodes-base.gmail",
      "typeVersion": 2.1,
      "position": [
        1120,
        500
      ]
    },
    {
      "parameters": {
        "respondWith": "json",
        "responseBody": "={{ JSON.stringify($('Store Lead in Database').first().json) }}"
      },
      "id": "e1f2a3b4-f012-3456-789a-bcdef0123456",
      "name": "Return Lead Response",
      "type": "n8n-nodes-base.respondToWebhook",
      "typeVersion": 1,
      "position": [
        1340,
        400
      ]
    }
  ],
  "connections": {
    "New Lead Webhook": {
      "main": [
        [
          {
            "node": "Lead Scoring Engine",
            "type": "main",
            "index": 0
          }
        ]
      ]
    },
    "Lead Scoring Engine": {
      "main": [
        [
          {
            "node": "Check if Hot Lead",
            "type": "main",
            "index": 0
          },
          {
            "node": "Store Lead in Database",
            "type": "main",
            "index": 0
          }
        ]
      ]
    },
    "Check if Hot Lead": {
      "main": [
        [
          {
            "node": "Send Hot Lead Alert",
            "type": "main",
            "index": 0
          },
          {
            "node": "Send Slack Hot Lead Alert",
            "type": "main",
            "index": 0
          }
        ]
      ]
    },
    "Store Lead in Database": {
      "main": [
        [
          {
            "node": "Generate Follow-up Tasks",
            "type": "main",
            "index": 0
          },
          {
            "node": "Check if Email Available",
            "type": "main",
            "index": 0
          }
        ]
      ]
    },
    "Generate Follow-up Tasks": {
      "main": [
        [
          {
            "node": "Store Follow-up Tasks",
            "type": "main",
            "index": 0
          }
        ]
      ]
    },
    "Store Follow-up Tasks": {
      "main": [
        [
          {
            "node": "Return Lead Response",
            "type": "main",
            "index": 0
          }
        ]
      ]
    },
    "Check if Email Available": {
      "main": [
        [
          {
            "node": "Send Welcome Email",
            "type": "main",
            "index": 0
          }
        ]
      ]
    },
    "Send Welcome Email": {
      "main": [
        [
          {
            "node": "Return Lead Response",
            "type": "main",
            "index": 0
          }
        ]
      ]
    }
  },
  "pinData": {},
  "settings": {
    "executionOrder": "v1"
  },
  "staticData": null,
  "tags": [],
  "triggerCount": 0,
  "updatedAt": "2024-01-01T00:00:00.000Z",
  "versionId": "1"
}
