{
  "name": "Automated Report Generator",
  "nodes": [
    {
      "parameters": {
        "rule": {
          "interval": [
            {
              "field": "cronExpression",
              "expression": "0 8 * * 1"
            }
          ]
        }
      },
      "id": "a1b2c3d4-5678-9abc-def0-123456789abc",
      "name": "Weekly Report Trigger",
      "type": "n8n-nodes-base.cron",
      "typeVersion": 1,
      "position": [
        240,
        300
      ]
    },
    {
      "parameters": {
        "authentication": "oAuth2",
        "resource": "sheet",
        "operation": "read",
        "documentId": {
          "__rl": true,
          "value": "YOUR_GOOGLE_SHEET_ID",
          "mode": "id"
        },
        "sheetName": {
          "__rl": true,
          "value": "gid=0",
          "mode": "id"
        },
        "options": {}
      },
      "id": "b2c3d4e5-6789-abcd-ef01-23456789abcd",
      "name": "Get Market Data",
      "type": "n8n-nodes-base.googleSheets",
      "typeVersion": 4.2,
      "position": [
        460,
        200
      ]
    },
    {
      "parameters": {
        "authentication": "oAuth2",
        "resource": "sheet",
        "operation": "read",
        "documentId": {
          "__rl": true,
          "value": "YOUR_GOOGLE_SHEET_ID",
          "mode": "id"
        },
        "sheetName": {
          "__rl": true,
          "value": "gid=2",
          "mode": "id"
        },
        "options": {}
      },
      "id": "c3d4e5f6-789a-bcde-f012-3456789abcde",
      "name": "Get Deal Data",
      "type": "n8n-nodes-base.googleSheets",
      "typeVersion": 4.2,
      "position": [
        460,
        300
      ]
    },
    {
      "parameters": {
        "authentication": "oAuth2",
        "resource": "sheet",
        "operation": "read",
        "documentId": {
          "__rl": true,
          "value": "YOUR_GOOGLE_SHEET_ID",
          "mode": "id"
        },
        "sheetName": {
          "__rl": true,
          "value": "gid=6",
          "mode": "id"
        },
        "options": {}
      },
      "id": "d4e5f6a7-89ab-cdef-0123-456789abcdef",
      "name": "Get Lead Data",
      "type": "n8n-nodes-base.googleSheets",
      "typeVersion": 4.2,
      "position": [
        460,
        400
      ]
    },
    {
      "parameters": {
        "authentication": "oAuth2",
        "resource": "sheet",
        "operation": "read",
        "documentId": {
          "__rl": true,
          "value": "YOUR_GOOGLE_SHEET_ID",
          "mode": "id"
        },
        "sheetName": {
          "__rl": true,
          "value": "gid=5",
          "mode": "id"
        },
        "options": {}
      },
      "id": "e5f6a7b8-9abc-def0-1234-56789abcdef0",
      "name": "Get Valuation Data",
      "type": "n8n-nodes-base.googleSheets",
      "typeVersion": 4.2,
      "position": [
        460,
        500
      ]
    },
    {
      "parameters": {
        "jsCode": "// Comprehensive Report Analytics Engine\nconst marketData = $('Get Market Data').all();\nconst dealData = $('Get Deal Data').all();\nconst leadData = $('Get Lead Data').all();\nconst valuationData = $('Get Valuation Data').all();\n\n// Date range for analysis (last 7 days)\nconst endDate = new Date();\nconst startDate = new Date();\nstartDate.setDate(startDate.getDate() - 7);\n\n// MARKET INTELLIGENCE ANALYSIS\nconst marketAnalysis = {\n  totalMarkets: 0,\n  buySignals: 0,\n  sellSignals: 0,\n  hotMarkets: [],\n  averageMarketScore: 0,\n  averageConfidence: 0,\n  topPerformingMarkets: []\n};\n\nif (marketData.length > 0) {\n  const recentMarketData = marketData.filter(row => {\n    const date = new Date(row.json.timestamp);\n    return date >= startDate && date <= endDate;\n  });\n  \n  marketAnalysis.totalMarkets = recentMarketData.length;\n  marketAnalysis.buySignals = recentMarketData.filter(row => row.json.signal === 'BUY').length;\n  marketAnalysis.sellSignals = recentMarketData.filter(row => row.json.signal === 'SELL').length;\n  \n  if (recentMarketData.length > 0) {\n    marketAnalysis.averageMarketScore = recentMarketData.reduce((sum, row) => \n      sum + (row.json.market_score || 0), 0) / recentMarketData.length;\n    marketAnalysis.averageConfidence = recentMarketData.reduce((sum, row) => \n      sum + (row.json.confidence || 0), 0) / recentMarketData.length;\n    \n    // Top performing markets\n    marketAnalysis.topPerformingMarkets = recentMarketData\n      .filter(row => row.json.market_score >= 70)\n      .sort((a, b) => b.json.market_score - a.json.market_score)\n      .slice(0, 5)\n      .map(row => ({\n        location: row.json.location,\n        score: row.json.market_score,\n        signal: row.json.signal,\n        confidence: Math.round(row.json.confidence * 100)\n      }));\n    \n    // Hot markets (high score + buy signal)\n    marketAnalysis.hotMarkets = recentMarketData\n      .filter(row => row.json.signal === 'BUY' && row.json.market_score >= 65)\n      .map(row => row.json.location);\n  }\n}\n\n// DEAL ANALYSIS\nconst dealAnalysis = {\n  totalDeals: 0,\n  highValueDeals: 0,\n  motivatedSellers: 0,\n  auctionProperties: 0,\n  averageDealScore: 0,\n  bestDeals: [],\n  totalPropertiesAnalyzed: 0\n};\n\nif (dealData.length > 0) {\n  const recentDealData = dealData.filter(row => {\n    const date = new Date(row.json.timestamp);\n    return date >= startDate && date <= endDate;\n  });\n  \n  dealAnalysis.totalDeals = recentDealData.length;\n  dealAnalysis.totalPropertiesAnalyzed = recentDealData.reduce((sum, row) => \n    sum + (row.json.total_found || 0), 0);\n  dealAnalysis.highValueDeals = recentDealData.filter(row => \n    row.json.best_deal_score >= 75).length;\n  dealAnalysis.motivatedSellers = recentDealData.reduce((sum, row) => \n    sum + (row.json.motivated_sellers || 0), 0);\n  dealAnalysis.auctionProperties = recentDealData.reduce((sum, row) => \n    sum + (row.json.auction_properties || 0), 0);\n  \n  if (recentDealData.length > 0) {\n    dealAnalysis.averageDealScore = recentDealData.reduce((sum, row) => \n      sum + (row.json.best_deal_score || 0), 0) / recentDealData.length;\n    \n    // Best deals found\n    dealAnalysis.bestDeals = recentDealData\n      .filter(row => row.json.best_deal_score >= 80)\n      .sort((a, b) => b.json.best_deal_score - a.json.best_deal_score)\n      .slice(0, 10)\n      .map(row => ({\n        location: row.json.location,\n        score: row.json.best_deal_score,\n        confidence: row.json.confidence,\n        totalFound: row.json.total_found\n      }));\n  }\n}\n\n// LEAD ANALYSIS\nconst leadAnalysis = {\n  totalLeads: 0,\n  hotLeads: 0,\n  warmLeads: 0,\n  qualifiedLeads: 0,\n  coldLeads: 0,\n  averageLeadScore: 0,\n  conversionOpportunities: [],\n  leadSources: {},\n  highValueLeads: 0\n};\n\nif (leadData.length > 0) {\n  const recentLeadData = leadData.filter(row => {\n    const date = new Date(row.json.timestamp);\n    return date >= startDate && date <= endDate;\n  });\n  \n  leadAnalysis.totalLeads = recentLeadData.length;\n  leadAnalysis.hotLeads = recentLeadData.filter(row => row.json.lead_quality === 'Hot').length;\n  leadAnalysis.warmLeads = recentLeadData.filter(row => row.json.lead_quality === 'Warm').length;\n  leadAnalysis.qualifiedLeads = recentLeadData.filter(row => row.json.lead_quality === 'Qualified').length;\n  leadAnalysis.coldLeads = recentLeadData.filter(row => row.json.lead_quality === 'Cold').length;\n  \n  if (recentLeadData.length > 0) {\n    leadAnalysis.averageLeadScore = recentLeadData.reduce((sum, row) => \n      sum + (row.json.lead_score || 0), 0) / recentLeadData.length;\n    \n    // High value leads (high budget)\n    leadAnalysis.highValueLeads = recentLeadData.filter(row => {\n      const budget = parseInt((row.json.budget || '0').toString().replace(/[^0-9]/g, ''));\n      return budget >= 500000;\n    }).length;\n    \n    // Lead sources breakdown\n    recentLeadData.forEach(row => {\n      const source = row.json.source || 'Unknown';\n      leadAnalysis.leadSources[source] = (leadAnalysis.leadSources[source] || 0) + 1;\n    });\n    \n    // Conversion opportunities (hot/warm leads)\n    leadAnalysis.conversionOpportunities = recentLeadData\n      .filter(row => ['Hot', 'Warm'].includes(row.json.lead_quality))\n      .slice(0, 10)\n      .map(row => ({\n        name: row.json.name,\n        quality: row.json.lead_quality,\n        score: row.json.lead_score,\n        budget: row.json.budget,\n        timeline: row.json.timeline\n      }));\n  }\n}\n\n// VALUATION ANALYSIS\nconst valuationAnalysis = {\n  totalValuations: 0,\n  averageValuation: 0,\n  averageConfidence: 0,\n  highConfidenceValuations: 0,\n  averagePricePerSqft: 0,\n  marketTrends: {},\n  valueRanges: {\n    under250k: 0,\n    _250k_500k: 0,\n    _500k_1m: 0,\n    over1m: 0\n  }\n};\n\nif (valuationData.length > 0) {\n  const recentValuationData = valuationData.filter(row => {\n    const date = new Date(row.json.timestamp);\n    return date >= startDate && date <= endDate;\n  });\n  \n  valuationAnalysis.totalValuations = recentValuationData.length;\n  \n  if (recentValuationData.length > 0) {\n    valuationAnalysis.averageValuation = recentValuationData.reduce((sum, row) => \n      sum + (row.json.estimated_value || 0), 0) / recentValuationData.length;\n    valuationAnalysis.averageConfidence = recentValuationData.reduce((sum, row) => \n      sum + (row.json.confidence || 0), 0) / recentValuationData.length;\n    valuationAnalysis.averagePricePerSqft = recentValuationData.reduce((sum, row) => \n      sum + (row.json.price_per_sqft || 0), 0) / recentValuationData.length;\n    \n    // High confidence valuations\n    valuationAnalysis.highConfidenceValuations = recentValuationData.filter(row => \n      row.json.confidence >= 70).length;\n    \n    // Market trends\n    recentValuationData.forEach(row => {\n      const trend = row.json.market_trend || 'stable';\n      valuationAnalysis.marketTrends[trend] = (valuationAnalysis.marketTrends[trend] || 0) + 1;\n    });\n    \n    // Value ranges\n    recentValuationData.forEach(row => {\n      const value = row.json.estimated_value || 0;\n      if (value < 250000) valuationAnalysis.valueRanges.under250k++;\n      else if (value < 500000) valuationAnalysis.valueRanges._250k_500k++;\n      else if (value < 1000000) valuationAnalysis.valueRanges._500k_1m++;\n      else valuationAnalysis.valueRanges.over1m++;\n    });\n  }\n}\n\n// SUMMARY METRICS\nconst summaryMetrics = {\n  weeklyActivity: {\n    marketsAnalyzed: marketAnalysis.totalMarkets,\n    dealsFound: dealAnalysis.totalDeals,\n    leadsGenerated: leadAnalysis.totalLeads,\n    propertiesValuated: valuationAnalysis.totalValuations\n  },\n  opportunityScore: calculateOpportunityScore(),\n  actionItems: generateActionItems(),\n  weeklyTrends: {\n    marketSentiment: getMarketSentiment(),\n    dealQuality: getDealQuality(),\n    leadQuality: getLeadQuality()\n  }\n};\n\nfunction calculateOpportunityScore() {\n  let score = 0;\n  let factors = 0;\n  \n  if (marketAnalysis.totalMarkets > 0) {\n    score += marketAnalysis.averageMarketScore;\n    factors++;\n  }\n  \n  if (dealAnalysis.totalDeals > 0) {\n    score += dealAnalysis.averageDealScore;\n    factors++;\n  }\n  \n  if (leadAnalysis.totalLeads > 0) {\n    score += leadAnalysis.averageLeadScore;\n    factors++;\n  }\n  \n  return factors > 0 ? Math.round(score / factors) : 0;\n}\n\nfunction generateActionItems() {\n  const items = [];\n  \n  if (marketAnalysis.hotMarkets.length > 0) {\n    items.push(`🎯 Focus investment efforts on ${marketAnalysis.hotMarkets.length} hot markets: ${marketAnalysis.hotMarkets.slice(0, 3).join(', ')}`);\n  }\n  \n  if (dealAnalysis.bestDeals.length > 0) {\n    items.push(`🏆 ${dealAnalysis.bestDeals.length} high-scoring deals require immediate review`);\n  }\n  \n  if (leadAnalysis.hotLeads > 0) {\n    items.push(`🔥 ${leadAnalysis.hotLeads} hot leads need immediate follow-up`);\n  }\n  \n  if (dealAnalysis.motivatedSellers > 0) {\n    items.push(`💰 ${dealAnalysis.motivatedSellers} motivated sellers identified - negotiate quickly`);\n  }\n  \n  if (leadAnalysis.highValueLeads > 0) {\n    items.push(`💎 ${leadAnalysis.highValueLeads} high-value leads ($500K+ budget) - prioritize engagement`);\n  }\n  \n  return items;\n}\n\nfunction getMarketSentiment() {\n  if (marketAnalysis.buySignals > marketAnalysis.sellSignals) return 'Bullish';\n  if (marketAnalysis.sellSignals > marketAnalysis.buySignals) return 'Bearish';\n  return 'Neutral';\n}\n\nfunction getDealQuality() {\n  if (dealAnalysis.averageDealScore >= 75) return 'Excellent';\n  if (dealAnalysis.averageDealScore >= 60) return 'Good';\n  if (dealAnalysis.averageDealScore >= 45) return 'Fair';\n  return 'Poor';\n}\n\nfunction getLeadQuality() {\n  const hotWarmRatio = (leadAnalysis.hotLeads + leadAnalysis.warmLeads) / Math.max(leadAnalysis.totalLeads, 1);\n  if (hotWarmRatio >= 0.5) return 'Excellent';\n  if (hotWarmRatio >= 0.3) return 'Good';\n  if (hotWarmRatio >= 0.15) return 'Fair';\n  return 'Needs Improvement';\n}\n\nreturn [{\n  json: {\n    reportId: `report_${Date.now()}`,\n    generatedAt: new Date().toISOString(),\n    reportPeriod: {\n      startDate: startDate.toISOString(),\n      endDate: endDate.toISOString(),\n      days: 7\n    },\n    marketAnalysis,\n    dealAnalysis,\n    leadAnalysis,\n    valuationAnalysis,\n    summaryMetrics\n  }\n}];"
      },
      "id": "f6a7b8c9-abcd-ef01-2345-6789abcdef01",
      "name": "Generate Report Analytics",
      "type": "n8n-nodes-base.code",
      "typeVersion": 2,
      "position": [
        680,
        300
      ]
    },
    {
      "parameters": {
        "jsCode": "// Generate Executive Summary Report\nconst data = $input.first().json;\n\nconst executiveReportHtml = `\n<!DOCTYPE html>\n<html>\n<head>\n    <title>Weekly Real Estate Intelligence Report</title>\n    <style>\n        body { font-family: 'Segoe UI', Arial, sans-serif; margin: 0; padding: 0; background: #f8f9fa; color: #333; }\n        .container { max-width: 1200px; margin: 0 auto; background: white; }\n        .header { background: linear-gradient(135deg, #1e3c72 0%, #2a5298 100%); color: white; padding: 40px; text-align: center; }\n        .header h1 { margin: 0; font-size: 2.5em; font-weight: 300; }\n        .header .date { opacity: 0.9; margin-top: 10px; font-size: 1.1em; }\n        .summary-cards { display: grid; grid-template-columns: repeat(auto-fit, minmax(250px, 1fr)); gap: 20px; padding: 40px; background: #f8f9fa; }\n        .card { background: white; padding: 25px; border-radius: 12px; box-shadow: 0 4px 15px rgba(0,0,0,0.08); border-left: 5px solid #2a5298; }\n        .card-title { font-size: 0.9em; color: #666; text-transform: uppercase; margin-bottom: 8px; font-weight: 600; }\n        .card-value { font-size: 2.2em; font-weight: bold; color: #2a5298; margin-bottom: 5px; }\n        .card-change { font-size: 0.9em; color: #27ae60; }\n        .content { padding: 40px; }\n        .section { margin-bottom: 40px; }\n        .section h2 { color: #1e3c72; border-bottom: 3px solid #2a5298; padding-bottom: 10px; margin-bottom: 25px; font-size: 1.8em; }\n        .metrics-grid { display: grid; grid-template-columns: repeat(auto-fit, minmax(300px, 1fr)); gap: 25px; margin: 25px 0; }\n        .metric-box { background: #f8f9fa; padding: 20px; border-radius: 8px; border-left: 4px solid #2a5298; }\n        .metric-title { font-weight: bold; color: #1e3c72; margin-bottom: 8px; }\n        .metric-value { font-size: 1.4em; color: #2a5298; font-weight: 600; }\n        .progress-bar { background: #e9ecef; height: 8px; border-radius: 4px; margin: 10px 0; overflow: hidden; }\n        .progress-fill { background: linear-gradient(90deg, #ff6b6b, #ffa726, #66bb6a); height: 100%; border-radius: 4px; transition: width 0.3s ease; }\n        .action-items { background: #fff3cd; border: 1px solid #ffeaa7; border-radius: 8px; padding: 20px; margin: 20px 0; }\n        .action-items h3 { color: #856404; margin-top: 0; }\n        .action-items ul { margin: 0; padding-left: 20px; }\n        .action-items li { margin: 8px 0; color: #856404; }\n        .top-opportunities { background: #d4edda; border: 1px solid #c3e6cb; border-radius: 8px; padding: 20px; margin: 20px 0; }\n        .opportunity-item { background: white; padding: 15px; margin: 10px 0; border-radius: 6px; border-left: 4px solid #28a745; }\n        .charts-section { display: grid; grid-template-columns: repeat(auto-fit, minmax(400px, 1fr)); gap: 25px; margin: 25px 0; }\n        .chart-box { background: white; padding: 25px; border-radius: 12px; box-shadow: 0 2px 10px rgba(0,0,0,0.05); }\n        .chart-title { font-weight: bold; color: #1e3c72; margin-bottom: 15px; text-align: center; }\n        .footer { background: #1e3c72; color: white; padding: 30px; text-align: center; }\n        .trend-indicator { display: inline-block; padding: 4px 8px; border-radius: 12px; font-size: 0.8em; font-weight: bold; }\n        .trend-up { background: #d4edda; color: #155724; }\n        .trend-down { background: #f8d7da; color: #721c24; }\n        .trend-neutral { background: #e2e3e5; color: #383d41; }\n    </style>\n</head>\n<body>\n    <div class=\"container\">\n        <div class=\"header\">\n            <h1>📊 Weekly Real Estate Intelligence Report</h1>\n            <div class=\"date\">Report Period: ${new Date(data.reportPeriod.startDate).toLocaleDateString()} - ${new Date(data.reportPeriod.endDate).toLocaleDateString()}</div>\n            <div class=\"date\">Generated: ${new Date(data.generatedAt).toLocaleString()}</div>\n        </div>\n        \n        <div class=\"summary-cards\">\n            <div class=\"card\">\n                <div class=\"card-title\">Markets Analyzed</div>\n                <div class=\"card-value\">${data.summaryMetrics.weeklyActivity.marketsAnalyzed}</div>\n                <div class=\"card-change\">Sentiment: ${data.summaryMetrics.weeklyTrends.marketSentiment}</div>\n            </div>\n            <div class=\"card\">\n                <div class=\"card-title\">Deals Found</div>\n                <div class=\"card-value\">${data.summaryMetrics.weeklyActivity.dealsFound}</div>\n                <div class=\"card-change\">Quality: ${data.summaryMetrics.weeklyTrends.dealQuality}</div>\n            </div>\n            <div class=\"card\">\n                <div class=\"card-title\">Leads Generated</div>\n                <div class=\"card-value\">${data.summaryMetrics.weeklyActivity.leadsGenerated}</div>\n                <div class=\"card-change\">Quality: ${data.summaryMetrics.weeklyTrends.leadQuality}</div>\n            </div>\n            <div class=\"card\">\n                <div class=\"card-title\">Opportunity Score</div>\n                <div class=\"card-value\">${data.summaryMetrics.opportunityScore}/100</div>\n                <div class=\"progress-bar\">\n                    <div class=\"progress-fill\" style=\"width: ${data.summaryMetrics.opportunityScore}%;\"></div>\n                </div>\n            </div>\n        </div>\n        \n        <div class=\"content\">\n            ${data.summaryMetrics.actionItems.length > 0 ? `\n            <div class=\"action-items\">\n                <h3>🎯 Priority Action Items</h3>\n                <ul>\n                    ${data.summaryMetrics.actionItems.map(item => `<li>${item}</li>`).join('')}\n                </ul>\n            </div>\n            ` : ''}\n            \n            <div class=\"section\">\n                <h2>📈 Market Intelligence Overview</h2>\n                <div class=\"metrics-grid\">\n                    <div class=\"metric-box\">\n                        <div class=\"metric-title\">Average Market Score</div>\n                        <div class=\"metric-value\">${Math.round(data.marketAnalysis.averageMarketScore)}/100</div>\n                        <div class=\"progress-bar\">\n                            <div class=\"progress-fill\" style=\"width: ${data.marketAnalysis.averageMarketScore}%;\"></div>\n                        </div>\n                    </div>\n                    <div class=\"metric-box\">\n                        <div class=\"metric-title\">Buy vs Sell Signals</div>\n                        <div class=\"metric-value\">${data.marketAnalysis.buySignals} 🟢 vs ${data.marketAnalysis.sellSignals} 🔴</div>\n                        <span class=\"trend-indicator trend-${data.marketAnalysis.buySignals > data.marketAnalysis.sellSignals ? 'up' : data.marketAnalysis.buySignals < data.marketAnalysis.sellSignals ? 'down' : 'neutral'}\">\n                            ${data.summaryMetrics.weeklyTrends.marketSentiment}\n                        </span>\n                    </div>\n                    <div class=\"metric-box\">\n                        <div class=\"metric-title\">Hot Markets Identified</div>\n                        <div class=\"metric-value\">${data.marketAnalysis.hotMarkets.length}</div>\n                        ${data.marketAnalysis.hotMarkets.length > 0 ? `<div style=\"font-size: 0.9em; margin-top: 5px; color: #666;\">${data.marketAnalysis.hotMarkets.slice(0, 3).join(', ')}</div>` : ''}\n                    </div>\n                    <div class=\"metric-box\">\n                        <div class=\"metric-title\">Average Confidence</div>\n                        <div class=\"metric-value\">${Math.round(data.marketAnalysis.averageConfidence * 100)}%</div>\n                        <div class=\"progress-bar\">\n                            <div class=\"progress-fill\" style=\"width: ${data.marketAnalysis.averageConfidence * 100}%;\"></div>\n                        </div>\n                    </div>\n                </div>\n                \n                ${data.marketAnalysis.topPerformingMarkets.length > 0 ? `\n                <div class=\"top-opportunities\">\n                    <h3>🏆 Top Performing Markets</h3>\n                    ${data.marketAnalysis.topPerformingMarkets.map(market => `\n                        <div class=\"opportunity-item\">\n                            <strong>${market.location}</strong> - Score: ${market.score}/100, ${market.signal} Signal (${market.confidence}% confidence)\n                        </div>\n                    `).join('')}\n                </div>\n                ` : ''}\n            </div>\n            \n            <div class=\"section\">\n                <h2>🎯 Deal Analysis</h2>\n                <div class=\"metrics-grid\">\n                    <div class=\"metric-box\">\n                        <div class=\"metric-title\">Total Properties Analyzed</div>\n                        <div class=\"metric-value\">${data.dealAnalysis.totalPropertiesAnalyzed.toLocaleString()}</div>\n                    </div>\n                    <div class=\"metric-box\">\n                        <div class=\"metric-title\">High-Value Deals (75+ Score)</div>\n                        <div class=\"metric-value\">${data.dealAnalysis.highValueDeals}</div>\n                    </div>\n                    <div class=\"metric-box\">\n                        <div class=\"metric-title\">Motivated Sellers</div>\n                        <div class=\"metric-value\">${data.dealAnalysis.motivatedSellers}</div>\n                    </div>\n                    <div class=\"metric-box\">\n                        <div class=\"metric-title\">Auction Opportunities</div>\n                        <div class=\"metric-value\">${data.dealAnalysis.auctionProperties}</div>\n                    </div>\n                </div>\n                \n                ${data.dealAnalysis.bestDeals.length > 0 ? `\n                <div class=\"top-opportunities\">\n                    <h3>💎 Best Deals Found</h3>\n                    ${data.dealAnalysis.bestDeals.slice(0, 5).map(deal => `\n                        <div class=\"opportunity-item\">\n                            <strong>${deal.location}</strong> - Score: ${deal.score}/100 (${deal.totalFound} properties analyzed)\n                        </div>\n                    `).join('')}\n                </div>\n                ` : ''}\n            </div>\n            \n            <div class=\"section\">\n                <h2>👥 Lead Management</h2>\n                <div class=\"metrics-grid\">\n                    <div class=\"metric-box\">\n                        <div class=\"metric-title\">Lead Quality Distribution</div>\n                        <div style=\"font-size: 0.9em; color: #666;\">\n                            🔥 Hot: ${data.leadAnalysis.hotLeads} | \n                            🟡 Warm: ${data.leadAnalysis.warmLeads} | \n                            🟢 Qualified: ${data.leadAnalysis.qualifiedLeads} | \n                            ❄️ Cold: ${data.leadAnalysis.coldLeads}\n                        </div>\n                    </div>\n                    <div class=\"metric-box\">\n                        <div class=\"metric-title\">Average Lead Score</div>\n                        <div class=\"metric-value\">${Math.round(data.leadAnalysis.averageLeadScore)}/100</div>\n                        <div class=\"progress-bar\">\n                            <div class=\"progress-fill\" style=\"width: ${data.leadAnalysis.averageLeadScore}%;\"></div>\n                        </div>\n                    </div>\n                    <div class=\"metric-box\">\n                        <div class=\"metric-title\">High-Value Leads ($500K+)</div>\n                        <div class=\"metric-value\">${data.leadAnalysis.highValueLeads}</div>\n                    </div>\n                    <div class=\"metric-box\">\n                        <div class=\"metric-title\">Top Lead Sources</div>\n                        <div style=\"font-size: 0.9em; color: #666;\">\n                            ${Object.entries(data.leadAnalysis.leadSources)\n                              .sort(([,a], [,b]) => b - a)\n                              .slice(0, 3)\n                              .map(([source, count]) => `${source}: ${count}`)\n                              .join(' | ')}\n                        </div>\n                    </div>\n                </div>\n                \n                ${data.leadAnalysis.conversionOpportunities.length > 0 ? `\n                <div class=\"top-opportunities\">\n                    <h3>🎯 Priority Conversion Opportunities</h3>\n                    ${data.leadAnalysis.conversionOpportunities.slice(0, 5).map(lead => `\n                        <div class=\"opportunity-item\">\n                            <strong>${lead.name}</strong> - ${lead.quality} Lead (Score: ${lead.score}/100) - Budget: $${lead.budget} - Timeline: ${lead.timeline}\n                        </div>\n                    `).join('')}\n                </div>\n                ` : ''}\n            </div>\n            \n            <div class=\"section\">\n                <h2>💰 Property Valuations</h2>\n                <div class=\"metrics-grid\">\n                    <div class=\"metric-box\">\n                        <div class=\"metric-title\">Average Property Value</div>\n                        <div class=\"metric-value\">$${Math.round(data.valuationAnalysis.averageValuation).toLocaleString()}</div>\n                    </div>\n                    <div class=\"metric-box\">\n                        <div class=\"metric-title\">Average Price per Sq Ft</div>\n                        <div class=\"metric-value\">$${Math.round(data.valuationAnalysis.averagePricePerSqft)}</div>\n                    </div>\n                    <div class=\"metric-box\">\n                        <div class=\"metric-title\">High Confidence Valuations</div>\n                        <div class=\"metric-value\">${data.valuationAnalysis.highConfidenceValuations}</div>\n                        <div style=\"font-size: 0.9em; color: #666;\">Avg Confidence: ${Math.round(data.valuationAnalysis.averageConfidence)}%</div>\n                    </div>\n                    <div class=\"metric-box\">\n                        <div class=\"metric-title\">Value Range Distribution</div>\n                        <div style=\"font-size: 0.9em; color: #666;\">\n                            <$250K: ${data.valuationAnalysis.valueRanges.under250k} | \n                            $250K-$500K: ${data.valuationAnalysis.valueRanges._250k_500k} | \n                            $500K-$1M: ${data.valuationAnalysis.valueRanges._500k_1m} | \n                            >$1M: ${data.valuationAnalysis.valueRanges.over1m}\n                        </div>\n                    </div>\n                </div>\n            </div>\n        </div>\n        \n        <div class=\"footer\">\n            <p>📊 Real Estate Automation Hub - Weekly Intelligence Report</p>\n            <p>Report ID: ${data.reportId} | Generated: ${new Date(data.generatedAt).toLocaleString()}</p>\n            <p>🤖 Powered by AI-driven market analysis and automated lead scoring</p>\n        </div>\n    </div>\n</body>\n</html>\n`;\n\nreturn [{\n  json: {\n    ...data,\n    report: {\n      html: executiveReportHtml,\n      fileName: `weekly_report_${new Date().toISOString().split('T')[0]}.html`,\n      title: 'Weekly Real Estate Intelligence Report'\n    }\n  }\n}];"
      },
      "id": "a7b8c9d0-bcde-f012-3456-789abcdef012",
      "name": "Generate Executive Report",
      "type": "n8n-nodes-base.code",
      "typeVersion": 2,
      "position": [
        900,
        300
      ]
    },
    {
      "parameters": {
        "resource": "email",
        "operation": "send",
        "toEmail": "executives@yourcompany.com",
        "subject": "📊 Weekly Real Estate Intelligence Report - {{ new Date().toLocaleDateString() }}",
        "emailType": "html",
        "message": "={{ $json.report.html }}",
        "options": {
          "priority": "normal",
          "attachments": [
            {
              "name": "{{ $json.report.fileName }}",
              "type": "text/html",
              "data": "={{ $json.report.html }}"
            }
          ]
        }
      },
      "id": "b8c9d0e1-cdef-0123-4567-89abcdef0123",
      "name": "Send Executive Report",
      "type": "n8n-nodes-base.gmail",
      "typeVersion": 2.1,
      "position": [
        1120,
        200
      ]
    },
    {
      "parameters": {
        "authentication": "webhook",
        "select": "channel",
        "channelId": {
          "__rl": true,
          "value": "C1234567890",
          "mode": "list",
          "cachedResultName": "#executive-reports"
        },
        "text": "📊 Weekly Real Estate Intelligence Report",
        "otherOptions": {
          "blocks": "[\n  {\n    \"type\": \"header\",\n    \"text\": {\n      \"type\": \"plain_text\",\n      \"text\": \"📊 Weekly Real Estate Intelligence Report\"\n    }\n  },\n  {\n    \"type\": \"section\",\n    \"fields\": [\n      {\n        \"type\": \"mrkdwn\",\n        \"text\": \"*Markets Analyzed:* {{ $json.summaryMetrics.weeklyActivity.marketsAnalyzed }}\"\n      },\n      {\n        \"type\": \"mrkdwn\",\n        \"text\": \"*Deals Found:* {{ $json.summaryMetrics.weeklyActivity.dealsFound }}\"\n      },\n      {\n        \"type\": \"mrkdwn\",\n        \"text\": \"*Leads Generated:* {{ $json.summaryMetrics.weeklyActivity.leadsGenerated }}\"\n      },\n      {\n        \"type\": \"mrkdwn\",\n        \"text\": \"*Opportunity Score:* {{ $json.summaryMetrics.opportunityScore }}/100\"\n      }\n    ]\n  },\n  {\n    \"type\": \"section\",\n    \"text\": {\n      \"type\": \"mrkdwn\",\n      \"text\": \"*Market Sentiment:* {{ $json.summaryMetrics.weeklyTrends.marketSentiment }} | *Deal Quality:* {{ $json.summaryMetrics.weeklyTrends.dealQuality }} | *Lead Quality:* {{ $json.summaryMetrics.weeklyTrends.leadQuality }}\"\n    }\n  },\n  {\n    \"type\": \"actions\",\n    \"elements\": [\n      {\n        \"type\": \"button\",\n        \"text\": {\n          \"type\": \"plain_text\",\n          \"text\": \"View Full Report\"\n        },\n        \"style\": \"primary\",\n        \"url\": \"https://your-dashboard.com/reports/{{ $json.reportId }}\"\n      },\n      {\n        \"type\": \"button\",\n        \"text\": {\n          \"type\": \"plain_text\",\n          \"text\": \"Dashboard\"\n        },\n        \"url\": \"https://your-dashboard.com\"\n      }\n    ]\n  }\n]"
        }
      },
      "id": "c9d0e1f2-def0-1234-5678-9abcdef01234",
      "name": "Send Slack Notification",
      "type": "n8n-nodes-base.slack",
      "typeVersion": 2.1,
      "position": [
        1120,
        300
      ]
    },
    {
      "parameters": {
        "authentication": "oAuth2",
        "resource": "sheet",
        "operation": "appendOrUpdate",
        "documentId": {
          "__rl": true,
          "value": "YOUR_GOOGLE_SHEET_ID",
          "mode": "id"
        },
        "sheetName": {
          "__rl": true,
          "value": "gid=8",
          "mode": "id"
        },
        "columns": {
          "mappingMode": "defineBelow",
          "value": {
            "report_id": "={{ $json.reportId }}",
            "generated_at": "={{ $json.generatedAt }}",
            "start_date": "={{ $json.reportPeriod.startDate }}",
            "end_date": "={{ $json.reportPeriod.endDate }}",
            "markets_analyzed": "={{ $json.summaryMetrics.weeklyActivity.marketsAnalyzed }}",
            "deals_found": "={{ $json.summaryMetrics.weeklyActivity.dealsFound }}",
            "leads_generated": "={{ $json.summaryMetrics.weeklyActivity.leadsGenerated }}",
            "properties_valuated": "={{ $json.summaryMetrics.weeklyActivity.propertiesValuated }}",
            "opportunity_score": "={{ $json.summaryMetrics.opportunityScore }}",
            "market_sentiment": "={{ $json.summaryMetrics.weeklyTrends.marketSentiment }}",
            "deal_quality": "={{ $json.summaryMetrics.weeklyTrends.dealQuality }}",
            "lead_quality": "={{ $json.summaryMetrics.weeklyTrends.leadQuality }}",
            "hot_leads": "={{ $json.leadAnalysis.hotLeads }}",
            "high_value_deals": "={{ $json.dealAnalysis.highValueDeals }}",
            "hot_markets": "={{ $json.marketAnalysis.hotMarkets.length }}",
            "avg_market_score": "={{ $json.marketAnalysis.averageMarketScore }}",
            "avg_deal_score": "={{ $json.dealAnalysis.averageDealScore }}",
            "avg_lead_score": "={{ $json.leadAnalysis.averageLeadScore }}",
            "report_file": "={{ $json.report.fileName }}"
          },
          "matchingColumns": [
            "report_id"
          ],
          "schema": [
            {
              "id": "report_id",
              "displayName": "report_id",
              "required": false,
              "defaultMatch": false,
              "canBeUsedToMatch": true,
              "type": "string"
            },
            {
              "id": "generated_at",
              "displayName": "generated_at",
              "required": false,
              "defaultMatch": false,
              "canBeUsedToMatch": false,
              "type": "string"
            },
            {
              "id": "start_date",
              "displayName": "start_date",
              "required": false,
              "defaultMatch": false,
              "canBeUsedToMatch": false,
              "type": "string"
            },
            {
              "id": "end_date",
              "displayName": "end_date",
              "required": false,
              "defaultMatch": false,
              "canBeUsedToMatch": false,
              "type": "string"
            },
            {
              "id": "markets_analyzed",
              "displayName": "markets_analyzed",
              "required": false,
              "defaultMatch": false,
              "canBeUsedToMatch": false,
              "type": "number"
            },
            {
              "id": "deals_found",
              "displayName": "deals_found",
              "required": false,
              "defaultMatch": false,
              "canBeUsedToMatch": false,
              "type": "number"
            },
            {
              "id": "leads_generated",
              "displayName": "leads_generated",
              "required": false,
              "defaultMatch": false,
              "canBeUsedToMatch": false,
              "type": "number"
            },
            {
              "id": "properties_valuated",
              "displayName": "properties_valuated",
              "required": false,
              "defaultMatch": false,
              "canBeUsedToMatch": false,
              "type": "number"
            },
            {
              "id": "opportunity_score",
              "displayName": "opportunity_score",
              "required": false,
              "defaultMatch": false,
              "canBeUsedToMatch": false,
              "type": "number"
            },
            {
              "id": "market_sentiment",
              "displayName": "market_sentiment",
              "required": false,
              "defaultMatch": false,
              "canBeUsedToMatch": false,
              "type": "string"
            },
            {
              "id": "deal_quality",
              "displayName": "deal_quality",
              "required": false,
              "defaultMatch": false,
              "canBeUsedToMatch": false,
              "type": "string"
            },
            {
              "id": "lead_quality",
              "displayName": "lead_quality",
              "required": false,
              "defaultMatch": false,
              "canBeUsedToMatch": false,
              "type": "string"
            },
            {
              "id": "hot_leads",
              "displayName": "hot_leads",
              "required": false,
              "defaultMatch": false,
              "canBeUsedToMatch": false,
              "type": "number"
            },
            {
              "id": "high_value_deals",
              "displayName": "high_value_deals",
              "required": false,
              "defaultMatch": false,
              "canBeUsedToMatch": false,
              "type": "number"
            },
            {
              "id": "hot_markets",
              "displayName": "hot_markets",
              "required": false,
              "defaultMatch": false,
              "canBeUsedToMatch": false,
              "type": "number"
            },
            {
              "id": "avg_market_score",
              "displayName": "avg_market_score",
              "required": false,
              "defaultMatch": false,
              "canBeUsedToMatch": false,
              "type": "number"
            },
            {
              "id": "avg_deal_score",
              "displayName": "avg_deal_score",
              "required": false,
              "defaultMatch": false,
              "canBeUsedToMatch": false,
              "type": "number"
            },
            {
              "id": "avg_lead_score",
              "displayName": "avg_lead_score",
              "required": false,
              "defaultMatch": false,
              "canBeUsedToMatch": false,
              "type": "number"
            },
            {
              "id": "report_file",
              "displayName": "report_file",
              "required": false,
              "defaultMatch": false,
              "canBeUsedToMatch": false,
              "type": "string"
            }
          ]
        },
        "options": {}
      },
      "id": "d0e1f2a3-ef01-2345-6789-abcdef012345",
      "name": "Store Report Data",
      "type": "n8n-nodes-base.googleSheets",
      "typeVersion": 4.2,
      "position": [
        1120,
        400
      ]
    }
  ],
  "connections": {
    "Weekly Report Trigger": {
      "main": [
        [
          {
            "node": "Get Market Data",
            "type": "main",
            "index": 0
          },
          {
            "node": "Get Deal Data",
            "type": "main",
            "index": 0
          },
          {
            "node": "Get Lead Data",
            "type": "main",
            "index": 0
          },
          {
            "node": "Get Valuation Data",
            "type": "main",
            "index": 0
          }
        ]
      ]
    },
    "Get Market Data": {
      "main": [
        [
          {
            "node": "Generate Report Analytics",
            "type": "main",
            "index": 0
          }
        ]
      ]
    },
    "Get Deal Data": {
      "main": [
        [
          {
            "node": "Generate Report Analytics",
            "type": "main",
            "index": 0
          }
        ]
      ]
    },
    "Get Lead Data": {
      "main": [
        [
          {
            "node": "Generate Report Analytics",
            "type": "main",
            "index": 0
          }
        ]
      ]
    },
    "Get Valuation Data": {
      "main": [
        [
          {
            "node": "Generate Report Analytics",
            "type": "main",
            "index": 0
          }
        ]
      ]
    },
    "Generate Report Analytics": {
      "main": [
        [
          {
            "node": "Generate Executive Report",
            "type": "main",
            "index": 0
          }
        ]
      ]
    },
    "Generate Executive Report": {
      "main": [
        [
          {
            "node": "Send Executive Report",
            "type": "main",
            "index": 0
          },
          {
            "node": "Send Slack Notification",
            "type": "main",
            "index": 0
          },
          {
            "node": "Store Report Data",
            "type": "main",
            "index": 0
          }
        ]
      ]
    }
  },
  "pinData": {},
  "settings": {
    "executionOrder": "v1"
  },
  "staticData": null,
  "tags": [],
  "triggerCount": 0,
  "updatedAt": "2024-01-01T00:00:00.000Z",
  "versionId": "1"
}
