{
  "name": "Portfolio Performance Tracker",
  "nodes": [
    {
      "parameters": {
        "rule": {
          "interval": [
            {
              "field": "cronExpression",
              "expression": "0 6 * * *"
            }
          ]
        }
      },
      "id": "a1b2c3d4-5678-9abc-def0-123456789abc",
      "name": "Daily Portfolio Check",
      "type": "n8n-nodes-base.cron",
      "typeVersion": 1,
      "position": [
        240,
        300
      ]
    },
    {
      "parameters": {
        "authentication": "oAuth2",
        "resource": "sheet",
        "operation": "read",
        "documentId": {
          "__rl": true,
          "value": "YOUR_GOOGLE_SHEET_ID",
          "mode": "id"
        },
        "sheetName": {
          "__rl": true,
          "value": "gid=9",
          "mode": "id"
        },
        "options": {}
      },
      "id": "b2c3d4e5-6789-abcd-ef01-23456789abcd",
      "name": "Get Portfolio Properties",
      "type": "n8n-nodes-base.googleSheets",
      "typeVersion": 4.2,
      "position": [
        460,
        300
      ]
    },
    {
      "parameters": {
        "jsCode": "// Portfolio Performance Analysis Engine\nconst portfolioProperties = $input.all();\nconst today = new Date();\nconst results = [];\n\nfor (const property of portfolioProperties) {\n  const data = property.json;\n  \n  // Skip header row\n  if (!data.property_id || data.property_id === 'property_id') continue;\n  \n  const propertyAnalysis = await analyzeProperty(data);\n  results.push({ json: propertyAnalysis });\n}\n\nasync function analyzeProperty(property) {\n  const {\n    property_id,\n    address,\n    purchase_price,\n    purchase_date,\n    current_value,\n    monthly_rent,\n    monthly_expenses,\n    loan_balance,\n    interest_rate,\n    property_type,\n    bedrooms,\n    bathrooms,\n    sqft,\n    last_updated\n  } = property;\n  \n  // Calculate time-based metrics\n  const purchaseDate = new Date(purchase_date);\n  const daysOwned = Math.floor((today - purchaseDate) / (1000 * 60 * 60 * 24));\n  const yearsOwned = daysOwned / 365.25;\n  \n  // Current market value analysis\n  let estimatedCurrentValue = parseFloat(current_value) || parseFloat(purchase_price);\n  \n  // If current value is outdated (>30 days), get fresh estimate\n  const lastUpdated = new Date(last_updated || purchase_date);\n  const daysSinceUpdate = Math.floor((today - lastUpdated) / (1000 * 60 * 60 * 24));\n  \n  if (daysSinceUpdate > 30) {\n    // Get fresh market value estimate\n    estimatedCurrentValue = await getPropertyValueEstimate(address, bedrooms, bathrooms, sqft);\n  }\n  \n  // Financial performance calculations\n  const totalAppreciation = estimatedCurrentValue - parseFloat(purchase_price);\n  const appreciationPercent = (totalAppreciation / parseFloat(purchase_price)) * 100;\n  const annualAppreciationRate = appreciationPercent / yearsOwned;\n  \n  // Cash flow analysis\n  const monthlyIncome = parseFloat(monthly_rent) || 0;\n  const monthlyExpenses = parseFloat(monthly_expenses) || 0;\n  const monthlyCashFlow = monthlyIncome - monthlyExpenses;\n  const annualCashFlow = monthlyCashFlow * 12;\n  \n  // ROI calculations\n  const totalCashFlow = annualCashFlow * yearsOwned;\n  const totalReturn = totalAppreciation + totalCashFlow;\n  const totalROI = (totalReturn / parseFloat(purchase_price)) * 100;\n  const annualROI = totalROI / yearsOwned;\n  \n  // Equity calculations\n  const currentLoanBalance = parseFloat(loan_balance) || 0;\n  const currentEquity = estimatedCurrentValue - currentLoanBalance;\n  const equityPercent = (currentEquity / estimatedCurrentValue) * 100;\n  \n  // Market performance vs property\n  const marketAppreciationRate = await getMarketAppreciationRate(address);\n  const performanceVsMarket = annualAppreciationRate - marketAppreciationRate;\n  \n  // Cap rate calculation\n  const capRate = (annualCashFlow / estimatedCurrentValue) * 100;\n  \n  // Cash-on-cash return (if we have down payment info)\n  const downPayment = parseFloat(purchase_price) * 0.2; // Assume 20% if not specified\n  const cashOnCashReturn = (annualCashFlow / downPayment) * 100;\n  \n  // Performance scoring (0-100)\n  let performanceScore = 0;\n  const scoringFactors = [];\n  \n  // Cash flow scoring (25 points max)\n  if (monthlyCashFlow > 500) {\n    performanceScore += 25;\n    scoringFactors.push('Excellent cash flow ($500+/month)');\n  } else if (monthlyCashFlow > 200) {\n    performanceScore += 20;\n    scoringFactors.push('Good cash flow ($200-$500/month)');\n  } else if (monthlyCashFlow > 0) {\n    performanceScore += 15;\n    scoringFactors.push('Positive cash flow');\n  } else if (monthlyCashFlow > -200) {\n    performanceScore += 10;\n    scoringFactors.push('Break-even cash flow');\n  } else {\n    performanceScore += 5;\n    scoringFactors.push('Negative cash flow (concerning)');\n  }\n  \n  // Appreciation scoring (25 points max)\n  if (annualAppreciationRate > 8) {\n    performanceScore += 25;\n    scoringFactors.push('Exceptional appreciation (>8%/year)');\n  } else if (annualAppreciationRate > 5) {\n    performanceScore += 20;\n    scoringFactors.push('Strong appreciation (5-8%/year)');\n  } else if (annualAppreciationRate > 3) {\n    performanceScore += 15;\n    scoringFactors.push('Moderate appreciation (3-5%/year)');\n  } else if (annualAppreciationRate > 0) {\n    performanceScore += 10;\n    scoringFactors.push('Slow appreciation (0-3%/year)');\n  } else {\n    performanceScore += 5;\n    scoringFactors.push('Property depreciation (negative)');\n  }\n  \n  // Market performance scoring (20 points max)\n  if (performanceVsMarket > 2) {\n    performanceScore += 20;\n    scoringFactors.push('Outperforming market significantly');\n  } else if (performanceVsMarket > 0) {\n    performanceScore += 15;\n    scoringFactors.push('Outperforming market');\n  } else if (performanceVsMarket > -2) {\n    performanceScore += 10;\n    scoringFactors.push('Matching market performance');\n  } else {\n    performanceScore += 5;\n    scoringFactors.push('Underperforming market');\n  }\n  \n  // Cap rate scoring (15 points max)\n  if (capRate > 8) {\n    performanceScore += 15;\n    scoringFactors.push('Excellent cap rate (>8%)');\n  } else if (capRate > 6) {\n    performanceScore += 12;\n    scoringFactors.push('Good cap rate (6-8%)');\n  } else if (capRate > 4) {\n    performanceScore += 8;\n    scoringFactors.push('Average cap rate (4-6%)');\n  } else {\n    performanceScore += 5;\n    scoringFactors.push('Low cap rate (<4%)');\n  }\n  \n  // Equity growth scoring (15 points max)\n  if (equityPercent > 70) {\n    performanceScore += 15;\n    scoringFactors.push('High equity position (>70%)');\n  } else if (equityPercent > 50) {\n    performanceScore += 12;\n    scoringFactors.push('Strong equity position (50-70%)');\n  } else if (equityPercent > 30) {\n    performanceScore += 8;\n    scoringFactors.push('Moderate equity position (30-50%)');\n  } else {\n    performanceScore += 5;\n    scoringFactors.push('Low equity position (<30%)');\n  }\n  \n  // Performance grade\n  let performanceGrade = 'F';\n  if (performanceScore >= 90) performanceGrade = 'A+';\n  else if (performanceScore >= 85) performanceGrade = 'A';\n  else if (performanceScore >= 80) performanceGrade = 'A-';\n  else if (performanceScore >= 75) performanceGrade = 'B+';\n  else if (performanceScore >= 70) performanceGrade = 'B';\n  else if (performanceScore >= 65) performanceGrade = 'B-';\n  else if (performanceScore >= 60) performanceGrade = 'C+';\n  else if (performanceScore >= 55) performanceGrade = 'C';\n  else if (performanceScore >= 50) performanceGrade = 'C-';\n  else if (performanceScore >= 45) performanceGrade = 'D';\n  \n  // Action recommendations\n  const recommendations = generateRecommendations(\n    monthlyCashFlow, \n    annualAppreciationRate, \n    performanceVsMarket, \n    capRate, \n    equityPercent,\n    currentLoanBalance,\n    interest_rate\n  );\n  \n  // Risk assessment\n  const riskFactors = assessRisks(\n    monthlyCashFlow,\n    equityPercent,\n    currentLoanBalance,\n    capRate,\n    performanceVsMarket\n  );\n  \n  return {\n    property_id,\n    address,\n    analysis_date: today.toISOString(),\n    days_owned: daysOwned,\n    years_owned: Math.round(yearsOwned * 100) / 100,\n    \n    // Financial metrics\n    purchase_price: parseFloat(purchase_price),\n    current_estimated_value: Math.round(estimatedCurrentValue),\n    total_appreciation: Math.round(totalAppreciation),\n    appreciation_percent: Math.round(appreciationPercent * 100) / 100,\n    annual_appreciation_rate: Math.round(annualAppreciationRate * 100) / 100,\n    \n    // Cash flow metrics\n    monthly_income: monthlyIncome,\n    monthly_expenses: monthlyExpenses,\n    monthly_cash_flow: Math.round(monthlyCashFlow * 100) / 100,\n    annual_cash_flow: Math.round(annualCashFlow),\n    \n    // ROI metrics\n    total_cash_flow: Math.round(totalCashFlow),\n    total_return: Math.round(totalReturn),\n    total_roi_percent: Math.round(totalROI * 100) / 100,\n    annual_roi_percent: Math.round(annualROI * 100) / 100,\n    \n    // Equity metrics\n    current_loan_balance: currentLoanBalance,\n    current_equity: Math.round(currentEquity),\n    equity_percent: Math.round(equityPercent * 100) / 100,\n    \n    // Performance metrics\n    cap_rate: Math.round(capRate * 100) / 100,\n    cash_on_cash_return: Math.round(cashOnCashReturn * 100) / 100,\n    market_appreciation_rate: Math.round(marketAppreciationRate * 100) / 100,\n    performance_vs_market: Math.round(performanceVsMarket * 100) / 100,\n    \n    // Scoring\n    performance_score: performanceScore,\n    performance_grade: performanceGrade,\n    scoring_factors: scoringFactors,\n    \n    // Analysis\n    recommendations: recommendations,\n    risk_factors: riskFactors,\n    \n    // Flags\n    needs_attention: performanceScore < 60 || monthlyCashFlow < -100,\n    high_performer: performanceScore >= 85,\n    value_updated: daysSinceUpdate <= 30,\n    last_value_update: lastUpdated.toISOString()\n  };\n}\n\nasync function getPropertyValueEstimate(address, bedrooms, bathrooms, sqft) {\n  try {\n    // This would integrate with a real estate API like Zillow, Realtor.com, etc.\n    // For now, using a simplified estimation model\n    \n    // Get area average price per sqft (this would come from real API)\n    const avgPricePerSqft = await getAreaPricePerSqft(address);\n    const baseValue = avgPricePerSqft * sqft;\n    \n    // Apply adjustments based on property characteristics\n    let adjustedValue = baseValue;\n    \n    // Bedroom adjustment\n    if (bedrooms >= 4) adjustedValue *= 1.1;\n    else if (bedrooms <= 2) adjustedValue *= 0.95;\n    \n    // Bathroom adjustment\n    if (bathrooms >= 3) adjustedValue *= 1.05;\n    else if (bathrooms < 2) adjustedValue *= 0.95;\n    \n    return Math.round(adjustedValue);\n  } catch (error) {\n    console.log('Error getting property value estimate:', error);\n    return null;\n  }\n}\n\nasync function getAreaPricePerSqft(address) {\n  // This would integrate with real market data APIs\n  // For demo purposes, returning a reasonable estimate\n  const basePrice = 150; // $150/sqft base\n  const randomVariation = (Math.random() * 50) + 125; // $125-175/sqft range\n  return randomVariation;\n}\n\nasync function getMarketAppreciationRate(address) {\n  // This would get actual market data for the area\n  // For demo, using a reasonable market rate\n  return 4.2; // 4.2% annual market appreciation\n}\n\nfunction generateRecommendations(cashFlow, appreciation, vsMarket, capRate, equity, loanBalance, interestRate) {\n  const recommendations = [];\n  \n  if (cashFlow < 0) {\n    recommendations.push('🚨 URGENT: Negative cash flow - consider increasing rent or reducing expenses');\n  } else if (cashFlow < 100) {\n    recommendations.push('💡 Consider optimizing rental income or reducing operating expenses');\n  }\n  \n  if (appreciation < 2) {\n    recommendations.push('📉 Low appreciation - monitor market conditions and consider improvements');\n  }\n  \n  if (vsMarket < -2) {\n    recommendations.push('⚠️ Underperforming market - investigate property-specific issues');\n  }\n  \n  if (capRate < 4) {\n    recommendations.push('📊 Low cap rate - consider if this is a appreciation play or needs optimization');\n  }\n  \n  if (equity > 70 && loanBalance > 0) {\n    recommendations.push('🏦 High equity - consider cash-out refinance for new investments');\n  }\n  \n  if (interestRate > 6 && loanBalance > 0) {\n    recommendations.push('💳 High interest rate - explore refinancing options');\n  }\n  \n  if (appreciation > 8 && equity > 50) {\n    recommendations.push('🎯 Strong performer - consider similar properties in this market');\n  }\n  \n  return recommendations;\n}\n\nfunction assessRisks(cashFlow, equity, loanBalance, capRate, vsMarket) {\n  const risks = [];\n  \n  if (cashFlow < -200) {\n    risks.push('🔴 HIGH RISK: Significant negative cash flow');\n  }\n  \n  if (equity < 20) {\n    risks.push('🟡 MEDIUM RISK: Low equity position');\n  }\n  \n  if (loanBalance > 0 && capRate < 3) {\n    risks.push('🟡 MEDIUM RISK: Low returns relative to leverage');\n  }\n  \n  if (vsMarket < -3) {\n    risks.push('🟡 MEDIUM RISK: Significantly underperforming market');\n  }\n  \n  if (risks.length === 0) {\n    risks.push('🟢 LOW RISK: Property performing within acceptable parameters');\n  }\n  \n  return risks;\n}\n\nreturn results;"
      },
      "id": "c3d4e5f6-789a-bcde-f012-3456789abcde",
      "name": "Analyze Portfolio Performance",
      "type": "n8n-nodes-base.code",
      "typeVersion": 2,
      "position": [
        680,
        300
      ]
    },
    {
      "parameters": {
        "conditions": {
          "options": {
            "caseSensitive": true,
            "leftValue": "",
            "typeValidation": "strict"
          },
          "conditions": [
            {
              "id": "f8b8c5a0-1234-5678-9abc-123456789abc",
              "leftValue": "={{ $json.needs_attention }}",
              "rightValue": true,
              "operator": {
                "type": "boolean",
                "operation": "equal"
              }
            }
          ],
          "combinator": "or"
        },
        "options": {}
      },
      "id": "d4e5f6a7-89ab-cdef-0123-456789abcdef",
      "name": "Check if Needs Attention",
      "type": "n8n-nodes-base.if",
      "typeVersion": 2,
      "position": [
        900,
        200
      ]
    },
    {
      "parameters": {
        "resource": "email",
        "operation": "send",
        "toEmail": "portfolio-manager@yourcompany.com",
        "subject": "🚨 Portfolio Alert: Property Needs Attention - {{ $json.address }}",
        "emailType": "html",
        "message": "<!DOCTYPE html>\n<html>\n<head>\n    <style>\n        body { font-family: Arial, sans-serif; margin: 0; padding: 20px; background: #f4f4f4; }\n        .container { background: white; padding: 30px; border-radius: 10px; box-shadow: 0 4px 10px rgba(0,0,0,0.1); max-width: 600px; margin: 0 auto; }\n        .header { background: linear-gradient(135deg, #e74c3c, #c0392b); color: white; padding: 20px; border-radius: 8px; text-align: center; margin-bottom: 20px; }\n        .alert-badge { background: #e74c3c; color: white; padding: 8px 16px; border-radius: 20px; display: inline-block; font-weight: bold; margin: 10px 0; }\n        .metrics-grid { display: grid; grid-template-columns: 1fr 1fr; gap: 15px; margin: 20px 0; }\n        .metric-item { background: #f8f9fa; padding: 15px; border-radius: 5px; border-left: 4px solid #e74c3c; }\n        .label { font-weight: bold; color: #666; }\n        .value { color: #333; margin-top: 5px; font-size: 1.1em; }\n        .recommendations { background: #fff3cd; border: 1px solid #ffeaa7; padding: 20px; border-radius: 8px; margin: 20px 0; }\n        .risk-factors { background: #f8d7da; border: 1px solid #f5c6cb; padding: 20px; border-radius: 8px; margin: 20px 0; }\n    </style>\n</head>\n<body>\n    <div class=\"container\">\n        <div class=\"header\">\n            <h1>🚨 Portfolio Alert</h1>\n            <p>Property requires immediate attention</p>\n        </div>\n        \n        <div class=\"alert-badge\">Performance Score: {{ $json.performance_score }}/100 ({{ $json.performance_grade }})</div>\n        \n        <h2>{{ $json.address }}</h2>\n        <p><strong>Property ID:</strong> {{ $json.property_id }}</p>\n        <p><strong>Owned for:</strong> {{ $json.years_owned }} years</p>\n        \n        <div class=\"metrics-grid\">\n            <div class=\"metric-item\">\n                <div class=\"label\">Monthly Cash Flow</div>\n                <div class=\"value\">${{ $json.monthly_cash_flow }}</div>\n            </div>\n            <div class=\"metric-item\">\n                <div class=\"label\">Annual ROI</div>\n                <div class=\"value\">{{ $json.annual_roi_percent }}%</div>\n            </div>\n            <div class=\"metric-item\">\n                <div class=\"label\">Current Value</div>\n                <div class=\"value\">${{ $json.current_estimated_value.toLocaleString() }}</div>\n            </div>\n            <div class=\"metric-item\">\n                <div class=\"label\">Total Return</div>\n                <div class=\"value\">${{ $json.total_return.toLocaleString() }}</div>\n            </div>\n        </div>\n        \n        <div class=\"risk-factors\">\n            <h3>🚨 Risk Factors</h3>\n            <ul>\n                {{ $json.risk_factors.map(risk => `<li>${risk}</li>`).join('') }}\n            </ul>\n        </div>\n        \n        <div class=\"recommendations\">\n            <h3>💡 Recommendations</h3>\n            <ul>\n                {{ $json.recommendations.map(rec => `<li>${rec}</li>`).join('') }}\n            </ul>\n        </div>\n        \n        <p><strong>Analysis Date:</strong> {{ new Date($json.analysis_date).toLocaleString() }}</p>\n    </div>\n</body>\n</html>",
        "options": {
          "priority": "high"
        }
      },
      "id": "e5f6a7b8-9abc-def0-1234-56789abcdef0",
      "name": "Send Alert Email",
      "type": "n8n-nodes-base.gmail",
      "typeVersion": 2.1,
      "position": [
        1120,
        200
      ]
    },
    {
      "parameters": {
        "authentication": "oAuth2",
        "resource": "sheet",
        "operation": "appendOrUpdate",
        "documentId": {
          "__rl": true,
          "value": "YOUR_GOOGLE_SHEET_ID",
          "mode": "id"
        },
        "sheetName": {
          "__rl": true,
          "value": "gid=10",
          "mode": "id"
        },
        "columns": {
          "mappingMode": "defineBelow",
          "value": {
            "property_id": "={{ $json.property_id }}",
            "address": "={{ $json.address }}",
            "analysis_date": "={{ $json.analysis_date }}",
            "days_owned": "={{ $json.days_owned }}",
            "years_owned": "={{ $json.years_owned }}",
            "purchase_price": "={{ $json.purchase_price }}",
            "current_estimated_value": "={{ $json.current_estimated_value }}",
            "total_appreciation": "={{ $json.total_appreciation }}",
            "appreciation_percent": "={{ $json.appreciation_percent }}",
            "annual_appreciation_rate": "={{ $json.annual_appreciation_rate }}",
            "monthly_income": "={{ $json.monthly_income }}",
            "monthly_expenses": "={{ $json.monthly_expenses }}",
            "monthly_cash_flow": "={{ $json.monthly_cash_flow }}",
            "annual_cash_flow": "={{ $json.annual_cash_flow }}",
            "total_cash_flow": "={{ $json.total_cash_flow }}",
            "total_return": "={{ $json.total_return }}",
            "total_roi_percent": "={{ $json.total_roi_percent }}",
            "annual_roi_percent": "={{ $json.annual_roi_percent }}",
            "current_loan_balance": "={{ $json.current_loan_balance }}",
            "current_equity": "={{ $json.current_equity }}",
            "equity_percent": "={{ $json.equity_percent }}",
            "cap_rate": "={{ $json.cap_rate }}",
            "cash_on_cash_return": "={{ $json.cash_on_cash_return }}",
            "market_appreciation_rate": "={{ $json.market_appreciation_rate }}",
            "performance_vs_market": "={{ $json.performance_vs_market }}",
            "performance_score": "={{ $json.performance_score }}",
            "performance_grade": "={{ $json.performance_grade }}",
            "scoring_factors": "={{ $json.scoring_factors.join('; ') }}",
            "recommendations": "={{ $json.recommendations.join('; ') }}",
            "risk_factors": "={{ $json.risk_factors.join('; ') }}",
            "needs_attention": "={{ $json.needs_attention }}",
            "high_performer": "={{ $json.high_performer }}",
            "value_updated": "={{ $json.value_updated }}",
            "last_value_update": "={{ $json.last_value_update }}"
          },
          "matchingColumns": [
            "property_id",
            "analysis_date"
          ],
          "schema": [
            {
              "id": "property_id",
              "displayName": "property_id",
              "required": false,
              "defaultMatch": false,
              "canBeUsedToMatch": true,
              "type": "string"
            },
            {
              "id": "address",
              "displayName": "address",
              "required": false,
              "defaultMatch": false,
              "canBeUsedToMatch": false,
              "type": "string"
            },
            {
              "id": "analysis_date",
              "displayName": "analysis_date",
              "required": false,
              "defaultMatch": false,
              "canBeUsedToMatch": true,
              "type": "string"
            }
          ]
        },
        "options": {}
      },
      "id": "f6a7b8c9-abcd-ef01-2345-6789abcdef01",
      "name": "Store Performance Analysis",
      "type": "n8n-nodes-base.googleSheets",
      "typeVersion": 4.2,
      "position": [
        900,
        400
      ]
    },
    {
      "parameters": {
        "jsCode": "// Generate Portfolio Summary Report\nconst allProperties = $input.all();\n\nif (allProperties.length === 0) {\n  return [{ json: { message: 'No properties analyzed today' } }];\n}\n\n// Calculate portfolio-wide metrics\nconst portfolioSummary = {\n  totalProperties: allProperties.length,\n  totalValue: 0,\n  totalEquity: 0,\n  totalMonthlyIncome: 0,\n  totalMonthlyExpenses: 0,\n  totalMonthlyCashFlow: 0,\n  totalAnnualCashFlow: 0,\n  totalAppreciation: 0,\n  averagePerformanceScore: 0,\n  highPerformers: 0,\n  needsAttention: 0,\n  averageCapRate: 0,\n  averageROI: 0,\n  bestPerformers: [],\n  worstPerformers: [],\n  totalLoanBalance: 0,\n  portfolioLoanToValue: 0\n};\n\nlet totalScores = 0;\nlet totalCapRates = 0;\nlet totalROI = 0;\nlet validCapRates = 0;\nlet validROI = 0;\n\n// Process each property\nallProperties.forEach(property => {\n  const data = property.json;\n  \n  portfolioSummary.totalValue += data.current_estimated_value || 0;\n  portfolioSummary.totalEquity += data.current_equity || 0;\n  portfolioSummary.totalMonthlyIncome += data.monthly_income || 0;\n  portfolioSummary.totalMonthlyExpenses += data.monthly_expenses || 0;\n  portfolioSummary.totalMonthlyCashFlow += data.monthly_cash_flow || 0;\n  portfolioSummary.totalAnnualCashFlow += data.annual_cash_flow || 0;\n  portfolioSummary.totalAppreciation += data.total_appreciation || 0;\n  portfolioSummary.totalLoanBalance += data.current_loan_balance || 0;\n  \n  totalScores += data.performance_score || 0;\n  \n  if (data.cap_rate && data.cap_rate > 0) {\n    totalCapRates += data.cap_rate;\n    validCapRates++;\n  }\n  \n  if (data.annual_roi_percent) {\n    totalROI += data.annual_roi_percent;\n    validROI++;\n  }\n  \n  if (data.high_performer) portfolioSummary.highPerformers++;\n  if (data.needs_attention) portfolioSummary.needsAttention++;\n});\n\n// Calculate averages\nportfolioSummary.averagePerformanceScore = Math.round(totalScores / portfolioSummary.totalProperties);\nportfolioSummary.averageCapRate = validCapRates > 0 ? Math.round((totalCapRates / validCapRates) * 100) / 100 : 0;\nportfolioSummary.averageROI = validROI > 0 ? Math.round((totalROI / validROI) * 100) / 100 : 0;\nportfolioSummary.portfolioLoanToValue = portfolioSummary.totalValue > 0 ? \n  Math.round((portfolioSummary.totalLoanBalance / portfolioSummary.totalValue) * 100) : 0;\n\n// Find best and worst performers\nportfolioSummary.bestPerformers = allProperties\n  .map(p => ({\n    address: p.json.address,\n    score: p.json.performance_score,\n    roi: p.json.annual_roi_percent,\n    cashFlow: p.json.monthly_cash_flow\n  }))\n  .sort((a, b) => b.score - a.score)\n  .slice(0, 3);\n\nportfolioSummary.worstPerformers = allProperties\n  .map(p => ({\n    address: p.json.address,\n    score: p.json.performance_score,\n    roi: p.json.annual_roi_percent,\n    cashFlow: p.json.monthly_cash_flow\n  }))\n  .sort((a, b) => a.score - b.score)\n  .slice(0, 3);\n\n// Portfolio health assessment\nlet portfolioHealth = 'Poor';\nif (portfolioSummary.averagePerformanceScore >= 85) portfolioHealth = 'Excellent';\nelse if (portfolioSummary.averagePerformanceScore >= 75) portfolioHealth = 'Good';\nelse if (portfolioSummary.averagePerformanceScore >= 65) portfolioHealth = 'Fair';\nelse if (portfolioSummary.averagePerformanceScore >= 55) portfolioHealth = 'Below Average';\n\n// Risk assessment\nconst riskFactors = [];\nif (portfolioSummary.needsAttention > portfolioSummary.totalProperties * 0.3) {\n  riskFactors.push('High percentage of properties need attention');\n}\nif (portfolioSummary.totalMonthlyCashFlow < 0) {\n  riskFactors.push('Portfolio has negative cash flow');\n}\nif (portfolioSummary.portfolioLoanToValue > 80) {\n  riskFactors.push('High loan-to-value ratio');\n}\nif (portfolioSummary.averageCapRate < 4) {\n  riskFactors.push('Low average cap rates');\n}\n\n// Opportunities\nconst opportunities = [];\nif (portfolioSummary.highPerformers > 0) {\n  opportunities.push(`${portfolioSummary.highPerformers} high-performing properties - consider similar investments`);\n}\nif (portfolioSummary.averageROI > 10) {\n  opportunities.push('Strong ROI performance - portfolio is outperforming');\n}\nif (portfolioSummary.totalEquity > portfolioSummary.totalValue * 0.6) {\n  opportunities.push('High equity position - consider refinancing for new investments');\n}\n\nreturn [{\n  json: {\n    reportId: `portfolio_summary_${Date.now()}`,\n    analysisDate: new Date().toISOString(),\n    portfolioSummary,\n    portfolioHealth,\n    riskFactors,\n    opportunities,\n    propertyDetails: allProperties.map(p => p.json)\n  }\n}];"
      },
      "id": "a7b8c9d0-bcde-f012-3456-789abcdef012",
      "name": "Generate Portfolio Summary",
      "type": "n8n-nodes-base.code",
      "typeVersion": 2,
      "position": [
        1120,
        400
      ]
    },
    {
      "parameters": {
        "resource": "email",
        "operation": "send",
        "toEmail": "portfolio-manager@yourcompany.com",
        "subject": "📊 Daily Portfolio Performance Summary - {{ new Date().toLocaleDateString() }}",
        "emailType": "html",
        "message": "<!DOCTYPE html>\n<html>\n<head>\n    <style>\n        body { font-family: 'Segoe UI', Arial, sans-serif; margin: 0; padding: 0; background: #f8f9fa; }\n        .container { max-width: 1000px; margin: 0 auto; background: white; }\n        .header { background: linear-gradient(135deg, #2c3e50 0%, #34495e 100%); color: white; padding: 30px; text-align: center; }\n        .summary-cards { display: grid; grid-template-columns: repeat(auto-fit, minmax(200px, 1fr)); gap: 20px; padding: 30px; background: #f8f9fa; }\n        .card { background: white; padding: 20px; border-radius: 10px; box-shadow: 0 2px 10px rgba(0,0,0,0.1); text-align: center; }\n        .card-value { font-size: 2em; font-weight: bold; color: #2c3e50; margin: 10px 0; }\n        .card-label { color: #666; font-size: 0.9em; text-transform: uppercase; }\n        .content { padding: 30px; }\n        .section { margin-bottom: 30px; }\n        .section h2 { color: #2c3e50; border-bottom: 2px solid #3498db; padding-bottom: 10px; }\n        .performers { display: grid; grid-template-columns: 1fr 1fr; gap: 20px; }\n        .performer-card { background: #f8f9fa; padding: 15px; border-radius: 8px; border-left: 4px solid #3498db; }\n        .risk-section { background: #fff3cd; border: 1px solid #ffeaa7; padding: 20px; border-radius: 8px; }\n        .opportunity-section { background: #d4edda; border: 1px solid #c3e6cb; padding: 20px; border-radius: 8px; }\n        .health-badge { display: inline-block; padding: 8px 16px; border-radius: 20px; font-weight: bold; margin: 10px 0; }\n        .health-excellent { background: #d4edda; color: #155724; }\n        .health-good { background: #cce7ff; color: #004085; }\n        .health-fair { background: #fff3cd; color: #856404; }\n        .health-poor { background: #f8d7da; color: #721c24; }\n    </style>\n</head>\n<body>\n    <div class=\"container\">\n        <div class=\"header\">\n            <h1>📊 Portfolio Performance Summary</h1>\n            <p>Daily Analysis Report - {{ new Date($json.analysisDate).toLocaleDateString() }}</p>\n        </div>\n        \n        <div class=\"summary-cards\">\n            <div class=\"card\">\n                <div class=\"card-label\">Total Properties</div>\n                <div class=\"card-value\">{{ $json.portfolioSummary.totalProperties }}</div>\n            </div>\n            <div class=\"card\">\n                <div class=\"card-label\">Portfolio Value</div>\n                <div class=\"card-value\">${{ ($json.portfolioSummary.totalValue / 1000000).toFixed(1) }}M</div>\n            </div>\n            <div class=\"card\">\n                <div class=\"card-label\">Monthly Cash Flow</div>\n                <div class=\"card-value\">${{ $json.portfolioSummary.totalMonthlyCashFlow.toLocaleString() }}</div>\n            </div>\n            <div class=\"card\">\n                <div class=\"card-label\">Average Score</div>\n                <div class=\"card-value\">{{ $json.portfolioSummary.averagePerformanceScore }}/100</div>\n            </div>\n            <div class=\"card\">\n                <div class=\"card-label\">Portfolio Health</div>\n                <div class=\"health-badge health-{{ $json.portfolioHealth.toLowerCase() }}\">{{ $json.portfolioHealth }}</div>\n            </div>\n        </div>\n        \n        <div class=\"content\">\n            <div class=\"section\">\n                <h2>📈 Key Metrics</h2>\n                <div class=\"summary-cards\">\n                    <div class=\"card\">\n                        <div class=\"card-label\">Total Equity</div>\n                        <div class=\"card-value\">${{ ($json.portfolioSummary.totalEquity / 1000000).toFixed(1) }}M</div>\n                    </div>\n                    <div class=\"card\">\n                        <div class=\"card-label\">Annual Cash Flow</div>\n                        <div class=\"card-value\">${{ $json.portfolioSummary.totalAnnualCashFlow.toLocaleString() }}</div>\n                    </div>\n                    <div class=\"card\">\n                        <div class=\"card-label\">Average Cap Rate</div>\n                        <div class=\"card-value\">{{ $json.portfolioSummary.averageCapRate }}%</div>\n                    </div>\n                    <div class=\"card\">\n                        <div class=\"card-label\">Average ROI</div>\n                        <div class=\"card-value\">{{ $json.portfolioSummary.averageROI }}%</div>\n                    </div>\n                </div>\n            </div>\n            \n            <div class=\"section\">\n                <h2>🏆 Performance Highlights</h2>\n                <div class=\"performers\">\n                    <div>\n                        <h3>Top Performers</h3>\n                        {{ $json.portfolioSummary.bestPerformers.map(p => `\n                            <div class=\"performer-card\">\n                                <strong>${p.address}</strong><br>\n                                Score: ${p.score}/100<br>\n                                ROI: ${p.roi}% | Cash Flow: $${p.cashFlow}\n                            </div>\n                        `).join('') }}\n                    </div>\n                    <div>\n                        <h3>Needs Attention</h3>\n                        {{ $json.portfolioSummary.worstPerformers.map(p => `\n                            <div class=\"performer-card\" style=\"border-left-color: #e74c3c;\">\n                                <strong>${p.address}</strong><br>\n                                Score: ${p.score}/100<br>\n                                ROI: ${p.roi}% | Cash Flow: $${p.cashFlow}\n                            </div>\n                        `).join('') }}\n                    </div>\n                </div>\n            </div>\n            \n            {{ $json.riskFactors.length > 0 ? `\n            <div class=\"section\">\n                <div class=\"risk-section\">\n                    <h3>⚠️ Risk Factors</h3>\n                    <ul>\n                        ${$json.riskFactors.map(risk => `<li>${risk}</li>`).join('')}\n                    </ul>\n                </div>\n            </div>\n            ` : '' }}\n            \n            {{ $json.opportunities.length > 0 ? `\n            <div class=\"section\">\n                <div class=\"opportunity-section\">\n                    <h3>🎯 Opportunities</h3>\n                    <ul>\n                        ${$json.opportunities.map(opp => `<li>${opp}</li>`).join('')}\n                    </ul>\n                </div>\n            </div>\n            ` : '' }}\n            \n            <div class=\"section\">\n                <h2>📊 Summary Stats</h2>\n                <p><strong>High Performers:</strong> {{ $json.portfolioSummary.highPerformers }} properties</p>\n                <p><strong>Need Attention:</strong> {{ $json.portfolioSummary.needsAttention }} properties</p>\n                <p><strong>Loan-to-Value:</strong> {{ $json.portfolioSummary.portfolioLoanToValue }}%</p>\n                <p><strong>Total Appreciation:</strong> ${{ $json.portfolioSummary.totalAppreciation.toLocaleString() }}</p>\n            </div>\n        </div>\n    </div>\n</body>\n</html>",
        "options": {}
      },
      "id": "b8c9d0e1-cdef-0123-4567-89abcdef0123",
      "name": "Send Portfolio Summary",
      "type": "n8n-nodes-base.gmail",
      "typeVersion": 2.1,
      "position": [
        1340,
        400
      ]
    },
    {
      "parameters": {
        "httpMethod": "POST",
        "path": "portfolio-analysis",
        "responseMode": "responseNode",
        "options": {}
      },
      "id": "c9d0e1f2-def0-1234-5678-9abcdef01234",
      "name": "Manual Analysis Trigger",
      "type": "n8n-nodes-base.webhook",
      "typeVersion": 1,
      "position": [
        240,
        500
      ],
      "webhookId": "portfolio-analysis-webhook"
    },
    {
      "parameters": {
        "respondWith": "json",
        "responseBody": "={{ JSON.stringify($('Generate Portfolio Summary').first().json) }}"
      },
      "id": "d0e1f2a3-ef01-2345-6789-abcdef012345",
      "name": "Return Analysis Results",
      "type": "n8n-nodes-base.respondToWebhook",
      "typeVersion": 1,
      "position": [
        1560,
        500
      ]
    }
  ],
  "connections": {
    "Daily Portfolio Check": {
      "main": [
        [
          {
            "node": "Get Portfolio Properties",
            "type": "main",
            "index": 0
          }
        ]
      ]
    },
    "Get Portfolio Properties": {
      "main": [
        [
          {
            "node": "Analyze Portfolio Performance",
            "type": "main",
            "index": 0
          }
        ]
      ]
    },
    "Analyze Portfolio Performance": {
      "main": [
        [
          {
            "node": "Check if Needs Attention",
            "type": "main",
            "index": 0
          },
          {
            "node": "Store Performance Analysis",
            "type": "main",
            "index": 0
          }
        ]
      ]
    },
    "Check if Needs Attention": {
      "main": [
        [
          {
            "node": "Send Alert Email",
            "type": "main",
            "index": 0
          }
        ]
      ]
    },
    "Store Performance Analysis": {
      "main": [
        [
          {
            "node": "Generate Portfolio Summary",
            "type": "main",
            "index": 0
          }
        ]
      ]
    },
    "Generate Portfolio Summary": {
      "main": [
        [
          {
            "node": "Send Portfolio Summary",
            "type": "main",
            "index": 0
          },
          {
            "node": "Return Analysis Results",
            "type": "main",
            "index": 0
          }
        ]
      ]
    },
    "Manual Analysis Trigger": {
      "main": [
        [
          {
            "node": "Get Portfolio Properties",
            "type": "main",
            "index": 0
          }
        ]
      ]
    }
  },
  "pinData": {},
  "settings": {
    "executionOrder": "v1"
  },
  "staticData": null,
  "tags": [],
  "triggerCount": 0,
  "updatedAt": "2024-01-01T00:00:00.000Z",
  "versionId": "1"
}
