{
  "name": "Smart Contract & Document Generator",
  "nodes": [
    {
      "parameters": {
        "httpMethod": "POST",
        "path": "generate-document",
        "responseMode": "responseNode",
        "options": {}
      },
      "id": "a1b2c3d4-5678-9abc-def0-123456789abc",
      "name": "Document Generation Trigger",
      "type": "n8n-nodes-base.webhook",
      "typeVersion": 1,
      "position": [
        240,
        300
      ],
      "webhookId": "document-generation-webhook"
    },
    {
      "parameters": {
        "jsCode": "// Smart Contract & Document Generator\nconst documentRequest = $input.first().json;\n\n// Generate unique document ID\nconst documentId = `doc_${Date.now()}_${Math.random().toString(36).substr(2, 9)}`;\n\n// Process document generation request\nconst documentResult = await generateDocument(documentRequest);\n\nasync function generateDocument(request) {\n  const {\n    document_type,\n    property_address,\n    property_type,\n    sale_price,\n    buyer_name,\n    buyer_email,\n    seller_name,\n    seller_email,\n    agent_name,\n    agent_license,\n    closing_date,\n    earnest_money,\n    financing_contingency,\n    inspection_contingency,\n    lease_term,\n    monthly_rent,\n    security_deposit,\n    tenant_name,\n    landlord_name,\n    lease_start_date,\n    contract_terms,\n    state_jurisdiction,\n    special_conditions,\n    attachments\n  } = request;\n  \n  let generatedDocument = {};\n  \n  switch (document_type) {\n    case 'purchase_agreement':\n      generatedDocument = await generatePurchaseAgreement(request);\n      break;\n    case 'lease_agreement':\n      generatedDocument = await generateLeaseAgreement(request);\n      break;\n    case 'listing_agreement':\n      generatedDocument = await generateListingAgreement(request);\n      break;\n    case 'disclosure_form':\n      generatedDocument = await generateDisclosureForm(request);\n      break;\n    case 'amendment':\n      generatedDocument = await generateAmendment(request);\n      break;\n    case 'offer_letter':\n      generatedDocument = await generateOfferLetter(request);\n      break;\n    case 'counter_offer':\n      generatedDocument = await generateCounterOffer(request);\n      break;\n    default:\n      generatedDocument = await generateGenericContract(request);\n  }\n  \n  return {\n    documentId,\n    documentType: document_type,\n    propertyAddress: property_address,\n    generatedDate: new Date().toISOString(),\n    status: 'generated',\n    document: generatedDocument,\n    legalCompliance: await checkLegalCompliance(document_type, state_jurisdiction),\n    nextSteps: getDocumentNextSteps(document_type),\n    signatures: await setupDigitalSignatures(generatedDocument.parties),\n    storage: await setupDocumentStorage(documentId, document_type)\n  };\n}\n\nasync function generatePurchaseAgreement(request) {\n  const {\n    property_address,\n    property_type,\n    sale_price,\n    buyer_name,\n    buyer_email,\n    seller_name,\n    seller_email,\n    agent_name,\n    closing_date,\n    earnest_money,\n    financing_contingency,\n    inspection_contingency,\n    state_jurisdiction,\n    special_conditions\n  } = request;\n  \n  const salePrice = parseFloat(sale_price) || 0;\n  const earnestAmount = parseFloat(earnest_money) || salePrice * 0.01;\n  const closingDate = new Date(closing_date || new Date(Date.now() + 45 * 24 * 60 * 60 * 1000));\n  \n  const contractTerms = {\n    purchasePrice: salePrice,\n    earnestMoney: earnestAmount,\n    closingDate: closingDate.toISOString().split('T')[0],\n    financingContingency: financing_contingency !== false,\n    inspectionContingency: inspection_contingency !== false,\n    financingDays: 21,\n    inspectionDays: 10,\n    titleCommitmentDays: 20,\n    walkThroughDays: 5\n  };\n  \n  const documentContent = generatePurchaseAgreementHTML({\n    propertyAddress: property_address,\n    propertyType: property_type,\n    buyerName: buyer_name,\n    sellerName: seller_name,\n    agentName: agent_name,\n    contractTerms,\n    specialConditions: special_conditions || [],\n    jurisdiction: state_jurisdiction || 'State'\n  });\n  \n  return {\n    title: 'Real Estate Purchase Agreement',\n    parties: [\n      { role: 'Buyer', name: buyer_name, email: buyer_email, signatureRequired: true },\n      { role: 'Seller', name: seller_name, email: seller_email, signatureRequired: true },\n      { role: 'Agent', name: agent_name, email: '', signatureRequired: true }\n    ],\n    terms: contractTerms,\n    content: documentContent,\n    contingencies: [\n      {\n        type: 'Financing',\n        enabled: contractTerms.financingContingency,\n        deadline: addDays(new Date(), contractTerms.financingDays),\n        description: 'Buyer must secure financing approval'\n      },\n      {\n        type: 'Inspection',\n        enabled: contractTerms.inspectionContingency,\n        deadline: addDays(new Date(), contractTerms.inspectionDays),\n        description: 'Buyer has right to inspect property'\n      },\n      {\n        type: 'Title',\n        enabled: true,\n        deadline: addDays(new Date(), contractTerms.titleCommitmentDays),\n        description: 'Clear title must be provided'\n      }\n    ],\n    keyDates: [\n      { event: 'Contract Executed', date: new Date().toISOString().split('T')[0] },\n      { event: 'Financing Deadline', date: addDays(new Date(), contractTerms.financingDays) },\n      { event: 'Inspection Deadline', date: addDays(new Date(), contractTerms.inspectionDays) },\n      { event: 'Title Commitment Due', date: addDays(new Date(), contractTerms.titleCommitmentDays) },\n      { event: 'Final Walk-Through', date: addDays(closingDate, -contractTerms.walkThroughDays) },\n      { event: 'Closing Date', date: contractTerms.closingDate }\n    ],\n    disclosures: getRequiredDisclosures(state_jurisdiction, property_type),\n    estimatedClosingCosts: calculateClosingCosts(salePrice, state_jurisdiction)\n  };\n}\n\nfunction generatePurchaseAgreementHTML(data) {\n  return `\n<!DOCTYPE html>\n<html>\n<head>\n    <title>Real Estate Purchase Agreement</title>\n    <style>\n        body { font-family: 'Times New Roman', serif; line-height: 1.6; margin: 40px; color: #333; }\n        .header { text-align: center; margin-bottom: 30px; border-bottom: 2px solid #333; padding-bottom: 20px; }\n        .section { margin: 25px 0; }\n        .terms-table { width: 100%; border-collapse: collapse; margin: 20px 0; }\n        .terms-table th, .terms-table td { border: 1px solid #333; padding: 10px; text-align: left; }\n        .terms-table th { background: #f5f5f5; font-weight: bold; }\n        .signature-block { margin-top: 50px; border-top: 1px solid #333; padding-top: 30px; }\n        .signature-line { border-bottom: 1px solid #333; width: 300px; margin: 20px 0; height: 50px; }\n        .party-section { margin: 30px 0; page-break-inside: avoid; }\n        .contingency { background: #f9f9f9; border-left: 4px solid #007bff; padding: 15px; margin: 15px 0; }\n        .important { background: #fff3cd; border: 1px solid #ffc107; padding: 15px; margin: 15px 0; }\n    </style>\n</head>\n<body>\n    <div class=\"header\">\n        <h1>REAL ESTATE PURCHASE AGREEMENT</h1>\n        <h2>Property: ${data.propertyAddress}</h2>\n        <p>State: ${data.jurisdiction}</p>\n    </div>\n    \n    <div class=\"section\">\n        <h3>1. PARTIES TO THE AGREEMENT</h3>\n        <p><strong>BUYER:</strong> ${data.buyerName}</p>\n        <p><strong>SELLER:</strong> ${data.sellerName}</p>\n        <p><strong>LISTING AGENT:</strong> ${data.agentName}</p>\n    </div>\n    \n    <div class=\"section\">\n        <h3>2. PROPERTY DESCRIPTION</h3>\n        <p><strong>Property Address:</strong> ${data.propertyAddress}</p>\n        <p><strong>Property Type:</strong> ${data.propertyType}</p>\n        <p><strong>Legal Description:</strong> [To be inserted from title commitment]</p>\n    </div>\n    \n    <div class=\"section\">\n        <h3>3. PURCHASE TERMS</h3>\n        <table class=\"terms-table\">\n            <tr>\n                <th>Purchase Price</th>\n                <td>$${data.contractTerms.purchasePrice.toLocaleString()}</td>\n            </tr>\n            <tr>\n                <th>Earnest Money</th>\n                <td>$${data.contractTerms.earnestMoney.toLocaleString()}</td>\n            </tr>\n            <tr>\n                <th>Closing Date</th>\n                <td>${data.contractTerms.closingDate}</td>\n            </tr>\n            <tr>\n                <th>Financing Contingency</th>\n                <td>${data.contractTerms.financingContingency ? 'Yes - ' + data.contractTerms.financingDays + ' days' : 'No'}</td>\n            </tr>\n            <tr>\n                <th>Inspection Contingency</th>\n                <td>${data.contractTerms.inspectionContingency ? 'Yes - ' + data.contractTerms.inspectionDays + ' days' : 'No'}</td>\n            </tr>\n        </table>\n    </div>\n    \n    <div class=\"section\">\n        <h3>4. CONTINGENCIES</h3>\n        \n        ${data.contractTerms.financingContingency ? `\n        <div class=\"contingency\">\n            <h4>FINANCING CONTINGENCY</h4>\n            <p>This agreement is contingent upon Buyer obtaining financing approval within ${data.contractTerms.financingDays} days from the date of acceptance. Buyer agrees to make diligent efforts to secure financing and provide evidence of same to Seller.</p>\n        </div>\n        ` : ''}\n        \n        ${data.contractTerms.inspectionContingency ? `\n        <div class=\"contingency\">\n            <h4>INSPECTION CONTINGENCY</h4>\n            <p>Buyer has ${data.contractTerms.inspectionDays} days from acceptance to conduct inspections of the property. Buyer may request repairs or cancel this agreement based on inspection results.</p>\n        </div>\n        ` : ''}\n        \n        <div class=\"contingency\">\n            <h4>TITLE CONTINGENCY</h4>\n            <p>This sale is contingent upon Seller providing clear and marketable title. Title commitment must be provided within ${data.contractTerms.titleCommitmentDays} days of acceptance.</p>\n        </div>\n    </div>\n    \n    <div class=\"section\">\n        <h3>5. SPECIAL CONDITIONS</h3>\n        ${data.specialConditions.length > 0 ? \n            data.specialConditions.map(condition => `<p>• ${condition}</p>`).join('') : \n            '<p>None specified.</p>'\n        }\n    </div>\n    \n    <div class=\"important\">\n        <h3>6. IMPORTANT NOTICES</h3>\n        <p>• This is a legally binding contract. Consult with an attorney if you have questions.</p>\n        <p>• All parties should retain copies of this agreement.</p>\n        <p>• Time is of the essence in this agreement.</p>\n        <p>• This agreement is governed by the laws of ${data.jurisdiction}.</p>\n    </div>\n    \n    <div class=\"signature-block\">\n        <h3>7. SIGNATURES</h3>\n        \n        <div class=\"party-section\">\n            <p><strong>BUYER ACCEPTANCE:</strong></p>\n            <p>By signing below, Buyer accepts the terms of this agreement.</p>\n            <div class=\"signature-line\"></div>\n            <p>${data.buyerName} - Buyer &nbsp;&nbsp;&nbsp;&nbsp;&nbsp;&nbsp;&nbsp;&nbsp;&nbsp;&nbsp; Date: ___________</p>\n        </div>\n        \n        <div class=\"party-section\">\n            <p><strong>SELLER ACCEPTANCE:</strong></p>\n            <p>By signing below, Seller accepts the terms of this agreement.</p>\n            <div class=\"signature-line\"></div>\n            <p>${data.sellerName} - Seller &nbsp;&nbsp;&nbsp;&nbsp;&nbsp;&nbsp;&nbsp;&nbsp;&nbsp;&nbsp; Date: ___________</p>\n        </div>\n        \n        <div class=\"party-section\">\n            <p><strong>AGENT ACKNOWLEDGMENT:</strong></p>\n            <div class=\"signature-line\"></div>\n            <p>${data.agentName} - Licensed Real Estate Agent &nbsp;&nbsp;&nbsp;&nbsp;&nbsp;&nbsp;&nbsp;&nbsp;&nbsp;&nbsp; Date: ___________</p>\n        </div>\n    </div>\n    \n    <div class=\"section\" style=\"margin-top: 50px; font-size: 12px; color: #666;\">\n        <p><em>This document was generated automatically. All parties should review carefully and consult with legal counsel as needed. This form complies with ${data.jurisdiction} real estate law requirements.</em></p>\n    </div>\n</body>\n</html>\n  `;\n}\n\nasync function generateLeaseAgreement(request) {\n  const {\n    property_address,\n    tenant_name,\n    landlord_name,\n    monthly_rent,\n    security_deposit,\n    lease_start_date,\n    lease_term,\n    state_jurisdiction,\n    pet_policy,\n    utilities_included,\n    special_conditions\n  } = request;\n  \n  const monthlyRent = parseFloat(monthly_rent) || 0;\n  const securityDeposit = parseFloat(security_deposit) || monthlyRent;\n  const leaseTerm = parseInt(lease_term) || 12;\n  const startDate = new Date(lease_start_date || new Date());\n  const endDate = new Date(startDate);\n  endDate.setMonth(startDate.getMonth() + leaseTerm);\n  \n  const leaseTerms = {\n    monthlyRent,\n    securityDeposit,\n    leaseTerm,\n    startDate: startDate.toISOString().split('T')[0],\n    endDate: endDate.toISOString().split('T')[0],\n    lateFeeAmount: Math.max(25, monthlyRent * 0.05),\n    lateFeeGracePeriod: 5,\n    petPolicy: pet_policy || 'No pets allowed',\n    utilitiesIncluded: utilities_included || [],\n    renewalOption: true\n  };\n  \n  const documentContent = generateLeaseAgreementHTML({\n    propertyAddress: property_address,\n    tenantName: tenant_name,\n    landlordName: landlord_name,\n    leaseTerms,\n    specialConditions: special_conditions || [],\n    jurisdiction: state_jurisdiction || 'State'\n  });\n  \n  return {\n    title: 'Residential Lease Agreement',\n    parties: [\n      { role: 'Tenant', name: tenant_name, email: request.tenant_email, signatureRequired: true },\n      { role: 'Landlord', name: landlord_name, email: request.landlord_email, signatureRequired: true }\n    ],\n    terms: leaseTerms,\n    content: documentContent,\n    paymentSchedule: generatePaymentSchedule(startDate, leaseTerm, monthlyRent),\n    tenantResponsibilities: getTenantResponsibilities(),\n    landlordResponsibilities: getLandlordResponsibilities(),\n    terminationClauses: getTerminationClauses(state_jurisdiction),\n    renewalTerms: {\n      automaticRenewal: false,\n      renewalNoticeRequired: 60, // days\n      rentIncreaseLimit: getMaxRentIncrease(state_jurisdiction)\n    }\n  };\n}\n\nfunction generateLeaseAgreementHTML(data) {\n  return `\n<!DOCTYPE html>\n<html>\n<head>\n    <title>Residential Lease Agreement</title>\n    <style>\n        body { font-family: 'Times New Roman', serif; line-height: 1.6; margin: 40px; color: #333; }\n        .header { text-align: center; margin-bottom: 30px; border-bottom: 2px solid #333; padding-bottom: 20px; }\n        .section { margin: 25px 0; }\n        .terms-grid { display: grid; grid-template-columns: 1fr 1fr; gap: 20px; margin: 20px 0; }\n        .term-box { border: 1px solid #ccc; padding: 15px; background: #f9f9f9; }\n        .signature-block { margin-top: 50px; border-top: 1px solid #333; padding-top: 30px; }\n        .signature-line { border-bottom: 1px solid #333; width: 300px; margin: 20px 0; height: 50px; }\n        .rules-list { background: #f5f5f5; border-left: 4px solid #007bff; padding: 20px; margin: 20px 0; }\n        .important { background: #fff3cd; border: 1px solid #ffc107; padding: 15px; margin: 15px 0; }\n    </style>\n</head>\n<body>\n    <div class=\"header\">\n        <h1>RESIDENTIAL LEASE AGREEMENT</h1>\n        <h2>Property: ${data.propertyAddress}</h2>\n        <p>Lease Term: ${data.leaseTerms.startDate} to ${data.leaseTerms.endDate}</p>\n    </div>\n    \n    <div class=\"section\">\n        <h3>1. PARTIES</h3>\n        <p><strong>LANDLORD:</strong> ${data.landlordName}</p>\n        <p><strong>TENANT:</strong> ${data.tenantName}</p>\n        <p><strong>PROPERTY:</strong> ${data.propertyAddress}</p>\n    </div>\n    \n    <div class=\"section\">\n        <h3>2. LEASE TERMS</h3>\n        <div class=\"terms-grid\">\n            <div class=\"term-box\">\n                <h4>Monthly Rent</h4>\n                <p>$${data.leaseTerms.monthlyRent.toLocaleString()}</p>\n                <small>Due on the 1st of each month</small>\n            </div>\n            <div class=\"term-box\">\n                <h4>Security Deposit</h4>\n                <p>$${data.leaseTerms.securityDeposit.toLocaleString()}</p>\n                <small>Refundable upon lease compliance</small>\n            </div>\n            <div class=\"term-box\">\n                <h4>Lease Duration</h4>\n                <p>${data.leaseTerms.leaseTerm} months</p>\n                <small>From ${data.leaseTerms.startDate} to ${data.leaseTerms.endDate}</small>\n            </div>\n            <div class=\"term-box\">\n                <h4>Late Fee</h4>\n                <p>$${data.leaseTerms.lateFeeAmount} after ${data.leaseTerms.lateFeeGracePeriod} days</p>\n                <small>Applied to payments received after grace period</small>\n            </div>\n        </div>\n    </div>\n    \n    <div class=\"section\">\n        <h3>3. PAYMENT TERMS</h3>\n        <p>Rent is due on the 1st day of each month. Payment must be received by the landlord no later than the ${data.leaseTerms.lateFeeGracePeriod}th day of the month to avoid late fees.</p>\n        <p><strong>Accepted Payment Methods:</strong> Check, Money Order, Bank Transfer, Online Payment Portal</p>\n        <p><strong>Late Fee:</strong> $${data.leaseTerms.lateFeeAmount} will be charged for payments received after the grace period.</p>\n    </div>\n    \n    <div class=\"section\">\n        <h3>4. PROPERTY RULES AND REGULATIONS</h3>\n        <div class=\"rules-list\">\n            <h4>Pet Policy</h4>\n            <p>${data.leaseTerms.petPolicy}</p>\n            \n            <h4>Utilities</h4>\n            <p><strong>Included:</strong> ${data.leaseTerms.utilitiesIncluded.length > 0 ? data.leaseTerms.utilitiesIncluded.join(', ') : 'None'}</p>\n            <p><strong>Tenant Responsible For:</strong> All utilities not listed as included</p>\n            \n            <h4>General Rules</h4>\n            <ul>\n                <li>No smoking inside the property</li>\n                <li>Noise levels must be reasonable, especially after 10 PM</li>\n                <li>No subletting without written landlord approval</li>\n                <li>Property must be kept clean and in good condition</li>\n                <li>No illegal activities on the premises</li>\n                <li>Landlord access with 24-hour notice (except emergencies)</li>\n            </ul>\n        </div>\n    </div>\n    \n    <div class=\"section\">\n        <h3>5. TENANT RESPONSIBILITIES</h3>\n        <ul>\n            <li>Pay rent on time each month</li>\n            <li>Maintain property in good condition</li>\n            <li>Report maintenance issues promptly</li>\n            <li>Follow all lease terms and property rules</li>\n            <li>Allow landlord access for inspections and repairs</li>\n            <li>Use property only for residential purposes</li>\n            <li>Keep property clean and sanitary</li>\n        </ul>\n    </div>\n    \n    <div class=\"section\">\n        <h3>6. LANDLORD RESPONSIBILITIES</h3>\n        <ul>\n            <li>Maintain property in habitable condition</li>\n            <li>Make necessary repairs in timely manner</li>\n            <li>Respect tenant's right to quiet enjoyment</li>\n            <li>Provide proper notice before entering property</li>\n            <li>Return security deposit per state law</li>\n            <li>Maintain common areas (if applicable)</li>\n            <li>Comply with all housing laws and regulations</li>\n        </ul>\n    </div>\n    \n    <div class=\"section\">\n        <h3>7. LEASE TERMINATION</h3>\n        <p>This lease will terminate on ${data.leaseTerms.endDate}. Either party may terminate early with proper notice as required by ${data.jurisdiction} law.</p>\n        <p><strong>Notice Required:</strong> 30 days written notice for month-to-month, full lease term for fixed-term leases unless otherwise specified.</p>\n    </div>\n    \n    <div class=\"section\">\n        <h3>8. SPECIAL CONDITIONS</h3>\n        ${data.specialConditions.length > 0 ? \n            data.specialConditions.map(condition => `<p>• ${condition}</p>`).join('') : \n            '<p>None specified.</p>'\n        }\n    </div>\n    \n    <div class=\"important\">\n        <h3>9. LEGAL NOTICES</h3>\n        <p>• This lease is governed by ${data.jurisdiction} landlord-tenant law</p>\n        <p>• Both parties should retain copies of this signed lease</p>\n        <p>• Any modifications must be in writing and signed by both parties</p>\n        <p>• If any provision is found invalid, the rest of the lease remains in effect</p>\n    </div>\n    \n    <div class=\"signature-block\">\n        <h3>10. SIGNATURES</h3>\n        \n        <div style=\"margin: 30px 0;\">\n            <p><strong>TENANT AGREEMENT:</strong></p>\n            <p>I agree to the terms and conditions of this lease.</p>\n            <div class=\"signature-line\"></div>\n            <p>${data.tenantName} - Tenant &nbsp;&nbsp;&nbsp;&nbsp;&nbsp;&nbsp;&nbsp;&nbsp;&nbsp;&nbsp; Date: ___________</p>\n        </div>\n        \n        <div style=\"margin: 30px 0;\">\n            <p><strong>LANDLORD AGREEMENT:</strong></p>\n            <p>I agree to the terms and conditions of this lease.</p>\n            <div class=\"signature-line\"></div>\n            <p>${data.landlordName} - Landlord &nbsp;&nbsp;&nbsp;&nbsp;&nbsp;&nbsp;&nbsp;&nbsp;&nbsp;&nbsp; Date: ___________</p>\n        </div>\n    </div>\n    \n    <div class=\"section\" style=\"margin-top: 50px; font-size: 12px; color: #666;\">\n        <p><em>This lease agreement was generated automatically and complies with ${data.jurisdiction} residential tenancy laws. Both parties should review all terms carefully before signing.</em></p>\n    </div>\n</body>\n</html>\n  `;\n}\n\nasync function generateListingAgreement(request) {\n  const {\n    property_address,\n    seller_name,\n    agent_name,\n    listing_price,\n    commission_rate,\n    listing_duration,\n    exclusive_listing,\n    marketing_plan\n  } = request;\n  \n  const listingPrice = parseFloat(listing_price) || 0;\n  const commissionRate = parseFloat(commission_rate) || 6;\n  const duration = parseInt(listing_duration) || 180;\n  const startDate = new Date();\n  const endDate = new Date(startDate);\n  endDate.setDate(startDate.getDate() + duration);\n  \n  return {\n    title: 'Exclusive Listing Agreement',\n    parties: [\n      { role: 'Seller', name: seller_name, email: request.seller_email, signatureRequired: true },\n      { role: 'Listing Agent', name: agent_name, email: request.agent_email, signatureRequired: true }\n    ],\n    terms: {\n      listingPrice,\n      commissionRate,\n      commissionAmount: Math.round(listingPrice * (commissionRate / 100)),\n      startDate: startDate.toISOString().split('T')[0],\n      endDate: endDate.toISOString().split('T')[0],\n      exclusiveRights: exclusive_listing !== false,\n      marketingPlan: marketing_plan || []\n    },\n    content: generateListingAgreementHTML({\n      propertyAddress: property_address,\n      sellerName: seller_name,\n      agentName: agent_name,\n      listingPrice,\n      commissionRate,\n      duration,\n      startDate: startDate.toISOString().split('T')[0],\n      endDate: endDate.toISOString().split('T')[0]\n    }),\n    marketingCommitments: getMarketingCommitments(),\n    agentDuties: getAgentDuties(),\n    sellerObligations: getSellerObligations()\n  };\n}\n\nfunction generateListingAgreementHTML(data) {\n  return `\n<!DOCTYPE html>\n<html>\n<head>\n    <title>Exclusive Listing Agreement</title>\n    <style>\n        body { font-family: 'Times New Roman', serif; line-height: 1.6; margin: 40px; color: #333; }\n        .header { text-align: center; margin-bottom: 30px; border-bottom: 2px solid #333; padding-bottom: 20px; }\n        .section { margin: 25px 0; }\n        .highlight-box { background: #e8f4fd; border: 1px solid #007bff; padding: 20px; margin: 20px 0; }\n        .signature-block { margin-top: 50px; border-top: 1px solid #333; padding-top: 30px; }\n        .signature-line { border-bottom: 1px solid #333; width: 300px; margin: 20px 0; height: 50px; }\n    </style>\n</head>\n<body>\n    <div class=\"header\">\n        <h1>EXCLUSIVE LISTING AGREEMENT</h1>\n        <h2>Property: ${data.propertyAddress}</h2>\n        <p>Listing Period: ${data.startDate} to ${data.endDate}</p>\n    </div>\n    \n    <div class=\"section\">\n        <h3>1. PARTIES AND PROPERTY</h3>\n        <p><strong>SELLER:</strong> ${data.sellerName}</p>\n        <p><strong>LISTING AGENT:</strong> ${data.agentName}</p>\n        <p><strong>PROPERTY:</strong> ${data.propertyAddress}</p>\n    </div>\n    \n    <div class=\"highlight-box\">\n        <h3>2. LISTING TERMS</h3>\n        <p><strong>List Price:</strong> $${data.listingPrice.toLocaleString()}</p>\n        <p><strong>Commission Rate:</strong> ${data.commissionRate}% of sale price</p>\n        <p><strong>Listing Period:</strong> ${data.duration} days (${data.startDate} to ${data.endDate})</p>\n        <p><strong>Exclusive Rights:</strong> Yes - Agent has exclusive right to market property</p>\n    </div>\n    \n    <div class=\"section\">\n        <h3>3. AGENT DUTIES AND SERVICES</h3>\n        <ul>\n            <li>Market the property through MLS and other appropriate channels</li>\n            <li>Provide professional photography and marketing materials</li>\n            <li>Host open houses and show property to qualified buyers</li>\n            <li>Negotiate offers and guide transaction to closing</li>\n            <li>Provide regular market updates and feedback</li>\n            <li>Coordinate with other professionals (inspectors, appraisers, etc.)</li>\n            <li>Maintain confidentiality of seller information</li>\n        </ul>\n    </div>\n    \n    <div class=\"section\">\n        <h3>4. SELLER OBLIGATIONS</h3>\n        <ul>\n            <li>Provide accurate property information and disclosures</li>\n            <li>Maintain property in showable condition</li>\n            <li>Allow reasonable access for showings</li>\n            <li>Consider all offers presented by agent</li>\n            <li>Pay agreed commission upon successful sale</li>\n            <li>Notify agent immediately of any other marketing efforts</li>\n            <li>Cooperate with agent's marketing efforts</li>\n        </ul>\n    </div>\n    \n    <div class=\"section\">\n        <h3>5. COMMISSION AND PAYMENT</h3>\n        <p>Seller agrees to pay a commission of ${data.commissionRate}% of the gross sale price upon closing. Commission is earned when agent produces a ready, willing, and able buyer at the listed price and terms, or any other price and terms acceptable to seller.</p>\n        <p><strong>Commission splits with cooperating agents will be handled according to MLS agreements.</strong></p>\n    </div>\n    \n    <div class=\"section\">\n        <h3>6. MARKETING PLAN</h3>\n        <ul>\n            <li>Professional photography within 48 hours of listing</li>\n            <li>MLS listing with complete property details</li>\n            <li>Online marketing on major real estate websites</li>\n            <li>Social media marketing campaign</li>\n            <li>Open houses as appropriate for market conditions</li>\n            <li>Direct marketing to agent network</li>\n            <li>Regular progress reports to seller</li>\n        </ul>\n    </div>\n    \n    <div class=\"section\">\n        <h3>7. TERMINATION</h3>\n        <p>This agreement may be terminated:</p>\n        <ul>\n            <li>By mutual consent of both parties</li>\n            <li>Upon expiration of the listing period</li>\n            <li>By either party with 30 days written notice</li>\n            <li>If property is sold by any party</li>\n        </ul>\n        <p><strong>Note:</strong> Commission may still be owed if buyer was introduced during listing period.</p>\n    </div>\n    \n    <div class=\"signature-block\">\n        <h3>8. SIGNATURES</h3>\n        \n        <div style=\"margin: 30px 0;\">\n            <p><strong>SELLER ACCEPTANCE:</strong></p>\n            <p>I agree to list my property exclusively with the above agent under these terms.</p>\n            <div class=\"signature-line\"></div>\n            <p>${data.sellerName} - Property Owner &nbsp;&nbsp;&nbsp;&nbsp;&nbsp;&nbsp;&nbsp;&nbsp;&nbsp;&nbsp; Date: ___________</p>\n        </div>\n        \n        <div style=\"margin: 30px 0;\">\n            <p><strong>AGENT ACCEPTANCE:</strong></p>\n            <p>I accept this exclusive listing and agree to market the property diligently.</p>\n            <div class=\"signature-line\"></div>\n            <p>${data.agentName} - Licensed Real Estate Agent &nbsp;&nbsp;&nbsp;&nbsp;&nbsp;&nbsp;&nbsp;&nbsp;&nbsp;&nbsp; Date: ___________</p>\n        </div>\n    </div>\n</body>\n</html>\n  `;\n}\n\nasync function generateOfferLetter(request) {\n  const {\n    property_address,\n    buyer_name,\n    offer_amount,\n    earnest_money,\n    closing_date,\n    financing_type,\n    contingencies,\n    expiration_date\n  } = request;\n  \n  return {\n    title: 'Purchase Offer Letter',\n    parties: [\n      { role: 'Buyer', name: buyer_name, email: request.buyer_email, signatureRequired: true }\n    ],\n    offerDetails: {\n      propertyAddress: property_address,\n      offerAmount: parseFloat(offer_amount) || 0,\n      earnestMoney: parseFloat(earnest_money) || 0,\n      closingDate: closing_date,\n      financingType: financing_type || 'Conventional',\n      contingencies: contingencies || [],\n      expirationDate: expiration_date || addDays(new Date(), 3)\n    },\n    content: generateOfferLetterHTML({\n      propertyAddress: property_address,\n      buyerName: buyer_name,\n      offerAmount: parseFloat(offer_amount) || 0,\n      earnestMoney: parseFloat(earnest_money) || 0,\n      closingDate: closing_date,\n      financingType: financing_type || 'Conventional',\n      contingencies: contingencies || [],\n      expirationDate: expiration_date || addDays(new Date(), 3)\n    })\n  };\n}\n\nfunction generateOfferLetterHTML(data) {\n  return `\n<!DOCTYPE html>\n<html>\n<head>\n    <title>Purchase Offer</title>\n    <style>\n        body { font-family: Arial, sans-serif; line-height: 1.6; margin: 40px; color: #333; }\n        .header { text-align: center; margin-bottom: 30px; background: #f8f9fa; padding: 20px; border-radius: 8px; }\n        .offer-details { background: #e8f5e8; border: 2px solid #28a745; padding: 20px; margin: 20px 0; border-radius: 8px; }\n        .section { margin: 20px 0; }\n        .signature-block { margin-top: 40px; border-top: 1px solid #333; padding-top: 20px; }\n    </style>\n</head>\n<body>\n    <div class=\"header\">\n        <h1>PURCHASE OFFER</h1>\n        <h2>${data.propertyAddress}</h2>\n        <p>Submitted by: ${data.buyerName}</p>\n    </div>\n    \n    <div class=\"offer-details\">\n        <h3>OFFER DETAILS</h3>\n        <p><strong>Purchase Price:</strong> $${data.offerAmount.toLocaleString()}</p>\n        <p><strong>Earnest Money:</strong> $${data.earnestMoney.toLocaleString()}</p>\n        <p><strong>Proposed Closing Date:</strong> ${data.closingDate}</p>\n        <p><strong>Financing:</strong> ${data.financingType}</p>\n        <p><strong>Offer Expires:</strong> ${data.expirationDate}</p>\n    </div>\n    \n    <div class=\"section\">\n        <h3>CONTINGENCIES</h3>\n        ${data.contingencies.length > 0 ? \n            data.contingencies.map(contingency => `<p>• ${contingency}</p>`).join('') : \n            '<p>• Financing contingency (21 days)<br>• Inspection contingency (10 days)<br>• Clear title contingency</p>'\n        }\n    </div>\n    \n    <div class=\"section\">\n        <p>This offer is submitted in good faith and represents our serious intent to purchase the above property. We look forward to your response.</p>\n    </div>\n    \n    <div class=\"signature-block\">\n        <p><strong>Submitted by:</strong></p>\n        <div style=\"border-bottom: 1px solid #333; width: 300px; margin: 20px 0; height: 50px;\"></div>\n        <p>${data.buyerName} - Buyer &nbsp;&nbsp;&nbsp;&nbsp;&nbsp;&nbsp;&nbsp;&nbsp;&nbsp;&nbsp; Date: ___________</p>\n    </div>\n</body>\n</html>\n  `;\n}\n\n// Helper functions\nfunction addDays(date, days) {\n  const result = new Date(date);\n  result.setDate(result.getDate() + days);\n  return result.toISOString().split('T')[0];\n}\n\nfunction getRequiredDisclosures(state, propertyType) {\n  const disclosures = [\n    'Lead-based paint disclosure (for properties built before 1978)',\n    'Property condition disclosure',\n    'Natural hazards disclosure'\n  ];\n  \n  if (state === 'California') {\n    disclosures.push('Earthquake safety disclosure', 'Megan\\'s Law disclosure');\n  }\n  \n  return disclosures;\n}\n\nfunction calculateClosingCosts(salePrice, state) {\n  const baseCosts = {\n    titleInsurance: Math.round(salePrice * 0.005),\n    recordingFees: 500,\n    transferTax: Math.round(salePrice * 0.001),\n    attorneyFees: 1000,\n    inspections: 600,\n    appraisal: 500\n  };\n  \n  const totalEstimated = Object.values(baseCosts).reduce((sum, cost) => sum + cost, 0);\n  \n  return {\n    breakdown: baseCosts,\n    estimatedTotal: totalEstimated,\n    buyerCosts: Math.round(totalEstimated * 0.7),\n    sellerCosts: Math.round(totalEstimated * 0.3)\n  };\n}\n\nfunction generatePaymentSchedule(startDate, termMonths, monthlyRent) {\n  const schedule = [];\n  const start = new Date(startDate);\n  \n  for (let i = 0; i < termMonths; i++) {\n    const paymentDate = new Date(start);\n    paymentDate.setMonth(start.getMonth() + i);\n    \n    schedule.push({\n      month: i + 1,\n      dueDate: paymentDate.toISOString().split('T')[0],\n      amount: monthlyRent,\n      description: `Month ${i + 1} rent payment`\n    });\n  }\n  \n  return schedule;\n}\n\nfunction getTenantResponsibilities() {\n  return [\n    'Pay rent on time',\n    'Maintain cleanliness',\n    'Report maintenance issues',\n    'Follow lease terms',\n    'Respect neighbors',\n    'Allow landlord access',\n    'No unauthorized modifications'\n  ];\n}\n\nfunction getLandlordResponsibilities() {\n  return [\n    'Maintain habitability',\n    'Make timely repairs',\n    'Respect tenant privacy',\n    'Provide required notices',\n    'Return deposits properly',\n    'Follow housing laws',\n    'Maintain common areas'\n  ];\n}\n\nfunction getTerminationClauses(state) {\n  return {\n    tenantNotice: '30 days written notice required',\n    landlordNotice: '30 days written notice required (varies by reason)',\n    earlyTermination: 'May require penalty or lease break fee',\n    evictionGrounds: 'Non-payment, lease violation, illegal activity'\n  };\n}\n\nfunction getMaxRentIncrease(state) {\n  const limits = {\n    'California': '5% plus inflation (max 10%)',\n    'New York': 'Varies by rent stabilization status',\n    'Default': 'Check local rent control ordinances'\n  };\n  \n  return limits[state] || limits['Default'];\n}\n\nfunction getMarketingCommitments() {\n  return [\n    'MLS listing within 48 hours',\n    'Professional photography',\n    'Online marketing on major portals',\n    'Social media promotion',\n    'Open houses as appropriate',\n    'Agent network promotion'\n  ];\n}\n\nfunction getAgentDuties() {\n  return [\n    'Market property effectively',\n    'Present all offers',\n    'Provide market feedback',\n    'Negotiate on behalf of seller',\n    'Guide transaction to closing',\n    'Maintain confidentiality'\n  ];\n}\n\nfunction getSellerObligations() {\n  return [\n    'Provide accurate information',\n    'Maintain property condition',\n    'Allow reasonable showings',\n    'Consider presented offers',\n    'Complete required disclosures',\n    'Cooperate with marketing'\n  ];\n}\n\nasync function checkLegalCompliance(documentType, state) {\n  // Simulated legal compliance check\n  const compliance = {\n    documentType,\n    jurisdiction: state || 'General',\n    compliantWithStateLaw: true,\n    requiredDisclosures: getRequiredDisclosures(state, 'residential'),\n    legalReview: 'Recommended before execution',\n    lastUpdated: new Date().toISOString().split('T')[0],\n    warnings: [\n      'This document is generated automatically',\n      'Legal review recommended for complex transactions',\n      'State and local laws may require additional terms'\n    ]\n  };\n  \n  return compliance;\n}\n\nfunction getDocumentNextSteps(documentType) {\n  const steps = {\n    'purchase_agreement': [\n      'Review all terms carefully',\n      'Add any special conditions',\n      'Obtain all required signatures',\n      'Submit with earnest money',\n      'Begin contingency periods'\n    ],\n    'lease_agreement': [\n      'Review lease terms with tenant',\n      'Collect security deposit',\n      'Obtain signed lease',\n      'Schedule move-in inspection',\n      'Provide tenant with keys'\n    ],\n    'listing_agreement': [\n      'Sign listing agreement',\n      'Schedule professional photography',\n      'Prepare marketing materials',\n      'Submit to MLS',\n      'Begin marketing campaign'\n    ]\n  };\n  \n  return steps[documentType] || [\n    'Review document thoroughly',\n    'Obtain all required signatures',\n    'Keep copies for records',\n    'Follow up on next actions'\n  ];\n}\n\nasync function setupDigitalSignatures(parties) {\n  const signatures = {\n    provider: 'DocuSign Integration',\n    signingOrder: parties.map((party, index) => ({\n      order: index + 1,\n      role: party.role,\n      name: party.name,\n      email: party.email,\n      required: party.signatureRequired\n    })),\n    notifications: {\n      signatureRequest: true,\n      reminderEmails: true,\n      completionNotification: true\n    },\n    security: {\n      authenticationRequired: true,\n      ipAddressLogging: true,\n      certificateOfCompletion: true\n    }\n  };\n  \n  return signatures;\n}\n\nasync function setupDocumentStorage(documentId, documentType) {\n  return {\n    documentId,\n    storageLocation: `documents/${documentType}/${documentId}`,\n    backupLocation: `backup/documents/${documentId}`,\n    retentionPeriod: '7 years',\n    accessControl: {\n      owner: 'full_access',\n      parties: 'read_access',\n      agents: 'read_access',\n      admin: 'full_access'\n    },\n    encryption: 'AES-256',\n    auditTrail: true\n  };\n}\n\nreturn [{ json: documentResult }];"
      },
      "id": "e5f6a7b8-9abc-def0-1234-56789abcdef0",
      "name": "Generate Smart Document",
      "type": "n8n-nodes-base.code",
      "typeVersion": 2,
      "position": [
        460,
        300
      ]
    },
    {
      "parameters": {
        "resource": "email",
        "operation": "send",
        "toEmail": "={{ $json.document.parties.map(p => p.email).filter(email => email).join(',') }}",
        "subject": "Document Ready for Signature: {{ $json.document.title }}",
        "emailType": "html",
        "message": "<!DOCTYPE html>\n<html>\n<head>\n    <style>\n        body { font-family: Arial, sans-serif; margin: 0; padding: 20px; background: #f4f4f4; }\n        .container { background: white; padding: 30px; border-radius: 10px; box-shadow: 0 4px 10px rgba(0,0,0,0.1); }\n        .header { background: #007bff; color: white; padding: 20px; text-align: center; border-radius: 8px; margin-bottom: 20px; }\n        .document-info { background: #f8f9fa; padding: 20px; border-radius: 8px; margin: 15px 0; }\n        .next-steps { background: #e8f5e8; border-left: 4px solid #28a745; padding: 20px; margin: 20px 0; }\n        .signature-block { background: #fff3cd; border: 1px solid #ffc107; padding: 15px; margin: 15px 0; }\n    </style>\n</head>\n<body>\n    <div class=\"container\">\n        <div class=\"header\">\n            <h1>📄 Document Ready for Signature</h1>\n            <h2>{{ $json.document.title }}</h2>\n        </div>\n        \n        <div class=\"document-info\">\n            <h3>Document Details</h3>\n            <p><strong>Document Type:</strong> {{ $json.documentType.replace('_', ' ').toUpperCase() }}</p>\n            <p><strong>Property:</strong> {{ $json.propertyAddress }}</p>\n            <p><strong>Document ID:</strong> {{ $json.documentId }}</p>\n            <p><strong>Generated:</strong> {{ new Date($json.generatedDate).toLocaleString() }}</p>\n        </div>\n        \n        <div class=\"signature-block\">\n            <h3>Signature Required</h3>\n            <p>This document requires your electronic signature. Please review all terms carefully before signing.</p>\n            \n            <h4>Signing Parties:</h4>\n            <ul>\n                {{ $json.signatures.signingOrder.map(signer => `\n                    <li><strong>${signer.role}:</strong> ${signer.name} ${signer.required ? '(Required)' : '(Optional)'}</li>\n                `).join('') }}\n            </ul>\n        </div>\n        \n        {{ if $json.document.terms }}\n        <div class=\"document-info\">\n            <h3>Key Terms Summary</h3>\n            {{ if $json.document.terms.purchasePrice }}\n                <p><strong>Purchase Price:</strong> ${{ $json.document.terms.purchasePrice.toLocaleString() }}</p>\n            {{ /if }}\n            {{ if $json.document.terms.monthlyRent }}\n                <p><strong>Monthly Rent:</strong> ${{ $json.document.terms.monthlyRent.toLocaleString() }}</p>\n            {{ /if }}\n            {{ if $json.document.terms.closingDate }}\n                <p><strong>Closing Date:</strong> {{ $json.document.terms.closingDate }}</p>\n            {{ /if }}\n            {{ if $json.document.terms.startDate }}\n                <p><strong>Lease Start:</strong> {{ $json.document.terms.startDate }}</p>\n            {{ /if }}\n        </div>\n        {{ /if }}\n        \n        <div class=\"next-steps\">\n            <h3>Next Steps</h3>\n            <ol>\n                {{ $json.nextSteps.map(step => `<li>${step}</li>`).join('') }}\n            </ol>\n        </div>\n        \n        <div style=\"text-align: center; margin: 30px 0;\">\n            <a href=\"#\" style=\"display: inline-block; background: #007bff; color: white; padding: 15px 30px; text-decoration: none; border-radius: 8px; font-weight: bold;\">Review & Sign Document</a>\n        </div>\n        \n        <div style=\"font-size: 12px; color: #666; margin-top: 30px;\">\n            <p><strong>Legal Notice:</strong> {{ $json.legalCompliance.warnings.join(' ') }}</p>\n            <p><strong>Security:</strong> This document is encrypted and includes an audit trail for all signature activities.</p>\n        </div>\n    </div>\n</body>\n</html>",
        "options": {}
      },
      "id": "f6a7b8c9-abcd-ef01-2345-6789abcdef01",
      "name": "Send Document for Signature",
      "type": "n8n-nodes-base.gmail",
      "typeVersion": 2.1,
      "position": [
        680,
        300
      ]
    },
    {
      "parameters": {
        "authentication": "oAuth2",
        "resource": "sheet",
        "operation": "appendOrUpdate",
        "documentId": {
          "__rl": true,
          "value": "YOUR_GOOGLE_SHEET_ID",
          "mode": "id"
        },
        "sheetName": {
          "__rl": true,
          "value": "gid=16",
          "mode": "id"
        },
        "columns": {
          "mappingMode": "defineBelow",
          "value": {
            "document_id": "={{ $json.documentId }}",
            "document_type": "={{ $json.documentType }}",
            "document_title": "={{ $json.document.title }}",
            "property_address": "={{ $json.propertyAddress }}",
            "generated_date": "={{ $json.generatedDate }}",
            "status": "={{ $json.status }}",
            "parties_count": "={{ $json.document.parties.length }}",
            "signatures_required": "={{ $json.signatures.signingOrder.filter(s => s.required).length }}",
            "legal_compliance": "={{ $json.legalCompliance.compliantWithStateLaw }}",
            "jurisdiction": "={{ $json.legalCompliance.jurisdiction }}",
            "storage_location": "={{ $json.storage.storageLocation }}",
            "retention_period": "={{ $json.storage.retentionPeriod }}",
            "created_at": "={{ $json.generatedDate }}",
            "last_updated": "={{ $json.generatedDate }}"
          },
          "matchingColumns": [
            "document_id"
          ]
        },
        "options": {}
      },
      "id": "a7b8c9d0-bcde-f012-3456-789abcdef012",
      "name": "Log Document Generation",
      "type": "n8n-nodes-base.googleSheets",
      "typeVersion": 4.2,
      "position": [
        680,
        500
      ]
    },
    {
      "parameters": {
        "conditions": {
          "options": {
            "caseSensitive": true,
            "leftValue": "",
            "typeValidation": "strict"
          },
          "conditions": [
            {
              "id": "c1d2e3f4-1234-5678-9abc-123456789abc",
              "leftValue": "={{ $json.documentType }}",
              "rightValue": "purchase_agreement",
              "operator": {
                "type": "string",
                "operation": "equals"
              }
            }
          ],
          "combinator": "or"
        },
        "options": {}
      },
      "id": "b8c9d0e1-cdef-0123-4567-89abcdef0123",
      "name": "Check if Purchase Agreement",
      "type": "n8n-nodes-base.if",
      "typeVersion": 2,
      "position": [
        680,
        400
      ]
    },
    {
      "parameters": {
        "resource": "email",
        "operation": "send",
        "toEmail": "transactions@yourcompany.com",
        "subject": "New Purchase Agreement Generated - {{ $json.propertyAddress }}",
        "emailType": "html",
        "message": "<!DOCTYPE html>\n<html>\n<head>\n    <style>\n        body { font-family: Arial, sans-serif; margin: 0; padding: 20px; background: #f4f4f4; }\n        .container { background: white; padding: 30px; border-radius: 10px; box-shadow: 0 4px 10px rgba(0,0,0,0.1); }\n        .header { background: #28a745; color: white; padding: 20px; text-align: center; border-radius: 8px; margin-bottom: 20px; }\n        .transaction-details { display: grid; grid-template-columns: 1fr 1fr; gap: 20px; margin: 20px 0; }\n        .detail-box { background: #f8f9fa; padding: 15px; border-radius: 8px; border-left: 4px solid #28a745; }\n    </style>\n</head>\n<body>\n    <div class=\"container\">\n        <div class=\"header\">\n            <h1>🏠 New Purchase Agreement</h1>\n            <h2>{{ $json.propertyAddress }}</h2>\n        </div>\n        \n        <div class=\"transaction-details\">\n            <div class=\"detail-box\">\n                <h4>Purchase Price</h4>\n                <p style=\"font-size: 1.5em; font-weight: bold; color: #28a745;\">\n                    ${{ $json.document.terms.purchasePrice.toLocaleString() }}\n                </p>\n            </div>\n            <div class=\"detail-box\">\n                <h4>Closing Date</h4>\n                <p style=\"font-size: 1.2em; font-weight: bold;\">\n                    {{ $json.document.terms.closingDate }}\n                </p>\n            </div>\n            <div class=\"detail-box\">\n                <h4>Buyer</h4>\n                <p>{{ $json.document.parties.find(p => p.role === 'Buyer')?.name || 'Not specified' }}</p>\n            </div>\n            <div class=\"detail-box\">\n                <h4>Seller</h4>\n                <p>{{ $json.document.parties.find(p => p.role === 'Seller')?.name || 'Not specified' }}</p>\n            </div>\n        </div>\n        \n        <div style=\"background: #e8f5e8; border: 1px solid #28a745; padding: 20px; border-radius: 8px; margin: 20px 0;\">\n            <h3>Transaction Timeline</h3>\n            {{ $json.document.keyDates ? $json.document.keyDates.map(date => `\n                <p><strong>${date.event}:</strong> ${date.date}</p>\n            `).join('') : '' }}\n        </div>\n        \n        <div style=\"background: #fff3cd; border: 1px solid #ffc107; padding: 15px; border-radius: 8px;\">\n            <h3>Action Required</h3>\n            <ul>\n                <li>Set up transaction file</li>\n                <li>Schedule contingency deadlines</li>\n                <li>Coordinate with all parties</li>\n                <li>Monitor signature completion</li>\n            </ul>\n        </div>\n        \n        <p><strong>Document ID:</strong> {{ $json.documentId }}</p>\n    </div>\n</body>\n</html>",
        "options": {
          "priority": "high"
        }
      },
      "id": "c9d0e1f2-def0-1234-5678-9abcdef01234",
      "name": "Notify Transaction Team",
      "type": "n8n-nodes-base.gmail",
      "typeVersion": 2.1,
      "position": [
        900,
        400
      ]
    }
  ]
}
