{
  "name": "Property Marketing Automation System",
  "nodes": [
    {
      "parameters": {
        "httpMethod": "POST",
        "path": "property-marketing",
        "responseMode": "responseNode",
        "options": {}
      },
      "id": "a1b2c3d4-5678-9abc-def0-123456789abc",
      "name": "Marketing Campaign Trigger",
      "type": "n8n-nodes-base.webhook",
      "typeVersion": 1,
      "position": [
        240,
        300
      ],
      "webhookId": "property-marketing-webhook"
    },
    {
      "parameters": {
        "rule": {
          "interval": [
            {
              "field": "cronExpression",
              "expression": "0 9 * * *"
            }
          ]
        }
      },
      "id": "b2c3d4e5-6789-abcd-ef01-23456789abcd",
      "name": "Daily Marketing Automation",
      "type": "n8n-nodes-base.cron",
      "typeVersion": 1,
      "position": [
        240,
        500
      ]
    },
    {
      "parameters": {
        "rule": {
          "interval": [
            {
              "field": "cronExpression",
              "expression": "0 10 * * 1,3,5"
            }
          ]
        }
      },
      "id": "c3d4e5f6-789a-bcde-f012-3456789abcde",
      "name": "Social Media Posting Schedule",
      "type": "n8n-nodes-base.cron",
      "typeVersion": 1,
      "position": [
        240,
        700
      ]
    },
    {
      "parameters": {
        "jsCode": "// Property Marketing Automation System\nconst marketingRequest = $input.first().json;\n\n// Generate unique campaign ID\nconst campaignId = `camp_${Date.now()}_${Math.random().toString(36).substr(2, 9)}`;\n\n// Process marketing automation request\nconst marketingResult = await processMarketingAutomation(marketingRequest);\n\nasync function processMarketingAutomation(request) {\n  const {\n    campaign_type,\n    property_id,\n    property_address,\n    property_type,\n    listing_price,\n    bedrooms,\n    bathrooms,\n    square_footage,\n    listing_agent,\n    listing_photos,\n    property_features,\n    target_audience,\n    marketing_budget,\n    campaign_duration,\n    marketing_channels,\n    lead_capture_form,\n    virtual_tour_url,\n    open_house_date,\n    marketing_message,\n    social_media_accounts,\n    email_list_segments,\n    ad_copy_style,\n    call_to_action\n  } = request;\n  \n  let result = {};\n  \n  switch (campaign_type) {\n    case 'new_listing_launch':\n      result = await createNewListingCampaign(request);\n      break;\n    case 'open_house_promotion':\n      result = await createOpenHousePromotion(request);\n      break;\n    case 'price_reduction_alert':\n      result = await createPriceReductionCampaign(request);\n      break;\n    case 'virtual_tour_promotion':\n      result = await createVirtualTourCampaign(request);\n      break;\n    case 'social_media_campaign':\n      result = await createSocialMediaCampaign(request);\n      break;\n    case 'email_marketing':\n      result = await createEmailMarketingCampaign(request);\n      break;\n    case 'retargeting_campaign':\n      result = await createRetargetingCampaign(request);\n      break;\n    case 'lead_nurturing':\n      result = await createLeadNurturingCampaign(request);\n      break;\n    default:\n      result = await createGeneralMarketingCampaign(request);\n  }\n  \n  return {\n    campaignId,\n    campaignType: campaign_type,\n    propertyId: property_id,\n    propertyAddress: property_address,\n    createdDate: new Date().toISOString(),\n    status: 'active',\n    result\n  };\n}\n\nasync function createNewListingCampaign(request) {\n  const {\n    property_address,\n    property_type,\n    listing_price,\n    bedrooms,\n    bathrooms,\n    square_footage,\n    listing_agent,\n    property_features,\n    listing_photos,\n    marketing_budget,\n    target_audience\n  } = request;\n  \n  const price = parseFloat(listing_price) || 0;\n  const beds = parseInt(bedrooms) || 0;\n  const baths = parseFloat(bathrooms) || 0;\n  const sqft = parseInt(square_footage) || 0;\n  const budget = parseFloat(marketing_budget) || 1000;\n  \n  // Generate marketing materials\n  const marketingMaterials = await generateMarketingMaterials({\n    propertyAddress: property_address,\n    propertyType: property_type,\n    price,\n    beds,\n    baths,\n    sqft,\n    features: property_features || [],\n    photos: listing_photos || [],\n    agent: listing_agent\n  });\n  \n  // Create multi-channel campaign\n  const campaignChannels = {\n    socialMedia: await createSocialMediaPosts(marketingMaterials),\n    emailMarketing: await createEmailCampaign(marketingMaterials),\n    onlineAds: await createOnlineAdvertising(marketingMaterials, budget),\n    printMaterials: await createPrintMaterials(marketingMaterials),\n    websiteListing: await createWebsiteListing(marketingMaterials)\n  };\n  \n  // Set up tracking and analytics\n  const trackingSetup = {\n    googleAnalytics: 'Property listing page tracking enabled',\n    facebookPixel: 'Conversion tracking configured',\n    leadTracking: 'Lead source attribution setup',\n    callTracking: 'Dynamic phone number assigned',\n    emailTracking: 'Open and click tracking enabled'\n  };\n  \n  // Define campaign timeline\n  const campaignTimeline = {\n    day1: 'Launch social media posts and email announcement',\n    day2: 'Begin online advertising campaigns',\n    week1: 'Monitor performance and optimize ad spend',\n    week2: 'Expand successful channels, pause underperforming',\n    week3: 'Retargeting campaign for website visitors',\n    week4: 'Price analysis and strategy adjustment if needed'\n  };\n  \n  return {\n    campaignOverview: {\n      propertyAddress: property_address,\n      listingPrice: price,\n      propertyDetails: `${beds} bed, ${baths} bath, ${sqft.toLocaleString()} sqft ${property_type}`,\n      marketingBudget: budget,\n      targetAudience: target_audience || 'First-time homebuyers and families',\n      estimatedReach: Math.round(budget * 50), // Estimated impressions\n      campaignDuration: '30 days (adjustable)'\n    },\n    \n    marketingMaterials,\n    campaignChannels,\n    trackingSetup,\n    campaignTimeline,\n    \n    performanceTargets: {\n      websiteVisits: Math.round(budget * 5),\n      leadGeneration: Math.round(budget * 0.1),\n      showingRequests: Math.round(budget * 0.05),\n      socialEngagement: Math.round(budget * 2),\n      emailOpenRate: '25%+',\n      clickThroughRate: '3%+'\n    },\n    \n    automatedActions: [\n      {\n        action: 'Post to social media accounts',\n        timing: 'Immediate',\n        platforms: ['Facebook', 'Instagram', 'Twitter', 'LinkedIn'],\n        content: 'New listing announcement'\n      },\n      {\n        action: 'Send email to subscriber list',\n        timing: 'Within 2 hours',\n        segments: ['Active buyers', 'Local area interests', 'Price range matches'],\n        template: 'new_listing_announcement'\n      },\n      {\n        action: 'Launch Google Ads campaign',\n        timing: 'Within 4 hours',\n        budget: budget * 0.4,\n        targeting: 'Local homebuyers in price range'\n      },\n      {\n        action: 'Create Facebook/Instagram ads',\n        timing: 'Within 6 hours',\n        budget: budget * 0.3,\n        targeting: 'Demographics and interests based'\n      },\n      {\n        action: 'Update MLS and real estate websites',\n        timing: 'Immediate',\n        platforms: ['MLS', 'Zillow', 'Realtor.com', 'Trulia'],\n        details: 'Complete listing information and photos'\n      }\n    ],\n    \n    leadCaptureSetup: {\n      landingPage: await createPropertyLandingPage(marketingMaterials),\n      leadMagnets: ['Property details PDF', 'Neighborhood guide', 'Market report'],\n      contactForms: ['Schedule showing', 'Request info', 'Get pre-qualified'],\n      chatBot: 'AI assistant for instant responses',\n      callToAction: 'Schedule Your Private Showing Today!'\n    }\n  };\n}\n\nasync function generateMarketingMaterials(propertyData) {\n  const {\n    propertyAddress,\n    propertyType,\n    price,\n    beds,\n    baths,\n    sqft,\n    features,\n    photos,\n    agent\n  } = propertyData;\n  \n  // Generate compelling headlines\n  const headlines = [\n    `Stunning ${beds}-Bedroom ${propertyType} in Prime Location!`,\n    `Your Dream Home Awaits - ${sqft.toLocaleString()} Sq Ft of Pure Luxury`,\n    `New Listing Alert: ${propertyAddress} - Priced to Sell!`,\n    `Don't Miss This Incredible ${propertyType} Opportunity`,\n    `Move-In Ready ${propertyType} with Amazing Features!`\n  ];\n  \n  // Generate property descriptions\n  const descriptions = {\n    short: `Beautiful ${beds} bed, ${baths} bath ${propertyType} featuring ${features.slice(0, 3).join(', ')}. Priced at $${price.toLocaleString()}.`,\n    \n    medium: `Discover this exceptional ${beds}-bedroom, ${baths}-bathroom ${propertyType} spanning ${sqft.toLocaleString()} square feet. This property features ${features.join(', ')}. Located at ${propertyAddress}, this home offers the perfect blend of comfort and convenience. Don't miss this opportunity!`,\n    \n    long: generateDetailedDescription(propertyData)\n  };\n  \n  // Generate social media content\n  const socialMediaContent = {\n    facebook: {\n      post: `🏠 NEW LISTING ALERT! 🏠\\n\\n${descriptions.medium}\\n\\n💰 Listed at $${price.toLocaleString()}\\n📍 ${propertyAddress}\\n\\n${features.map(f => `✅ ${f}`).join('\\n')}\\n\\nReady to see it? Comment below or send us a message!\\n\\n#RealEstate #NewListing #DreamHome #${propertyType.replace(' ', '')}`,\n      \n      hashtags: ['#RealEstate', '#NewListing', '#DreamHome', `#${propertyType.replace(' ', '')}`, '#HomeForSale', '#PropertyAlert']\n    },\n    \n    instagram: {\n      caption: `✨ JUST LISTED ✨\\n\\n${beds} bed | ${baths} bath | ${sqft.toLocaleString()} sqft\\n📍 ${propertyAddress}\\n💰 $${price.toLocaleString()}\\n\\n${features.slice(0, 5).map(f => `• ${f}`).join('\\n')}\\n\\nSwipe to see more photos! DM for details 📩\\n\\n${['#JustListed', '#RealEstate', '#HomeForSale', '#PropertyTour', '#DreamHome', `#${propertyType.replace(' ', '')}`].join(' ')}`,\n      \n      story: {\n        slides: [\n          { type: 'announcement', text: 'NEW LISTING ALERT!' },\n          { type: 'photo', image: photos[0], text: `$${price.toLocaleString()}` },\n          { type: 'features', text: features.join('\\n') },\n          { type: 'cta', text: 'DM for showing!' }\n        ]\n      }\n    },\n    \n    twitter: {\n      tweet: `🏠 NEW LISTING: ${beds}BR/${baths}BA ${propertyType}\\n📍 ${propertyAddress}\\n💰 $${price.toLocaleString()}\\n🎯 ${features.slice(0, 2).join(' & ')}\\n\\nInterested? Let's talk! 📞\\n\\n#JustListed #RealEstate #${propertyType.replace(' ', '')}`,\n      \n      thread: [\n        `🧵 PROPERTY SPOTLIGHT: ${propertyAddress}`,\n        `1/ This ${beds}-bedroom ${propertyType} offers ${sqft.toLocaleString()} sq ft of modern living`,\n        `2/ Key features include: ${features.slice(0, 4).join(', ')}`,\n        `3/ Priced at $${price.toLocaleString()} - excellent value in today's market!`,\n        `4/ Ready to schedule a showing? Reach out today! 🏠✨`\n      ]\n    },\n    \n    linkedin: {\n      post: `🏠 Investment Opportunity Alert\\n\\nI'm excited to announce a new listing that represents an excellent investment opportunity in today's market.\\n\\nProperty Details:\\n• ${beds} bedrooms, ${baths} bathrooms\\n• ${sqft.toLocaleString()} square feet\\n• ${propertyType} in ${propertyAddress}\\n• Listed at $${price.toLocaleString()}\\n\\nKey Features:\\n${features.map(f => `• ${f}`).join('\\n')}\\n\\nThis property offers strong potential for both owner-occupants and investors. The area has shown consistent appreciation and demand.\\n\\nInterested in learning more about this opportunity or discussing your real estate investment strategy? I'd be happy to connect.\\n\\n#RealEstateInvestment #PropertyInvestment #NewListing`\n    }\n  };\n  \n  // Generate email content\n  const emailContent = {\n    subject: `New Listing: ${propertyAddress} - ${beds} BR ${propertyType} for $${price.toLocaleString()}`,\n    \n    preheader: `${features.slice(0, 2).join(' & ')} - Schedule your showing today!`,\n    \n    html: generateEmailHTML(propertyData),\n    \n    text: `NEW LISTING ALERT!\\n\\n${descriptions.medium}\\n\\nProperty Highlights:\\n${features.map(f => `• ${f}`).join('\\n')}\\n\\nPrice: $${price.toLocaleString()}\\nBedrooms: ${beds}\\nBathrooms: ${baths}\\nSquare Footage: ${sqft.toLocaleString()}\\n\\nInterested in scheduling a showing? Reply to this email or call us today!\\n\\nBest regards,\\n${agent}`\n  };\n  \n  return {\n    headlines,\n    descriptions,\n    socialMediaContent,\n    emailContent,\n    \n    additionalMaterials: {\n      propertyFlyer: await generatePropertyFlyer(propertyData),\n      virtualTourScript: await generateVirtualTourScript(propertyData),\n      adCopy: await generateAdCopy(propertyData),\n      pressRelease: await generatePressRelease(propertyData)\n    }\n  };\n}\n\nfunction generateDetailedDescription(propertyData) {\n  const {\n    propertyAddress,\n    propertyType,\n    price,\n    beds,\n    baths,\n    sqft,\n    features,\n    agent\n  } = propertyData;\n  \n  return `Welcome to ${propertyAddress}, where luxury meets comfort in this exceptional ${beds}-bedroom, ${baths}-bathroom ${propertyType}. Spanning an impressive ${sqft.toLocaleString()} square feet, this meticulously maintained home offers the perfect sanctuary for modern living.\n\nStep inside to discover a thoughtfully designed floor plan that seamlessly blends functionality with elegance. The heart of the home features ${features.includes('Updated Kitchen') ? 'a stunning updated kitchen with premium finishes' : 'a spacious kitchen perfect for culinary adventures'}, while the living areas provide ample space for both relaxation and entertainment.\n\nProperty Highlights:\n${features.map(f => `• ${f}`).join('\\n')}\n\nLocated in a highly desirable neighborhood, this property offers convenient access to schools, shopping, dining, and major transportation routes. The combination of prime location, exceptional features, and competitive pricing at $${price.toLocaleString()} makes this an outstanding opportunity in today's market.\n\nWhether you're a first-time homebuyer, growing family, or savvy investor, this property delivers exceptional value and endless possibilities. Don't let this opportunity pass you by – schedule your private showing today!\n\nFor more information or to arrange a viewing, contact ${agent} today. This quality home won't last long in today's competitive market!`;\n}\n\nfunction generateEmailHTML(propertyData) {\n  const {\n    propertyAddress,\n    propertyType,\n    price,\n    beds,\n    baths,\n    sqft,\n    features,\n    photos,\n    agent\n  } = propertyData;\n  \n  return `\n<!DOCTYPE html>\n<html>\n<head>\n    <style>\n        body { font-family: Arial, sans-serif; margin: 0; padding: 0; background: #f4f4f4; }\n        .container { max-width: 600px; margin: 0 auto; background: white; }\n        .header { background: #2c5aa0; color: white; padding: 30px; text-align: center; }\n        .property-image { width: 100%; height: 300px; object-fit: cover; }\n        .content { padding: 30px; }\n        .price { font-size: 2em; color: #2c5aa0; font-weight: bold; margin: 20px 0; }\n        .details-grid { display: grid; grid-template-columns: 1fr 1fr 1fr; gap: 20px; margin: 25px 0; }\n        .detail-box { text-align: center; padding: 15px; background: #f8f9fa; border-radius: 8px; }\n        .features { background: #e8f5e8; padding: 20px; border-radius: 8px; margin: 25px 0; }\n        .cta-button { display: inline-block; background: #28a745; color: white; padding: 15px 30px; text-decoration: none; border-radius: 8px; font-weight: bold; margin: 20px 0; }\n        .agent-info { background: #f8f9fa; padding: 20px; border-radius: 8px; margin-top: 30px; }\n    </style>\n</head>\n<body>\n    <div class=\"container\">\n        <div class=\"header\">\n            <h1>🏠 NEW LISTING ALERT!</h1>\n            <h2>${propertyAddress}</h2>\n        </div>\n        \n        <img src=\"${photos[0] || 'https://via.placeholder.com/600x300'}\" alt=\"Property Photo\" class=\"property-image\">\n        \n        <div class=\"content\">\n            <div class=\"price\">$${price.toLocaleString()}</div>\n            \n            <h3>Beautiful ${beds}-Bedroom ${propertyType}</h3>\n            \n            <div class=\"details-grid\">\n                <div class=\"detail-box\">\n                    <h4>🛏️ Bedrooms</h4>\n                    <p>${beds}</p>\n                </div>\n                <div class=\"detail-box\">\n                    <h4>🛁 Bathrooms</h4>\n                    <p>${baths}</p>\n                </div>\n                <div class=\"detail-box\">\n                    <h4>📐 Square Feet</h4>\n                    <p>${sqft.toLocaleString()}</p>\n                </div>\n            </div>\n            \n            <div class=\"features\">\n                <h3>🌟 Property Highlights</h3>\n                <ul>\n                    ${features.map(f => `<li>${f}</li>`).join('')}\n                </ul>\n            </div>\n            \n            <p>This exceptional ${propertyType} offers the perfect blend of comfort, style, and location. Don't miss this opportunity to own a piece of this desirable neighborhood!</p>\n            \n            <div style=\"text-align: center;\">\n                <a href=\"#\" class=\"cta-button\">Schedule Your Showing Today!</a>\n            </div>\n            \n            <div class=\"agent-info\">\n                <h3>Contact Information</h3>\n                <p><strong>Listing Agent:</strong> ${agent}</p>\n                <p><strong>Phone:</strong> (555) 123-4567</p>\n                <p><strong>Email:</strong> ${agent.toLowerCase().replace(' ', '.')}@realestate.com</p>\n            </div>\n        </div>\n    </div>\n</body>\n</html>\n  `;\n}\n\nasync function createSocialMediaPosts(materials) {\n  return {\n    platforms: {\n      facebook: {\n        postType: 'photo_carousel',\n        content: materials.socialMediaContent.facebook.post,\n        hashtags: materials.socialMediaContent.facebook.hashtags,\n        scheduledTime: 'Immediate + 2PM daily for 7 days',\n        targetAudience: 'Local homebuyers, age 25-55',\n        boostBudget: '$50/day for 7 days'\n      },\n      \n      instagram: {\n        postType: 'carousel_post',\n        content: materials.socialMediaContent.instagram.caption,\n        story: materials.socialMediaContent.instagram.story,\n        scheduledTime: '10AM, 2PM, 6PM daily',\n        hashtags: '#JustListed #RealEstate #HomeForSale',\n        reels: 'Property walkthrough video'\n      },\n      \n      twitter: {\n        postType: 'tweet_thread',\n        content: materials.socialMediaContent.twitter.thread,\n        scheduledTime: '9AM daily + real-time engagement',\n        engagement: 'Respond to comments and DMs'\n      },\n      \n      linkedin: {\n        postType: 'professional_update',\n        content: materials.socialMediaContent.linkedin.post,\n        scheduledTime: 'Tuesday and Thursday 8AM',\n        targeting: 'Real estate professionals and investors'\n      }\n    },\n    \n    crossPlatformStrategy: {\n      timing: 'Staggered posting for maximum reach',\n      content: 'Platform-optimized versions of core message',\n      engagement: 'Real-time monitoring and response',\n      analytics: 'Daily performance tracking'\n    }\n  };\n}\n\nasync function createEmailCampaign(materials) {\n  return {\n    campaignType: 'new_listing_announcement',\n    \n    emailContent: materials.emailContent,\n    \n    segmentation: {\n      activebuyers: {\n        criteria: 'Recently viewed similar properties',\n        personalization: 'Price range and location match',\n        timing: 'Immediate send'\n      },\n      \n      pastClients: {\n        criteria: 'Previous clients and referral sources',\n        personalization: 'Personal note from agent',\n        timing: '2 hours after initial send'\n      },\n      \n      areaInterest: {\n        criteria: 'Subscribers interested in neighborhood',\n        personalization: 'Local market insights',\n        timing: '24 hours after initial send'\n      },\n      \n      investors: {\n        criteria: 'Investment property buyers',\n        personalization: 'ROI and rental potential data',\n        timing: '48 hours with investment analysis'\n      }\n    },\n    \n    automationSequence: [\n      {\n        day: 0,\n        action: 'Send new listing announcement',\n        segment: 'All active subscribers'\n      },\n      {\n        day: 3,\n        action: 'Follow-up with showing availability',\n        segment: 'Email openers who didn\\'t click'\n      },\n      {\n        day: 7,\n        action: 'Market update with property featured',\n        segment: 'Non-openers'\n      },\n      {\n        day: 14,\n        action: 'Price analysis and market positioning',\n        segment: 'Engaged subscribers'\n      }\n    ],\n    \n    trackingMetrics: {\n      openRate: 'Target: 25%+',\n      clickThroughRate: 'Target: 5%+',\n      leadGeneration: 'Target: 2%+',\n      showingRequests: 'Track conversion to appointments'\n    }\n  };\n}\n\nasync function createOpenHousePromotion(request) {\n  const {\n    property_address,\n    open_house_date,\n    listing_agent,\n    property_features,\n    listing_price\n  } = request;\n  \n  const openHouseDate = new Date(open_house_date);\n  const formattedDate = openHouseDate.toLocaleDateString('en-US', {\n    weekday: 'long',\n    year: 'numeric',\n    month: 'long',\n    day: 'numeric'\n  });\n  const formattedTime = openHouseDate.toLocaleTimeString('en-US', {\n    hour: 'numeric',\n    minute: '2-digit',\n    hour12: true\n  });\n  \n  return {\n    eventDetails: {\n      propertyAddress: property_address,\n      date: formattedDate,\n      time: formattedTime,\n      duration: '2 hours',\n      agent: listing_agent,\n      price: parseFloat(listing_price) || 0\n    },\n    \n    promotionChannels: {\n      socialMedia: {\n        facebook: {\n          eventPage: 'Create Facebook event with property details',\n          posts: 'Daily countdown posts leading to open house',\n          liveStream: 'Live virtual tour during open house'\n        },\n        instagram: {\n          stories: 'Daily countdown stickers and reminders',\n          posts: 'Property highlights with open house details',\n          igtv: 'Property walkthrough video'\n        }\n      },\n      \n      emailMarketing: {\n        announcement: 'Send to all subscriber lists',\n        reminders: 'Send 48 hours, 24 hours, and 2 hours before',\n        followUp: 'Thank you email to attendees next day'\n      },\n      \n      onlineAdvertising: {\n        googleAds: 'Target \"open house near me\" keywords',\n        facebookAds: 'Event promotion to local audience',\n        nextdoor: 'Neighborhood-specific promotion'\n      },\n      \n      traditionalMarketing: {\n        signage: 'Open house directional signs',\n        flyers: 'Property information sheets for attendees',\n        neighborhood: 'Door-to-door invitation flyers'\n      }\n    },\n    \n    attendeeCapture: {\n      digitalSignIn: 'QR code for contact information',\n      leadQualification: 'Pre-qualification questions',\n      followUpSequence: 'Automated email series post-visit',\n      feedbackCollection: 'Property interest survey'\n    },\n    \n    virtualComponents: {\n      liveStream: 'Facebook/Instagram live tour',\n      virtualTour: '360-degree property walkthrough',\n      qAndA: 'Real-time question answering',\n      recordedTour: 'Save for those who can\\'t attend live'\n    }\n  };\n}\n\nasync function createPropertyLandingPage(materials) {\n  return {\n    pageStructure: {\n      hero: {\n        headline: materials.headlines[0],\n        subheadline: materials.descriptions.short,\n        ctaButton: 'Schedule Your Private Showing',\n        backgroundImage: 'Property hero image'\n      },\n      \n      propertyDetails: {\n        photoGallery: 'High-quality property images',\n        keyFeatures: 'Bullet point highlights',\n        propertySpecs: 'Bedroom, bathroom, square footage',\n        virtualTour: 'Embedded 360-degree tour'\n      },\n      \n      leadCapture: {\n        contactForm: 'Name, email, phone, preferred contact time',\n        leadMagnets: 'Neighborhood guide, market report downloads',\n        chatBot: 'AI assistant for instant responses',\n        phoneNumber: 'Click-to-call functionality'\n      },\n      \n      socialProof: {\n        agentTestimonials: 'Previous client reviews',\n        marketStats: 'Neighborhood sales data',\n        certifications: 'Agent credentials and awards'\n      }\n    },\n    \n    seoOptimization: {\n      metaTitle: `${materials.descriptions.short} | Your Real Estate Agent`,\n      metaDescription: materials.descriptions.medium,\n      keywords: 'Property location, type, features keywords',\n      structuredData: 'Real estate listing schema markup'\n    },\n    \n    conversionOptimization: {\n      abTesting: 'Test different headlines and CTAs',\n      heatmapTracking: 'Monitor user behavior',\n      formOptimization: 'Minimize fields for higher conversion',\n      mobileResponsive: 'Optimized for all devices'\n    }\n  };\n}\n\nreturn [{ json: marketingResult }];"
      },
      "id": "d4e5f6a7-89ab-cdef-0123-456789abcdef",
      "name": "Process Marketing Campaign",
      "type": "n8n-nodes-base.code",
      "typeVersion": 2,
      "position": [
        460,
        300
      ]
    },
    {
      "parameters": {
        "conditions": {
          "options": {
            "caseSensitive": true,
            "leftValue": "",
            "typeValidation": "strict"
          },
          "conditions": [
            {
              "id": "a1b2c3d4-1234-5678-9abc-123456789abc",
              "leftValue": "={{ $json.campaignType }}",
              "rightValue": "new_listing_launch",
              "operator": {
                "type": "string",
                "operation": "equals"
              }
            }
          ],
          "combinator": "or"
        },
        "options": {}
      },
      "id": "e5f6a7b8-9abc-def0-1234-56789abcdef0",
      "name": "Check Campaign Type",
      "type": "n8n-nodes-base.if",
      "typeVersion": 2,
      "position": [
        680,
        300
      ]
    },
    {
      "parameters": {
        "authentication": "oAuth2",
        "resource": "post",
        "operation": "create",
        "pageId": "YOUR_FACEBOOK_PAGE_ID",
        "content": "={{ $json.result.marketingMaterials.socialMediaContent.facebook.post }}",
        "additionalFields": {
          "scheduling": {
            "scheduledPublishTime": "={{ Math.floor(Date.now() / 1000) + 300 }}"
          }
        }
      },
      "id": "f6a7b8c9-abcd-ef01-2345-6789abcdef01",
      "name": "Post to Facebook",
      "type": "n8n-nodes-base.facebook",
      "typeVersion": 1,
      "position": [
        900,
        250
      ]
    },
    {
      "parameters": {
        "resource": "media",
        "operation": "upload",
        "mediaUrl": "={{ $json.result.marketingMaterials.photos?.[0] || 'https://via.placeholder.com/600x400' }}",
        "caption": "={{ $json.result.marketingMaterials.socialMediaContent.instagram.caption }}",
        "additionalFields": {}
      },
      "id": "a7b8c9d0-bcde-f012-3456-789abcdef012",
      "name": "Post to Instagram",
      "type": "n8n-nodes-base.instagram",
      "typeVersion": 1,
      "position": [
        900,
        350
      ]
    },
    {
      "parameters": {
        "resource": "email",
        "operation": "send",
        "toEmail": "{{ $json.emailList || 'subscribers@yourcompany.com' }}",
        "subject": "={{ $json.result.marketingMaterials.emailContent.subject }}",
        "emailType": "html",
        "message": "={{ $json.result.marketingMaterials.emailContent.html }}",
        "options": {}
      },
      "id": "b8c9d0e1-cdef-0123-4567-89abcdef0123",
      "name": "Send Email Campaign",
      "type": "n8n-nodes-base.gmail",
      "typeVersion": 2.1,
      "position": [
        900,
        450
      ]
    },
    {
      "parameters": {
        "authentication": "oAuth2",
        "resource": "sheet",
        "operation": "appendOrUpdate",
        "documentId": {
          "__rl": true,
          "value": "YOUR_GOOGLE_SHEET_ID",
          "mode": "id"
        },
        "sheetName": {
          "__rl": true,
          "value": "gid=17",
          "mode": "id"
        },
        "columns": {
          "mappingMode": "defineBelow",
          "value": {
            "campaign_id": "={{ $json.campaignId }}",
            "campaign_type": "={{ $json.campaignType }}",
            "property_id": "={{ $json.propertyId }}",
            "property_address": "={{ $json.propertyAddress }}",
            "created_date": "={{ $json.createdDate }}",
            "status": "={{ $json.status }}",
            "marketing_budget": "={{ $json.result.campaignOverview?.marketingBudget || 0 }}",
            "target_audience": "={{ $json.result.campaignOverview?.targetAudience || '' }}",
            "estimated_reach": "={{ $json.result.campaignOverview?.estimatedReach || 0 }}",
            "platforms": "={{ Object.keys($json.result.campaignChannels || {}).join(', ') }}",
            "performance_targets": "={{ JSON.stringify($json.result.performanceTargets || {}) }}",
            "automated_actions": "={{ $json.result.automatedActions?.length || 0 }}",
            "last_updated": "={{ $json.createdDate }}"
          },
          "matchingColumns": [
            "campaign_id"
          ]
        },
        "options": {}
      },
      "id": "c9d0e1f2-def0-1234-5678-9abcdef01234",
      "name": "Log Campaign Data",
      "type": "n8n-nodes-base.googleSheets",
      "typeVersion": 4.2,
      "position": [
        680,
        500
      ]
    },
    {
      "parameters": {
        "conditions": {
          "options": {
            "caseSensitive": true,
            "leftValue": "",
            "typeValidation": "strict"
          },
          "conditions": [
            {
              "id": "b2c3d4e5-1234-5678-9abc-123456789abc",
              "leftValue": "={{ $json.campaignType }}",
              "rightValue": "open_house_promotion",
              "operator": {
                "type": "string",
                "operation": "equals"
              }
            }
          ],
          "combinator": "or"
        },
        "options": {}
      },
      "id": "d0e1f2a3-ef01-2345-6789-abcdef012345",
      "name": "Check if Open House",
      "type": "n8n-nodes-base.if",
      "typeVersion": 2,
      "position": [
        680,
        400
      ]
    },
    {
      "parameters": {
        "resource": "event",
        "operation": "create",
        "name": "Open House: {{ $json.propertyAddress }}",
        "startDateTime": "={{ $json.result.eventDetails.date }}",
        "endDateTime": "={{ $json.result.eventDetails.date }}",
        "description": "Join us for an open house at this beautiful property! {{ $json.result.eventDetails.propertyAddress }}\\n\\nPrice: ${{ $json.result.eventDetails.price.toLocaleString() }}\\nAgent: {{ $json.result.eventDetails.agent }}\\n\\nDon't miss this opportunity to see this amazing home!",
        "location": "={{ $json.propertyAddress }}",
        "additionalFields": {
          "isOnline": false,
          "privacy": "PUBLIC"
        }
      },
      "id": "e1f2a3b4-f012-3456-789a-bcdef0123456",
      "name": "Create Facebook Event",
      "type": "n8n-nodes-base.facebookGraphApi",
      "typeVersion": 1,
      "position": [
        900,
        400
      ]
    },
    {
      "parameters": {
        "resource": "tweet",
        "operation": "create",
        "text": "={{ $json.result.marketingMaterials?.socialMediaContent?.twitter?.tweet || `🏠 NEW LISTING: ${$json.propertyAddress} - Check it out!` }}",
        "additionalFields": {}
      },
      "id": "f2a3b4c5-0123-4567-89ab-cdef01234567",
      "name": "Post to Twitter",
      "type": "n8n-nodes-base.twitter",
      "typeVersion": 1,
      "position": [
        900,
        550
      ]
    },
    {
      "parameters": {
        "resource": "email",
        "operation": "send",
        "toEmail": "marketing@yourcompany.com",
        "subject": "Marketing Campaign Launched: {{ $json.propertyAddress }}",
        "emailType": "html",
        "message": "<!DOCTYPE html>\\n<html>\\n<head>\\n    <style>\\n        body { font-family: Arial, sans-serif; margin: 0; padding: 20px; background: #f4f4f4; }\\n        .container { background: white; padding: 30px; border-radius: 10px; box-shadow: 0 4px 10px rgba(0,0,0,0.1); }\\n        .header { background: #007bff; color: white; padding: 20px; text-align: center; border-radius: 8px; margin-bottom: 20px; }\\n        .campaign-details { background: #f8f9fa; padding: 20px; border-radius: 8px; margin: 15px 0; }\\n        .metrics { display: grid; grid-template-columns: 1fr 1fr 1fr; gap: 20px; margin: 20px 0; }\\n        .metric-box { background: #e8f5e8; padding: 15px; border-radius: 8px; text-align: center; }\\n    </style>\\n</head>\\n<body>\\n    <div class=\\\"container\\\">\\n        <div class=\\\"header\\\">\\n            <h1>📢 Marketing Campaign Launched!</h1>\\n            <h2>{{ $json.propertyAddress }}</h2>\\n        </div>\\n        \\n        <div class=\\\"campaign-details\\\">\\n            <h3>Campaign Overview</h3>\\n            <p><strong>Campaign Type:</strong> {{ $json.campaignType.replace('_', ' ').toUpperCase() }}</p>\\n            <p><strong>Property:</strong> {{ $json.propertyAddress }}</p>\\n            <p><strong>Campaign ID:</strong> {{ $json.campaignId }}</p>\\n            <p><strong>Status:</strong> {{ $json.status.toUpperCase() }}</p>\\n            <p><strong>Launch Date:</strong> {{ new Date($json.createdDate).toLocaleString() }}</p>\\n        </div>\\n        \\n        {{ if $json.result.campaignOverview }}\\n        <div class=\\\"metrics\\\">\\n            <div class=\\\"metric-box\\\">\\n                <h4>Marketing Budget</h4>\\n                <p style=\\\"font-size: 1.5em; font-weight: bold;\\\">\\n                    ${{ $json.result.campaignOverview.marketingBudget.toLocaleString() }}\\n                </p>\\n            </div>\\n            <div class=\\\"metric-box\\\">\\n                <h4>Estimated Reach</h4>\\n                <p style=\\\"font-size: 1.5em; font-weight: bold;\\\">\\n                    {{ $json.result.campaignOverview.estimatedReach.toLocaleString() }}\\n                </p>\\n            </div>\\n            <div class=\\\"metric-box\\\">\\n                <h4>Campaign Duration</h4>\\n                <p style=\\\"font-size: 1.2em; font-weight: bold;\\\">\\n                    {{ $json.result.campaignOverview.campaignDuration }}\\n                </p>\\n            </div>\\n        </div>\\n        {{ /if }}\\n        \\n        {{ if $json.result.automatedActions }}\\n        <div class=\\\"campaign-details\\\">\\n            <h3>Automated Actions Executed</h3>\\n            <ul>\\n                {{ $json.result.automatedActions.map(action => `\\n                    <li><strong>${action.action}</strong> - ${action.timing}</li>\\n                `).join('') }}\\n            </ul>\\n        </div>\\n        {{ /if }}\\n        \\n        {{ if $json.result.performanceTargets }}\\n        <div class=\\\"campaign-details\\\">\\n            <h3>Performance Targets</h3>\\n            <ul>\\n                {{ Object.entries($json.result.performanceTargets).map(([key, value]) => `\\n                    <li><strong>${key.replace(/([A-Z])/g, ' $1').replace(/^./, str => str.toUpperCase())}:</strong> ${value}</li>\\n                `).join('') }}\\n            </ul>\\n        </div>\\n        {{ /if }}\\n        \\n        <div style=\\\"background: #fff3cd; border: 1px solid #ffc107; padding: 15px; border-radius: 8px; margin-top: 20px;\\\">\\n            <h3>Next Steps</h3>\\n            <ul>\\n                <li>Monitor campaign performance in real-time</li>\\n                <li>Respond to leads and inquiries promptly</li>\\n                <li>Optimize ad spend based on performance</li>\\n                <li>Track showing requests and conversions</li>\\n            </ul>\\n        </div>\\n    </div>\\n</body>\\n</html>",
        "options": {
          "priority": "normal"
        }
      },
      "id": "a3b4c5d6-1234-5678-9abc-def012345678",
      "name": "Notify Marketing Team",
      "type": "n8n-nodes-base.gmail",
      "typeVersion": 2.1,
      "position": [
        900,
        650
      ]
    }
  ]
}
