{
  "name": "Property Maintenance & Service Management System",
  "nodes": [
    {
      "parameters": {
        "httpMethod": "POST",
        "path": "maintenance-request",
        "responseMode": "responseNode",
        "options": {}
      },
      "id": "a1b2c3d4-5678-9abc-def0-123456789abc",
      "name": "Maintenance Request Trigger",
      "type": "n8n-nodes-base.webhook",
      "typeVersion": 1,
      "position": [
        240,
        300
      ],
      "webhookId": "maintenance-request-webhook"
    },
    {
      "parameters": {
        "rule": {
          "interval": [
            {
              "field": "cronExpression",
              "expression": "0 8 * * 1"
            }
          ]
        }
      },
      "id": "b2c3d4e5-6789-abcd-ef01-23456789abcd",
      "name": "Weekly Maintenance Schedule",
      "type": "n8n-nodes-base.cron",
      "typeVersion": 1,
      "position": [
        240,
        500
      ]
    },
    {
      "parameters": {
        "rule": {
          "interval": [
            {
              "field": "cronExpression",
              "expression": "0 7 1 * *"
            }
          ]
        }
      },
      "id": "c3d4e5f6-789a-bcde-f012-3456789abcde",
      "name": "Monthly Preventive Maintenance",
      "type": "n8n-nodes-base.cron",
      "typeVersion": 1,
      "position": [
        240,
        700
      ]
    },
    {
      "parameters": {
        "jsCode": "// Property Maintenance & Service Management System\nconst maintenanceRequest = $input.first().json;\n\n// Generate unique work order ID\nconst workOrderId = `wo_${Date.now()}_${Math.random().toString(36).substr(2, 9)}`;\n\n// Process maintenance request\nconst maintenanceResult = await processMaintenanceRequest(maintenanceRequest);\n\nasync function processMaintenanceRequest(request) {\n  const {\n    request_type,\n    property_id,\n    property_address,\n    unit_number,\n    tenant_name,\n    tenant_phone,\n    tenant_email,\n    issue_category,\n    issue_description,\n    urgency_level,\n    preferred_time,\n    photos,\n    property_manager,\n    landlord_contact,\n    maintenance_history,\n    vendor_preferences,\n    budget_limit,\n    insurance_claim,\n    tenant_access,\n    special_instructions\n  } = request;\n  \n  let result = {};\n  \n  switch (request_type) {\n    case 'emergency_repair':\n      result = await handleEmergencyRepair(request);\n      break;\n    case 'routine_maintenance':\n      result = await handleRoutineMaintenance(request);\n      break;\n    case 'preventive_maintenance':\n      result = await handlePreventiveMaintenance(request);\n      break;\n    case 'tenant_request':\n      result = await handleTenantRequest(request);\n      break;\n    case 'inspection_followup':\n      result = await handleInspectionFollowup(request);\n      break;\n    case 'vendor_scheduling':\n      result = await handleVendorScheduling(request);\n      break;\n    case 'maintenance_tracking':\n      result = await handleMaintenanceTracking(request);\n      break;\n    case 'seasonal_maintenance':\n      result = await handleSeasonalMaintenance(request);\n      break;\n    default:\n      result = await handleGeneralMaintenance(request);\n  }\n  \n  return {\n    workOrderId,\n    requestType: request_type,\n    propertyId: property_id,\n    propertyAddress: property_address,\n    unitNumber: unit_number,\n    createdDate: new Date().toISOString(),\n    status: 'created',\n    result\n  };\n}\n\nasync function handleEmergencyRepair(request) {\n  const {\n    property_address,\n    unit_number,\n    issue_category,\n    issue_description,\n    tenant_name,\n    tenant_phone,\n    urgency_level,\n    photos,\n    property_manager\n  } = request;\n  \n  // Classify emergency type and severity\n  const emergencyClassification = classifyEmergency(issue_category, issue_description, urgency_level);\n  \n  // Select appropriate emergency vendors\n  const emergencyVendors = await selectEmergencyVendors(emergencyClassification, property_address);\n  \n  // Create immediate response plan\n  const responseAction = await createEmergencyResponse(emergencyClassification, request);\n  \n  return {\n    emergencyDetails: {\n      propertyAddress: property_address,\n      unitNumber: unit_number || 'N/A',\n      tenantName: tenant_name,\n      tenantContact: tenant_phone,\n      issueCategory: issue_category,\n      issueDescription: issue_description,\n      urgencyLevel: urgency_level,\n      classification: emergencyClassification,\n      responseTime: emergencyClassification.maxResponseTime,\n      estimatedCost: emergencyClassification.estimatedCost\n    },\n    \n    immediateActions: [\n      {\n        action: 'Contact tenant for safety confirmation',\n        timing: 'Immediate',\n        responsible: 'Property Manager',\n        status: 'pending'\n      },\n      {\n        action: 'Dispatch emergency vendor',\n        timing: `Within ${emergencyClassification.maxResponseTime}`,\n        responsible: 'Emergency Service Provider',\n        status: 'scheduled'\n      },\n      {\n        action: 'Notify property owner/landlord',\n        timing: 'Within 1 hour',\n        responsible: 'Property Manager',\n        status: 'pending'\n      },\n      {\n        action: 'Document incident with photos',\n        timing: 'Upon vendor arrival',\n        responsible: 'Service Technician',\n        status: 'pending'\n      }\n    ],\n    \n    vendorDispatch: {\n      primaryVendor: emergencyVendors.primary,\n      backupVendors: emergencyVendors.backups,\n      dispatchTime: new Date().toISOString(),\n      estimatedArrival: addMinutes(new Date(), emergencyClassification.responseTimeMinutes),\n      contactAttempts: 0,\n      maxAttempts: 3\n    },\n    \n    communicationPlan: {\n      tenantNotification: {\n        method: 'SMS + Phone Call',\n        message: `Emergency maintenance has been scheduled for ${property_address}${unit_number ? ` Unit ${unit_number}` : ''}. Service provider will arrive within ${emergencyClassification.maxResponseTime}. Please ensure access is available.`,\n        timing: 'Immediate'\n      },\n      \n      landlordNotification: {\n        method: 'Email + Phone',\n        message: generateLandlordEmergencyNotification(request, emergencyClassification),\n        timing: 'Within 30 minutes'\n      },\n      \n      vendorInstructions: {\n        specialInstructions: request.special_instructions || 'Standard emergency response protocol',\n        accessInformation: request.tenant_access || 'Contact tenant for access',\n        reportingRequirements: 'Photo documentation required, immediate repair completion report'\n      }\n    },\n    \n    followUpActions: [\n      {\n        action: 'Vendor arrival confirmation',\n        timing: 'Upon arrival',\n        notification: ['Tenant', 'Property Manager']\n      },\n      {\n        action: 'Work completion notification',\n        timing: 'Upon completion',\n        notification: ['Tenant', 'Property Manager', 'Landlord']\n      },\n      {\n        action: 'Invoice processing',\n        timing: 'Within 24 hours',\n        notification: ['Property Manager', 'Accounting']\n      },\n      {\n        action: 'Tenant satisfaction survey',\n        timing: '24 hours after completion',\n        notification: ['Tenant']\n      }\n    ],\n    \n    costManagement: {\n      emergencyBudget: emergencyClassification.emergencyBudget,\n      requiresApproval: emergencyClassification.estimatedCost > 500,\n      approvalRequired: emergencyClassification.estimatedCost > 500 ? 'Owner approval needed for costs over $500' : 'Pre-approved emergency repair',\n      insuranceClaim: emergencyClassification.severity === 'critical' ? 'Consider insurance claim documentation' : 'Standard repair'\n    }\n  };\n}\n\nfunction classifyEmergency(category, description, urgencyLevel) {\n  const emergencyTypes = {\n    'plumbing': {\n      keywords: ['leak', 'flood', 'burst', 'sewage', 'backup'],\n      severity: 'high',\n      maxResponseTime: '2 hours',\n      responseTimeMinutes: 120,\n      estimatedCost: 300,\n      emergencyBudget: 1000\n    },\n    'electrical': {\n      keywords: ['sparks', 'outage', 'shock', 'burning', 'smell'],\n      severity: 'critical',\n      maxResponseTime: '1 hour',\n      responseTimeMinutes: 60,\n      estimatedCost: 250,\n      emergencyBudget: 800\n    },\n    'hvac': {\n      keywords: ['heating', 'cooling', 'no heat', 'no ac', 'furnace'],\n      severity: 'medium',\n      maxResponseTime: '4 hours',\n      responseTimeMinutes: 240,\n      estimatedCost: 200,\n      emergencyBudget: 600\n    },\n    'security': {\n      keywords: ['lock', 'door', 'window', 'break-in', 'security'],\n      severity: 'high',\n      maxResponseTime: '1 hour',\n      responseTimeMinutes: 60,\n      estimatedCost: 150,\n      emergencyBudget: 500\n    },\n    'structural': {\n      keywords: ['ceiling', 'wall', 'foundation', 'crack', 'collapse'],\n      severity: 'critical',\n      maxResponseTime: '30 minutes',\n      responseTimeMinutes: 30,\n      estimatedCost: 500,\n      emergencyBudget: 2000\n    }\n  };\n  \n  // Determine category based on keywords\n  let matchedCategory = 'general';\n  let classification = {\n    category: 'general',\n    severity: 'low',\n    maxResponseTime: '24 hours',\n    responseTimeMinutes: 1440,\n    estimatedCost: 100,\n    emergencyBudget: 300\n  };\n  \n  const lowerDesc = description.toLowerCase();\n  \n  for (const [cat, config] of Object.entries(emergencyTypes)) {\n    if (config.keywords.some(keyword => lowerDesc.includes(keyword))) {\n      matchedCategory = cat;\n      classification = {\n        category: cat,\n        ...config\n      };\n      break;\n    }\n  }\n  \n  // Adjust based on urgency level\n  if (urgencyLevel === 'critical') {\n    classification.responseTimeMinutes = Math.min(classification.responseTimeMinutes, 60);\n    classification.maxResponseTime = '1 hour';\n    classification.severity = 'critical';\n  } else if (urgencyLevel === 'high') {\n    classification.responseTimeMinutes = Math.min(classification.responseTimeMinutes, 120);\n    classification.maxResponseTime = '2 hours';\n  }\n  \n  return classification;\n}\n\nasync function selectEmergencyVendors(classification, propertyAddress) {\n  const vendorDatabase = {\n    plumbing: [\n      { name: '24/7 Plumbing Services', phone: '(555) 123-PIPE', rating: 4.8, responseTime: 60 },\n      { name: 'Emergency Drain Masters', phone: '(555) 234-DRAIN', rating: 4.6, responseTime: 90 },\n      { name: 'Rapid Plumbing Repair', phone: '(555) 345-FAST', rating: 4.7, responseTime: 75 }\n    ],\n    electrical: [\n      { name: 'Lightning Fast Electric', phone: '(555) 456-VOLT', rating: 4.9, responseTime: 45 },\n      { name: '24hr Electrical Emergency', phone: '(555) 567-WIRE', rating: 4.7, responseTime: 60 },\n      { name: 'Power Restoration Pro', phone: '(555) 678-POWER', rating: 4.8, responseTime: 50 }\n    ],\n    hvac: [\n      { name: 'Climate Control Emergency', phone: '(555) 789-HEAT', rating: 4.6, responseTime: 120 },\n      { name: 'HVAC Rapid Response', phone: '(555) 890-COOL', rating: 4.7, responseTime: 90 },\n      { name: 'Temperature Fix Experts', phone: '(555) 901-TEMP', rating: 4.5, responseTime: 150 }\n    ],\n    security: [\n      { name: 'Security Lock & Key', phone: '(555) 012-LOCK', rating: 4.8, responseTime: 30 },\n      { name: 'Emergency Locksmith', phone: '(555) 123-SAFE', rating: 4.7, responseTime: 45 },\n      { name: '24/7 Security Solutions', phone: '(555) 234-SECURE', rating: 4.6, responseTime: 60 }\n    ],\n    structural: [\n      { name: 'Emergency Structural Repair', phone: '(555) 345-BUILD', rating: 4.9, responseTime: 30 },\n      { name: 'Rapid Foundation Fix', phone: '(555) 456-FOUND', rating: 4.7, responseTime: 60 },\n      { name: 'Structural Emergency Pro', phone: '(555) 567-STRUCT', rating: 4.8, responseTime: 45 }\n    ],\n    general: [\n      { name: 'All-Purpose Handyman', phone: '(555) 678-HANDY', rating: 4.5, responseTime: 180 },\n      { name: 'General Maintenance Pro', phone: '(555) 789-MAINT', rating: 4.4, responseTime: 240 }\n    ]\n  };\n  \n  const categoryVendors = vendorDatabase[classification.category] || vendorDatabase.general;\n  \n  // Sort by response time and rating\n  const sortedVendors = categoryVendors.sort((a, b) => {\n    const timeWeight = 0.7;\n    const ratingWeight = 0.3;\n    \n    const scoreA = (a.responseTime * timeWeight) + ((5 - a.rating) * 100 * ratingWeight);\n    const scoreB = (b.responseTime * timeWeight) + ((5 - b.rating) * 100 * ratingWeight);\n    \n    return scoreA - scoreB;\n  });\n  \n  return {\n    primary: sortedVendors[0],\n    backups: sortedVendors.slice(1, 3)\n  };\n}\n\nasync function handleRoutineMaintenance(request) {\n  const {\n    property_address,\n    unit_number,\n    issue_category,\n    issue_description,\n    preferred_time,\n    tenant_name,\n    budget_limit\n  } = request;\n  \n  // Create maintenance schedule\n  const maintenanceSchedule = await createMaintenanceSchedule(request);\n  \n  // Select appropriate vendors\n  const selectedVendors = await selectMaintenanceVendors(issue_category, budget_limit);\n  \n  // Generate work order details\n  const workOrderDetails = {\n    propertyAddress: property_address,\n    unitNumber: unit_number || 'N/A',\n    tenantName: tenant_name,\n    maintenanceType: issue_category,\n    description: issue_description,\n    scheduledDate: calculateScheduledDate(preferred_time),\n    estimatedDuration: estimateMaintenanceDuration(issue_category),\n    estimatedCost: estimateMaintenanceCost(issue_category),\n    budgetLimit: parseFloat(budget_limit) || 500\n  };\n  \n  return {\n    workOrder: workOrderDetails,\n    \n    maintenanceSchedule: {\n      requestedDate: preferred_time,\n      scheduledDate: workOrderDetails.scheduledDate,\n      timeSlot: '9:00 AM - 12:00 PM',\n      duration: workOrderDetails.estimatedDuration,\n      bufferTime: '30 minutes',\n      reschedulingPolicy: 'Can be rescheduled with 24-hour notice'\n    },\n    \n    vendorAssignment: {\n      primaryVendor: selectedVendors.primary,\n      alternativeVendors: selectedVendors.alternatives,\n      selectionCriteria: 'Cost, availability, and past performance',\n      contactInstructions: 'Vendor will call tenant 24 hours before appointment'\n    },\n    \n    materialRequirements: estimateMaterialRequirements(issue_category),\n    \n    qualityAssurance: {\n      inspectionRequired: shouldRequireInspection(issue_category),\n      warrantyPeriod: getWarrantyPeriod(issue_category),\n      followUpSchedule: 'Quality check in 30 days',\n      tenantSurvey: 'Satisfaction survey sent after completion'\n    },\n    \n    communicationPlan: {\n      tenantNotification: {\n        scheduling: 'Email confirmation with date/time',\n        reminder: '24-hour and 2-hour reminders',\n        completion: 'Work completion notification with summary'\n      },\n      \n      vendorCommunication: {\n        workOrderDelivery: 'Digital work order with property details',\n        progressUpdates: 'Required for work over 2 hours',\n        completionReport: 'Photos and detailed completion report required'\n      },\n      \n      propertyManagerUpdates: {\n        scheduling: 'Work order created notification',\n        progress: 'Daily status updates for multi-day work',\n        completion: 'Final report with costs and tenant feedback'\n      }\n    },\n    \n    budgetTracking: {\n      estimatedCost: workOrderDetails.estimatedCost,\n      budgetLimit: workOrderDetails.budgetLimit,\n      requiresApproval: workOrderDetails.estimatedCost > workOrderDetails.budgetLimit,\n      costBreakdown: {\n        labor: Math.round(workOrderDetails.estimatedCost * 0.6),\n        materials: Math.round(workOrderDetails.estimatedCost * 0.3),\n        overhead: Math.round(workOrderDetails.estimatedCost * 0.1)\n      }\n    }\n  };\n}\n\nasync function handlePreventiveMaintenance(request) {\n  const {\n    property_address,\n    property_id,\n    maintenance_history\n  } = request;\n  \n  // Generate preventive maintenance schedule\n  const preventiveSchedule = await generatePreventiveMaintenanceSchedule(property_id, maintenance_history);\n  \n  return {\n    propertyDetails: {\n      propertyAddress: property_address,\n      propertyId: property_id,\n      lastInspection: getLastInspectionDate(maintenance_history),\n      maintenanceScore: calculateMaintenanceScore(maintenance_history)\n    },\n    \n    preventiveSchedule: {\n      monthly: [\n        { task: 'HVAC filter replacement', frequency: 'Monthly', nextDue: getNextMonthlyDate() },\n        { task: 'Smoke detector testing', frequency: 'Monthly', nextDue: getNextMonthlyDate() },\n        { task: 'Plumbing inspection', frequency: 'Monthly', nextDue: getNextMonthlyDate() }\n      ],\n      \n      quarterly: [\n        { task: 'Deep cleaning and inspection', frequency: 'Quarterly', nextDue: getNextQuarterlyDate() },\n        { task: 'Exterior maintenance check', frequency: 'Quarterly', nextDue: getNextQuarterlyDate() },\n        { task: 'Appliance servicing', frequency: 'Quarterly', nextDue: getNextQuarterlyDate() }\n      ],\n      \n      annually: [\n        { task: 'HVAC system service', frequency: 'Annually', nextDue: getNextAnnualDate() },\n        { task: 'Roof inspection', frequency: 'Annually', nextDue: getNextAnnualDate() },\n        { task: 'Electrical system check', frequency: 'Annually', nextDue: getNextAnnualDate() },\n        { task: 'Plumbing system inspection', frequency: 'Annually', nextDue: getNextAnnualDate() }\n      ],\n      \n      seasonal: [\n        { task: 'Gutter cleaning', frequency: 'Spring/Fall', nextDue: getNextSeasonalDate('spring') },\n        { task: 'Landscaping maintenance', frequency: 'Spring/Summer', nextDue: getNextSeasonalDate('spring') },\n        { task: 'Winterization check', frequency: 'Fall', nextDue: getNextSeasonalDate('fall') }\n      ]\n    },\n    \n    upcomingTasks: getUpcomingMaintenanceTasks(preventiveSchedule),\n    \n    budgetForecast: {\n      monthly: 150,\n      quarterly: 400,\n      annually: 1200,\n      total: 2100,\n      breakdown: {\n        hvac: 600,\n        plumbing: 400,\n        electrical: 300,\n        general: 500,\n        emergency_reserve: 300\n      }\n    },\n    \n    vendorContracts: {\n      hvacProvider: 'Annual service contract recommended',\n      generalMaintenance: 'Monthly service agreement',\n      emergencyServices: '24/7 emergency coverage included',\n      specialtyServices: 'On-demand basis'\n    }\n  };\n}\n\n// Helper functions\nfunction addMinutes(date, minutes) {\n  return new Date(date.getTime() + minutes * 60000).toISOString();\n}\n\nfunction calculateScheduledDate(preferredTime) {\n  if (preferredTime) {\n    return new Date(preferredTime).toISOString();\n  }\n  \n  // Default to next business day\n  const tomorrow = new Date();\n  tomorrow.setDate(tomorrow.getDate() + 1);\n  \n  // If tomorrow is weekend, schedule for Monday\n  if (tomorrow.getDay() === 0) { // Sunday\n    tomorrow.setDate(tomorrow.getDate() + 1);\n  } else if (tomorrow.getDay() === 6) { // Saturday\n    tomorrow.setDate(tomorrow.getDate() + 2);\n  }\n  \n  return tomorrow.toISOString();\n}\n\nfunction estimateMaintenanceDuration(category) {\n  const durations = {\n    'plumbing': '2-3 hours',\n    'electrical': '1-2 hours',\n    'hvac': '2-4 hours',\n    'appliance': '1-2 hours',\n    'painting': '4-8 hours',\n    'cleaning': '2-3 hours',\n    'general': '1-2 hours'\n  };\n  \n  return durations[category] || '1-2 hours';\n}\n\nfunction estimateMaintenanceCost(category) {\n  const costs = {\n    'plumbing': 200,\n    'electrical': 150,\n    'hvac': 250,\n    'appliance': 125,\n    'painting': 300,\n    'cleaning': 100,\n    'general': 125\n  };\n  \n  return costs[category] || 125;\n}\n\nfunction generateLandlordEmergencyNotification(request, classification) {\n  return `\nEMERGENCY MAINTENANCE ALERT\n\nProperty: ${request.property_address}${request.unit_number ? ` Unit ${request.unit_number}` : ''}\nTenant: ${request.tenant_name}\nIssue: ${request.issue_description}\nSeverity: ${classification.severity.toUpperCase()}\nEstimated Cost: $${classification.estimatedCost}\nResponse Time: ${classification.maxResponseTime}\n\nAction Taken:\n- Emergency vendor dispatched\n- Tenant has been notified\n- Service provider ETA: ${classification.maxResponseTime}\n\nYou will receive updates as work progresses.\n\nProperty Management Team\n  `;\n}\n\nreturn [{ json: maintenanceResult }];"
      },
      "id": "d4e5f6a7-89ab-cdef-0123-456789abcdef",
      "name": "Process Maintenance Request",
      "type": "n8n-nodes-base.code",
      "typeVersion": 2,
      "position": [
        460,
        300
      ]
    },
    {
      "parameters": {
        "conditions": {
          "options": {
            "caseSensitive": true,
            "leftValue": "",
            "typeValidation": "strict"
          },
          "conditions": [
            {
              "id": "a1b2c3d4-1234-5678-9abc-123456789abc",
              "leftValue": "={{ $json.requestType }}",
              "rightValue": "emergency_repair",
              "operator": {
                "type": "string",
                "operation": "equals"
              }
            }
          ],
          "combinator": "or"
        },
        "options": {}
      },
      "id": "e5f6a7b8-9abc-def0-1234-56789abcdef0",
      "name": "Check if Emergency",
      "type": "n8n-nodes-base.if",
      "typeVersion": 2,
      "position": [
        680,
        300
      ]
    },
    {
      "parameters": {
        "resource": "email",
        "operation": "send",
        "toEmail": "={{ $json.result.emergencyDetails.tenantContact.replace(/[^0-9]/g, '') }}@sms-gateway.com",
        "subject": "URGENT: Emergency Maintenance Scheduled",
        "emailType": "text",
        "message": "Emergency maintenance has been scheduled for {{ $json.propertyAddress }}{{ $json.unitNumber !== 'N/A' ? ' Unit ' + $json.unitNumber : '' }}. Service provider will arrive within {{ $json.result.emergencyDetails.responseTime }}. Please ensure access is available. Contact property management if needed.",
        "options": {
          "priority": "high"
        }
      },
      "id": "f6a7b8c9-abcd-ef01-2345-6789abcdef01",
      "name": "Send Emergency SMS to Tenant",
      "type": "n8n-nodes-base.gmail",
      "typeVersion": 2.1,
      "position": [
        900,
        250
      ]
    },
    {
      "parameters": {
        "resource": "email",
        "operation": "send",
        "toEmail": "emergency-vendors@maintenancecompany.com",
        "subject": "URGENT DISPATCH: {{ $json.result.emergencyDetails.issueCategory.toUpperCase() }} Emergency at {{ $json.propertyAddress }}",
        "emailType": "html",
        "message": "<!DOCTYPE html>\\n<html>\\n<head>\\n    <style>\\n        body { font-family: Arial, sans-serif; margin: 0; padding: 20px; background: #f4f4f4; }\\n        .container { background: white; padding: 30px; border-radius: 10px; box-shadow: 0 4px 10px rgba(0,0,0,0.1); }\\n        .emergency-header { background: #dc3545; color: white; padding: 20px; text-align: center; border-radius: 8px; margin-bottom: 20px; }\\n        .detail-grid { display: grid; grid-template-columns: 1fr 1fr; gap: 20px; margin: 20px 0; }\\n        .detail-box { background: #f8f9fa; padding: 15px; border-radius: 8px; border-left: 4px solid #dc3545; }\\n        .urgent { background: #fff3cd; border: 1px solid #ffc107; padding: 15px; border-radius: 8px; margin: 15px 0; }\\n    </style>\\n</head>\\n<body>\\n    <div class=\\\"container\\\">\\n        <div class=\\\"emergency-header\\\">\\n            <h1>🚨 EMERGENCY DISPATCH REQUIRED</h1>\\n            <h2>{{ $json.result.emergencyDetails.issueCategory.toUpperCase() }} Emergency</h2>\\n        </div>\\n        \\n        <div class=\\\"detail-grid\\\">\\n            <div class=\\\"detail-box\\\">\\n                <h4>Property Location</h4>\\n                <p><strong>Address:</strong> {{ $json.propertyAddress }}</p>\\n                {{ if $json.unitNumber !== 'N/A' }}\\n                <p><strong>Unit:</strong> {{ $json.unitNumber }}</p>\\n                {{ /if }}\\n            </div>\\n            <div class=\\\"detail-box\\\">\\n                <h4>Contact Information</h4>\\n                <p><strong>Tenant:</strong> {{ $json.result.emergencyDetails.tenantName }}</p>\\n                <p><strong>Phone:</strong> {{ $json.result.emergencyDetails.tenantContact }}</p>\\n            </div>\\n            <div class=\\\"detail-box\\\">\\n                <h4>Emergency Details</h4>\\n                <p><strong>Issue:</strong> {{ $json.result.emergencyDetails.issueDescription }}</p>\\n                <p><strong>Urgency:</strong> {{ $json.result.emergencyDetails.urgencyLevel.toUpperCase() }}</p>\\n            </div>\\n            <div class=\\\"detail-box\\\">\\n                <h4>Response Requirements</h4>\\n                <p><strong>Response Time:</strong> {{ $json.result.emergencyDetails.responseTime }}</p>\\n                <p><strong>Est. Cost:</strong> ${{ $json.result.emergencyDetails.estimatedCost }}</p>\\n            </div>\\n        </div>\\n        \\n        <div class=\\\"urgent\\\">\\n            <h3>🔧 Vendor Assignment</h3>\\n            <p><strong>Primary Vendor:</strong> {{ $json.result.vendorDispatch.primaryVendor.name }}</p>\\n            <p><strong>Phone:</strong> {{ $json.result.vendorDispatch.primaryVendor.phone }}</p>\\n            <p><strong>Expected Arrival:</strong> {{ new Date($json.result.vendorDispatch.estimatedArrival).toLocaleString() }}</p>\\n        </div>\\n        \\n        <div class=\\\"urgent\\\">\\n            <h3>📋 Required Actions</h3>\\n            <ul>\\n                {{ $json.result.immediateActions.map(action => `\\n                    <li><strong>${action.action}</strong> - ${action.timing}</li>\\n                `).join('') }}\\n            </ul>\\n        </div>\\n        \\n        <div style=\\\"background: #e8f5e8; border: 1px solid #28a745; padding: 15px; border-radius: 8px; margin-top: 20px;\\\">\\n            <h3>📞 Communication Protocol</h3>\\n            <p>{{ $json.result.communicationPlan.vendorInstructions.specialInstructions }}</p>\\n            <p><strong>Access:</strong> {{ $json.result.communicationPlan.vendorInstructions.accessInformation }}</p>\\n            <p><strong>Reporting:</strong> {{ $json.result.communicationPlan.vendorInstructions.reportingRequirements }}</p>\\n        </div>\\n        \\n        <p><strong>Work Order ID:</strong> {{ $json.workOrderId }}</p>\\n    </div>\\n</body>\\n</html>",
        "options": {
          "priority": "high"
        }
      },
      "id": "a7b8c9d0-bcde-f012-3456-789abcdef012",
      "name": "Dispatch Emergency Vendor",
      "type": "n8n-nodes-base.gmail",
      "typeVersion": 2.1,
      "position": [
        900,
        350
      ]
    },
    {
      "parameters": {
        "resource": "email",
        "operation": "send",
        "toEmail": "landlord@property.com",
        "subject": "Emergency Repair Notice: {{ $json.propertyAddress }}",
        "emailType": "html",
        "message": "{{ $json.result.communicationPlan.landlordNotification.message }}",
        "options": {
          "priority": "high"
        }
      },
      "id": "b8c9d0e1-cdef-0123-4567-89abcdef0123",
      "name": "Notify Landlord",
      "type": "n8n-nodes-base.gmail",
      "typeVersion": 2.1,
      "position": [
        900,
        450
      ]
    },
    {
      "parameters": {
        "authentication": "oAuth2",
        "resource": "sheet",
        "operation": "appendOrUpdate",
        "documentId": {
          "__rl": true,
          "value": "YOUR_GOOGLE_SHEET_ID",
          "mode": "id"
        },
        "sheetName": {
          "__rl": true,
          "value": "gid=18",
          "mode": "id"
        },
        "columns": {
          "mappingMode": "defineBelow",
          "value": {
            "work_order_id": "={{ $json.workOrderId }}",
            "request_type": "={{ $json.requestType }}",
            "property_id": "={{ $json.propertyId }}",
            "property_address": "={{ $json.propertyAddress }}",
            "unit_number": "={{ $json.unitNumber }}",
            "created_date": "={{ $json.createdDate }}",
            "status": "={{ $json.status }}",
            "issue_category": "={{ $json.result.emergencyDetails?.issueCategory || $json.result.workOrder?.maintenanceType || '' }}",
            "urgency_level": "={{ $json.result.emergencyDetails?.urgencyLevel || 'normal' }}",
            "estimated_cost": "={{ $json.result.emergencyDetails?.estimatedCost || $json.result.workOrder?.estimatedCost || 0 }}",
            "vendor_assigned": "={{ $json.result.vendorDispatch?.primaryVendor?.name || $json.result.vendorAssignment?.primaryVendor?.name || '' }}",
            "response_time": "={{ $json.result.emergencyDetails?.responseTime || $json.result.maintenanceSchedule?.duration || '' }}",
            "tenant_contact": "={{ $json.result.emergencyDetails?.tenantContact || $json.result.workOrder?.tenantName || '' }}",
            "last_updated": "={{ $json.createdDate }}"
          },
          "matchingColumns": [
            "work_order_id"
          ]
        },
        "options": {}
      },
      "id": "c9d0e1f2-def0-1234-5678-9abcdef01234",
      "name": "Log Maintenance Request",
      "type": "n8n-nodes-base.googleSheets",
      "typeVersion": 4.2,
      "position": [
        680,
        500
      ]
    },
    {
      "parameters": {
        "conditions": {
          "options": {
            "caseSensitive": true,
            "leftValue": "",
            "typeValidation": "strict"
          },
          "conditions": [
            {
              "id": "b2c3d4e5-1234-5678-9abc-123456789abc",
              "leftValue": "={{ $json.requestType }}",
              "rightValue": "routine_maintenance",
              "operator": {
                "type": "string",
                "operation": "equals"
              }
            }
          ],
          "combinator": "or"
        },
        "options": {}
      },
      "id": "d0e1f2a3-ef01-2345-6789-abcdef012345",
      "name": "Check if Routine",
      "type": "n8n-nodes-base.if",
      "typeVersion": 2,
      "position": [
        680,
        400
      ]
    },
    {
      "parameters": {
        "resource": "email",
        "operation": "send",
        "toEmail": "={{ $json.result.workOrder.tenantName.toLowerCase().replace(' ', '.') }}@email.com",
        "subject": "Maintenance Scheduled: {{ $json.propertyAddress }}",
        "emailType": "html",
        "message": "<!DOCTYPE html>\\n<html>\\n<head>\\n    <style>\\n        body { font-family: Arial, sans-serif; margin: 0; padding: 20px; background: #f4f4f4; }\\n        .container { background: white; padding: 30px; border-radius: 10px; box-shadow: 0 4px 10px rgba(0,0,0,0.1); }\\n        .header { background: #007bff; color: white; padding: 20px; text-align: center; border-radius: 8px; margin-bottom: 20px; }\\n        .schedule-box { background: #e8f5e8; border: 1px solid #28a745; padding: 20px; border-radius: 8px; margin: 20px 0; }\\n        .info-grid { display: grid; grid-template-columns: 1fr 1fr; gap: 20px; margin: 20px 0; }\\n        .info-box { background: #f8f9fa; padding: 15px; border-radius: 8px; }\\n    </style>\\n</head>\\n<body>\\n    <div class=\\\"container\\\">\\n        <div class=\\\"header\\\">\\n            <h1>🔧 Maintenance Scheduled</h1>\\n            <h2>{{ $json.propertyAddress }}</h2>\\n        </div>\\n        \\n        <div class=\\\"schedule-box\\\">\\n            <h3>📅 Appointment Details</h3>\\n            <p><strong>Date:</strong> {{ new Date($json.result.maintenanceSchedule.scheduledDate).toLocaleDateString() }}</p>\\n            <p><strong>Time:</strong> {{ $json.result.maintenanceSchedule.timeSlot }}</p>\\n            <p><strong>Duration:</strong> {{ $json.result.maintenanceSchedule.duration }}</p>\\n            <p><strong>Type:</strong> {{ $json.result.workOrder.maintenanceType }}</p>\\n        </div>\\n        \\n        <div class=\\\"info-grid\\\">\\n            <div class=\\\"info-box\\\">\\n                <h4>Service Provider</h4>\\n                <p><strong>Company:</strong> {{ $json.result.vendorAssignment.primaryVendor.name }}</p>\\n                <p><strong>Contact:</strong> {{ $json.result.vendorAssignment.primaryVendor.phone }}</p>\\n            </div>\\n            <div class=\\\"info-box\\\">\\n                <h4>Work Details</h4>\\n                <p><strong>Description:</strong> {{ $json.result.workOrder.description }}</p>\\n                <p><strong>Estimated Cost:</strong> ${{ $json.result.workOrder.estimatedCost }}</p>\\n            </div>\\n        </div>\\n        \\n        <div style=\\\"background: #fff3cd; border: 1px solid #ffc107; padding: 15px; border-radius: 8px; margin: 20px 0;\\\">\\n            <h3>📋 Important Notes</h3>\\n            <ul>\\n                <li>The service provider will call you 24 hours before the appointment</li>\\n                <li>Please ensure access to the property during the scheduled time</li>\\n                <li>You can reschedule with 24-hour notice if needed</li>\\n                <li>A satisfaction survey will be sent after completion</li>\\n            </ul>\\n        </div>\\n        \\n        <div style=\\\"text-align: center; margin: 30px 0;\\\">\\n            <p>Questions? Contact your property manager or reply to this email.</p>\\n        </div>\\n        \\n        <p><strong>Work Order ID:</strong> {{ $json.workOrderId }}</p>\\n    </div>\\n</body>\\n</html>",
        "options": {}
      },
      "id": "e1f2a3b4-f012-3456-789a-bcdef0123456",
      "name": "Send Maintenance Confirmation to Tenant",
      "type": "n8n-nodes-base.gmail",
      "typeVersion": 2.1,
      "position": [
        900,
        400
      ]
    },
    {
      "parameters": {
        "resource": "email",
        "operation": "send",
        "toEmail": "vendor@maintenancecompany.com",
        "subject": "Work Order Assignment: {{ $json.workOrderId }}",
        "emailType": "html",
        "message": "<!DOCTYPE html>\\n<html>\\n<head>\\n    <style>\\n        body { font-family: Arial, sans-serif; margin: 0; padding: 20px; background: #f4f4f4; }\\n        .container { background: white; padding: 30px; border-radius: 10px; box-shadow: 0 4px 10px rgba(0,0,0,0.1); }\\n        .header { background: #28a745; color: white; padding: 20px; text-align: center; border-radius: 8px; margin-bottom: 20px; }\\n        .work-details { background: #f8f9fa; padding: 20px; border-radius: 8px; margin: 15px 0; }\\n    </style>\\n</head>\\n<body>\\n    <div class=\\\"container\\\">\\n        <div class=\\\"header\\\">\\n            <h1>🔧 New Work Order Assignment</h1>\\n            <h2>Work Order #{{ $json.workOrderId }}</h2>\\n        </div>\\n        \\n        <div class=\\\"work-details\\\">\\n            <h3>Property Information</h3>\\n            <p><strong>Address:</strong> {{ $json.propertyAddress }}</p>\\n            {{ if $json.unitNumber !== 'N/A' }}\\n            <p><strong>Unit:</strong> {{ $json.unitNumber }}</p>\\n            {{ /if }}\\n            <p><strong>Tenant:</strong> {{ $json.result.workOrder.tenantName }}</p>\\n        </div>\\n        \\n        <div class=\\\"work-details\\\">\\n            <h3>Work Details</h3>\\n            <p><strong>Type:</strong> {{ $json.result.workOrder.maintenanceType }}</p>\\n            <p><strong>Description:</strong> {{ $json.result.workOrder.description }}</p>\\n            <p><strong>Scheduled Date:</strong> {{ new Date($json.result.workOrder.scheduledDate).toLocaleDateString() }}</p>\\n            <p><strong>Duration:</strong> {{ $json.result.workOrder.estimatedDuration }}</p>\\n        </div>\\n        \\n        <div class=\\\"work-details\\\">\\n            <h3>Budget & Materials</h3>\\n            <p><strong>Estimated Cost:</strong> ${{ $json.result.workOrder.estimatedCost }}</p>\\n            <p><strong>Budget Limit:</strong> ${{ $json.result.workOrder.budgetLimit }}</p>\\n            {{ if $json.result.materialRequirements }}\\n            <p><strong>Materials:</strong> {{ $json.result.materialRequirements.description || 'Standard materials required' }}</p>\\n            {{ /if }}\\n        </div>\\n        \\n        <div style=\\\"background: #e8f5e8; border: 1px solid #28a745; padding: 15px; border-radius: 8px; margin: 20px 0;\\\">\\n            <h3>📋 Instructions</h3>\\n            <ul>\\n                <li>Contact tenant 24 hours before appointment</li>\\n                <li>Provide photo documentation of work</li>\\n                <li>Submit completion report with final costs</li>\\n                <li>Follow up on any warranty requirements</li>\\n            </ul>\\n        </div>\\n    </div>\\n</body>\\n</html>",
        "options": {}
      },
      "id": "f2a3b4c5-0123-4567-89ab-cdef01234567",
      "name": "Send Work Order to Vendor",
      "type": "n8n-nodes-base.gmail",
      "typeVersion": 2.1,
      "position": [
        900,
        550
      ]
    },
    {
      "parameters": {
        "resource": "email",
        "operation": "send",
        "toEmail": "property.manager@company.com",
        "subject": "Maintenance Request Processed: {{ $json.workOrderId }}",
        "emailType": "html",
        "message": "<!DOCTYPE html>\\n<html>\\n<head>\\n    <style>\\n        body { font-family: Arial, sans-serif; margin: 0; padding: 20px; background: #f4f4f4; }\\n        .container { background: white; padding: 30px; border-radius: 10px; box-shadow: 0 4px 10px rgba(0,0,0,0.1); }\\n        .header { background: #007bff; color: white; padding: 20px; text-align: center; border-radius: 8px; margin-bottom: 20px; }\\n        .summary-grid { display: grid; grid-template-columns: 1fr 1fr 1fr; gap: 20px; margin: 20px 0; }\\n        .summary-box { background: #f8f9fa; padding: 15px; border-radius: 8px; text-align: center; }\\n    </style>\\n</head>\\n<body>\\n    <div class=\\\"container\\\">\\n        <div class=\\\"header\\\">\\n            <h1>📊 Maintenance Request Summary</h1>\\n            <h2>Work Order #{{ $json.workOrderId }}</h2>\\n        </div>\\n        \\n        <div class=\\\"summary-grid\\\">\\n            <div class=\\\"summary-box\\\">\\n                <h4>Request Type</h4>\\n                <p>{{ $json.requestType.replace('_', ' ').toUpperCase() }}</p>\\n            </div>\\n            <div class=\\\"summary-box\\\">\\n                <h4>Status</h4>\\n                <p>{{ $json.status.toUpperCase() }}</p>\\n            </div>\\n            <div class=\\\"summary-box\\\">\\n                <h4>Priority</h4>\\n                <p>{{ $json.result.emergencyDetails?.urgencyLevel?.toUpperCase() || 'ROUTINE' }}</p>\\n            </div>\\n        </div>\\n        \\n        <div style=\\\"background: #f8f9fa; padding: 20px; border-radius: 8px; margin: 20px 0;\\\">\\n            <h3>Property Details</h3>\\n            <p><strong>Address:</strong> {{ $json.propertyAddress }}</p>\\n            {{ if $json.unitNumber !== 'N/A' }}\\n            <p><strong>Unit:</strong> {{ $json.unitNumber }}</p>\\n            {{ /if }}\\n            <p><strong>Request Date:</strong> {{ new Date($json.createdDate).toLocaleString() }}</p>\\n        </div>\\n        \\n        {{ if $json.requestType === 'emergency_repair' }}\\n        <div style=\\\"background: #fff3cd; border: 1px solid #ffc107; padding: 15px; border-radius: 8px; margin: 20px 0;\\\">\\n            <h3>🚨 Emergency Response</h3>\\n            <p><strong>Vendor Dispatched:</strong> {{ $json.result.vendorDispatch.primaryVendor.name }}</p>\\n            <p><strong>ETA:</strong> {{ new Date($json.result.vendorDispatch.estimatedArrival).toLocaleString() }}</p>\\n            <p><strong>Estimated Cost:</strong> ${{ $json.result.emergencyDetails.estimatedCost }}</p>\\n        </div>\\n        {{ /if }}\\n        \\n        {{ if $json.requestType === 'routine_maintenance' }}\\n        <div style=\\\"background: #e8f5e8; border: 1px solid #28a745; padding: 15px; border-radius: 8px; margin: 20px 0;\\\">\\n            <h3>📅 Scheduled Maintenance</h3>\\n            <p><strong>Vendor:</strong> {{ $json.result.vendorAssignment.primaryVendor.name }}</p>\\n            <p><strong>Scheduled:</strong> {{ new Date($json.result.maintenanceSchedule.scheduledDate).toLocaleString() }}</p>\\n            <p><strong>Duration:</strong> {{ $json.result.maintenanceSchedule.duration }}</p>\\n        </div>\\n        {{ /if }}\\n        \\n        <div style=\\\"background: #e8f5e8; border: 1px solid #28a745; padding: 15px; border-radius: 8px; margin-top: 20px;\\\">\\n            <h3>Next Steps</h3>\\n            <ul>\\n                <li>Monitor work order progress</li>\\n                <li>Follow up on completion</li>\\n                <li>Process invoicing when complete</li>\\n                <li>Collect tenant feedback</li>\\n            </ul>\\n        </div>\\n    </div>\\n</body>\\n</html>",
        "options": {}
      },
      "id": "a3b4c5d6-1234-5678-9abc-def012345678",
      "name": "Notify Property Manager",
      "type": "n8n-nodes-base.gmail",
      "typeVersion": 2.1,
      "position": [
        900,
        650
      ]
    }
  ]
}
