{
  "name": "Tenant Screening & Application Management System",
  "nodes": [
    {
      "parameters": {
        "httpMethod": "POST",
        "path": "tenant-application",
        "responseMode": "responseNode",
        "options": {}
      },
      "id": "a1b2c3d4-5678-9abc-def0-123456789abc",
      "name": "Tenant Application Trigger",
      "type": "n8n-nodes-base.webhook",
      "typeVersion": 1,
      "position": [
        240,
        300
      ],
      "webhookId": "tenant-application-webhook"
    },
    {
      "parameters": {
        "rule": {
          "interval": [
            {
              "field": "cronExpression",
              "expression": "0 9 * * *"
            }
          ]
        }
      },
      "id": "b2c3d4e5-6789-abcd-ef01-23456789abcd",
      "name": "Daily Application Processing",
      "type": "n8n-nodes-base.cron",
      "typeVersion": 1,
      "position": [
        240,
        500
      ]
    },
    {
      "parameters": {
        "rule": {
          "interval": [
            {
              "field": "cronExpression",
              "expression": "0 17 * * *"
            }
          ]
        }
      },
      "id": "c3d4e5f6-789a-bcde-f012-3456789abcde",
      "name": "End of Day Application Review",
      "type": "n8n-nodes-base.cron",
      "typeVersion": 1,
      "position": [
        240,
        700
      ]
    },
    {
      "parameters": {
        "jsCode": "// Tenant Screening & Application Management System\nconst applicationData = $input.first().json;\n\n// Generate unique application ID\nconst applicationId = `app_${Date.now()}_${Math.random().toString(36).substr(2, 9)}`;\n\n// Process tenant application\nconst screeningResult = await processTenantApplication(applicationData);\n\nasync function processTenantApplication(application) {\n  const {\n    application_type,\n    property_id,\n    property_address,\n    unit_number,\n    rental_price,\n    applicant_first_name,\n    applicant_last_name,\n    applicant_email,\n    applicant_phone,\n    date_of_birth,\n    social_security_number,\n    current_address,\n    employment_status,\n    employer_name,\n    monthly_income,\n    employment_duration,\n    previous_rental_history,\n    references,\n    emergency_contact,\n    desired_move_date,\n    lease_term_preference,\n    pets,\n    criminal_background_consent,\n    credit_check_consent,\n    additional_occupants,\n    application_fee_paid,\n    documents_uploaded\n  } = application;\n  \n  let result = {};\n  \n  switch (application_type) {\n    case 'new_application':\n      result = await processNewApplication(application);\n      break;\n    case 'application_review':\n      result = await reviewApplications(application);\n      break;\n    case 'background_check':\n      result = await performBackgroundCheck(application);\n      break;\n    case 'credit_screening':\n      result = await performCreditScreening(application);\n      break;\n    case 'reference_verification':\n      result = await verifyReferences(application);\n      break;\n    case 'application_approval':\n      result = await processApplicationApproval(application);\n      break;\n    case 'application_denial':\n      result = await processApplicationDenial(application);\n      break;\n    case 'lease_preparation':\n      result = await prepareLeaseDocuments(application);\n      break;\n    default:\n      result = await processGeneralApplication(application);\n  }\n  \n  return {\n    applicationId,\n    applicationType: application_type,\n    propertyId: property_id,\n    propertyAddress: property_address,\n    unitNumber: unit_number,\n    applicantName: `${applicant_first_name} ${applicant_last_name}`,\n    applicantEmail: applicant_email,\n    submissionDate: new Date().toISOString(),\n    status: 'submitted',\n    result\n  };\n}\n\nasync function processNewApplication(application) {\n  const {\n    property_address,\n    unit_number,\n    rental_price,\n    applicant_first_name,\n    applicant_last_name,\n    applicant_email,\n    applicant_phone,\n    monthly_income,\n    employment_status,\n    employer_name,\n    desired_move_date,\n    pets,\n    additional_occupants,\n    application_fee_paid,\n    documents_uploaded\n  } = application;\n  \n  // Perform initial qualification screening\n  const initialScreening = await performInitialScreening(application);\n  \n  // Calculate income qualification\n  const incomeQualification = calculateIncomeQualification(monthly_income, rental_price);\n  \n  // Generate application checklist\n  const applicationChecklist = generateApplicationChecklist(application);\n  \n  // Create screening timeline\n  const screeningTimeline = createScreeningTimeline();\n  \n  return {\n    applicationSummary: {\n      propertyAddress: property_address,\n      unitNumber: unit_number || 'N/A',\n      monthlyRent: parseFloat(rental_price) || 0,\n      applicantName: `${applicant_first_name} ${applicant_last_name}`,\n      applicantContact: {\n        email: applicant_email,\n        phone: applicant_phone\n      },\n      desiredMoveDate: desired_move_date,\n      applicationFeeStatus: application_fee_paid ? 'Paid' : 'Pending',\n      documentsStatus: documents_uploaded ? 'Complete' : 'Incomplete'\n    },\n    \n    initialScreening: {\n      incomeQualification: incomeQualification,\n      employmentStatus: employment_status,\n      employer: employer_name,\n      qualificationScore: initialScreening.score,\n      qualificationStatus: initialScreening.status,\n      concerns: initialScreening.concerns,\n      strengths: initialScreening.strengths\n    },\n    \n    requiredScreenings: {\n      creditCheck: {\n        required: true,\n        status: 'pending',\n        estimatedCompletion: '1-2 business days',\n        cost: 35\n      },\n      \n      backgroundCheck: {\n        required: true,\n        status: 'pending',\n        estimatedCompletion: '2-3 business days',\n        cost: 25\n      },\n      \n      employmentVerification: {\n        required: true,\n        status: 'pending',\n        estimatedCompletion: '1-2 business days',\n        cost: 0\n      },\n      \n      referenceCheck: {\n        required: true,\n        status: 'pending',\n        estimatedCompletion: '1-3 business days',\n        cost: 0\n      },\n      \n      incomeVerification: {\n        required: true,\n        status: 'pending',\n        estimatedCompletion: '1-2 business days',\n        cost: 0\n      }\n    },\n    \n    applicationChecklist: applicationChecklist,\n    \n    screeningTimeline: screeningTimeline,\n    \n    nextSteps: [\n      {\n        step: 'Document review and validation',\n        responsible: 'Property Manager',\n        timing: 'Within 24 hours',\n        status: 'pending'\n      },\n      {\n        step: 'Credit and background check initiation',\n        responsible: 'Screening Service',\n        timing: 'Upon document approval',\n        status: 'waiting'\n      },\n      {\n        step: 'Employment and reference verification',\n        responsible: 'Property Manager',\n        timing: 'Concurrent with background checks',\n        status: 'waiting'\n      },\n      {\n        step: 'Application review and decision',\n        responsible: 'Property Owner/Manager',\n        timing: 'Upon completion of all checks',\n        status: 'waiting'\n      }\n    ],\n    \n    communicationPlan: {\n      applicantNotification: {\n        acknowledgment: 'Application received confirmation sent',\n        statusUpdates: 'Daily progress updates via email',\n        timeline: 'Expected decision within 3-5 business days'\n      },\n      \n      propertyManagerNotification: {\n        newApplication: 'Immediate notification of new application',\n        dailyDigest: 'Daily summary of pending applications',\n        urgentIssues: 'Immediate alerts for qualification concerns'\n      },\n      \n      ownerNotification: {\n        qualifiedApplicants: 'Notification when applicant passes all screenings',\n        recommendations: 'Application recommendation with full report',\n        finalDecision: 'Approval/denial notification for processing'\n      }\n    },\n    \n    qualificationCriteria: {\n      minimumIncome: parseFloat(rental_price) * 3,\n      maximumDebtToIncome: 0.4,\n      minimumCreditScore: 650,\n      maximumEvictions: 0,\n      backgroundCheckRequired: true,\n      employmentRequired: true,\n      referencesRequired: 2\n    },\n    \n    complianceChecks: {\n      fairHousingCompliance: 'All screening criteria applied consistently',\n      consentDocumentation: 'Written consent obtained for all checks',\n      dataProtection: 'Personal information handled per privacy laws',\n      adverseActionNotice: 'Prepared if application denied based on screening'\n    }\n  };\n}\n\nfunction calculateIncomeQualification(monthlyIncome, rentalPrice) {\n  const income = parseFloat(monthlyIncome) || 0;\n  const rent = parseFloat(rentalPrice) || 0;\n  const requiredIncome = rent * 3;\n  const incomeRatio = income / rent;\n  \n  let qualification = {\n    monthlyIncome: income,\n    monthlyRent: rent,\n    requiredIncome: requiredIncome,\n    incomeRatio: incomeRatio,\n    meetsRequirement: income >= requiredIncome,\n    qualificationPercentage: Math.round((income / requiredIncome) * 100)\n  };\n  \n  if (incomeRatio >= 3) {\n    qualification.status = 'qualified';\n    qualification.message = 'Income meets standard qualification requirements';\n  } else if (incomeRatio >= 2.5) {\n    qualification.status = 'conditional';\n    qualification.message = 'Income slightly below standard - may require additional security deposit';\n  } else {\n    qualification.status = 'unqualified';\n    qualification.message = 'Income does not meet minimum requirements';\n  }\n  \n  return qualification;\n}\n\nasync function performInitialScreening(application) {\n  const {\n    monthly_income,\n    rental_price,\n    employment_status,\n    employment_duration,\n    pets,\n    additional_occupants,\n    application_fee_paid,\n    documents_uploaded\n  } = application;\n  \n  let score = 0;\n  let concerns = [];\n  let strengths = [];\n  \n  // Income scoring\n  const incomeRatio = parseFloat(monthly_income) / parseFloat(rental_price);\n  if (incomeRatio >= 3) {\n    score += 25;\n    strengths.push('Strong income qualification');\n  } else if (incomeRatio >= 2.5) {\n    score += 15;\n    concerns.push('Income slightly below standard requirement');\n  } else {\n    score += 0;\n    concerns.push('Income does not meet minimum requirements');\n  }\n  \n  // Employment scoring\n  if (employment_status === 'full_time') {\n    score += 20;\n    strengths.push('Stable full-time employment');\n  } else if (employment_status === 'part_time') {\n    score += 10;\n    concerns.push('Part-time employment - verify income stability');\n  } else if (employment_status === 'self_employed') {\n    score += 15;\n    concerns.push('Self-employed - requires additional income verification');\n  } else {\n    score += 0;\n    concerns.push('Unstable or no employment');\n  }\n  \n  // Employment duration\n  const empDuration = parseInt(employment_duration) || 0;\n  if (empDuration >= 24) {\n    score += 15;\n    strengths.push('Long-term employment history');\n  } else if (empDuration >= 12) {\n    score += 10;\n  } else if (empDuration >= 6) {\n    score += 5;\n    concerns.push('Short employment history');\n  } else {\n    score += 0;\n    concerns.push('Very short or no employment history');\n  }\n  \n  // Application completeness\n  if (application_fee_paid) {\n    score += 10;\n    strengths.push('Application fee paid');\n  } else {\n    concerns.push('Application fee not yet paid');\n  }\n  \n  if (documents_uploaded) {\n    score += 10;\n    strengths.push('All required documents provided');\n  } else {\n    concerns.push('Missing required documentation');\n  }\n  \n  // Additional factors\n  if (pets) {\n    concerns.push('Has pets - verify pet policy compliance');\n  }\n  \n  if (additional_occupants && additional_occupants.length > 0) {\n    concerns.push(`Additional occupants: ${additional_occupants.length} - verify occupancy limits`);\n  }\n  \n  // Determine status\n  let status;\n  if (score >= 70) {\n    status = 'strong_candidate';\n  } else if (score >= 50) {\n    status = 'qualified_with_conditions';\n  } else if (score >= 30) {\n    status = 'marginal_candidate';\n  } else {\n    status = 'high_risk';\n  }\n  \n  return {\n    score,\n    status,\n    concerns,\n    strengths,\n    recommendation: generateRecommendation(score, status, concerns, strengths)\n  };\n}\n\nfunction generateApplicationChecklist(application) {\n  const baseRequirements = [\n    {\n      item: 'Completed application form',\n      status: 'complete',\n      required: true\n    },\n    {\n      item: 'Application fee payment',\n      status: application.application_fee_paid ? 'complete' : 'pending',\n      required: true\n    },\n    {\n      item: 'Government-issued photo ID',\n      status: application.documents_uploaded ? 'complete' : 'pending',\n      required: true\n    },\n    {\n      item: 'Proof of income (pay stubs, bank statements)',\n      status: application.documents_uploaded ? 'complete' : 'pending',\n      required: true\n    },\n    {\n      item: 'Employment verification letter',\n      status: 'pending',\n      required: true\n    },\n    {\n      item: 'Previous rental references',\n      status: application.previous_rental_history ? 'complete' : 'pending',\n      required: true\n    },\n    {\n      item: 'Emergency contact information',\n      status: application.emergency_contact ? 'complete' : 'pending',\n      required: true\n    },\n    {\n      item: 'Credit check authorization',\n      status: application.credit_check_consent ? 'complete' : 'pending',\n      required: true\n    },\n    {\n      item: 'Background check authorization',\n      status: application.criminal_background_consent ? 'complete' : 'pending',\n      required: true\n    }\n  ];\n  \n  // Add conditional requirements\n  if (application.pets) {\n    baseRequirements.push({\n      item: 'Pet information and vaccination records',\n      status: 'pending',\n      required: true\n    });\n  }\n  \n  if (application.additional_occupants && application.additional_occupants.length > 0) {\n    baseRequirements.push({\n      item: 'Additional occupant information and screening',\n      status: 'pending',\n      required: true\n    });\n  }\n  \n  if (application.employment_status === 'self_employed') {\n    baseRequirements.push({\n      item: 'Tax returns and business income verification',\n      status: 'pending',\n      required: true\n    });\n  }\n  \n  const completedItems = baseRequirements.filter(item => item.status === 'complete').length;\n  const totalItems = baseRequirements.length;\n  const completionPercentage = Math.round((completedItems / totalItems) * 100);\n  \n  return {\n    items: baseRequirements,\n    completedItems,\n    totalItems,\n    completionPercentage,\n    allComplete: completedItems === totalItems\n  };\n}\n\nfunction createScreeningTimeline() {\n  const now = new Date();\n  \n  return {\n    applicationSubmitted: {\n      date: now.toISOString(),\n      status: 'complete',\n      description: 'Application received and initial review completed'\n    },\n    \n    documentReview: {\n      date: addBusinessDays(now, 1).toISOString(),\n      status: 'pending',\n      description: 'Document verification and completeness check'\n    },\n    \n    screeningInitiation: {\n      date: addBusinessDays(now, 1).toISOString(),\n      status: 'pending',\n      description: 'Credit and background checks initiated'\n    },\n    \n    verificationCalls: {\n      date: addBusinessDays(now, 2).toISOString(),\n      status: 'pending',\n      description: 'Employment and reference verification calls'\n    },\n    \n    screeningCompletion: {\n      date: addBusinessDays(now, 3).toISOString(),\n      status: 'pending',\n      description: 'All screening reports received and reviewed'\n    },\n    \n    applicationDecision: {\n      date: addBusinessDays(now, 4).toISOString(),\n      status: 'pending',\n      description: 'Final application decision and notification'\n    },\n    \n    leasePreparation: {\n      date: addBusinessDays(now, 5).toISOString(),\n      status: 'pending',\n      description: 'Lease documents prepared (if approved)'\n    }\n  };\n}\n\nfunction generateRecommendation(score, status, concerns, strengths) {\n  let recommendation = {\n    score,\n    status,\n    summary: '',\n    action: '',\n    conditions: []\n  };\n  \n  switch (status) {\n    case 'strong_candidate':\n      recommendation.summary = 'Excellent candidate with strong qualifications';\n      recommendation.action = 'Recommend approval pending successful screening results';\n      break;\n      \n    case 'qualified_with_conditions':\n      recommendation.summary = 'Good candidate with minor concerns';\n      recommendation.action = 'Recommend conditional approval with additional requirements';\n      recommendation.conditions = ['Additional security deposit may be required', 'Verify all income sources'];\n      break;\n      \n    case 'marginal_candidate':\n      recommendation.summary = 'Marginal candidate requiring careful evaluation';\n      recommendation.action = 'Proceed with caution - thorough screening essential';\n      recommendation.conditions = ['Require co-signer or guarantor', 'Additional security deposit required', 'Shorter lease term consideration'];\n      break;\n      \n    case 'high_risk':\n      recommendation.summary = 'High-risk candidate with significant concerns';\n      recommendation.action = 'Not recommended unless exceptional circumstances';\n      recommendation.conditions = ['Requires substantial additional security', 'Co-signer mandatory', 'Consider alternative arrangements'];\n      break;\n  }\n  \n  return recommendation;\n}\n\n// Helper functions\nfunction addBusinessDays(date, days) {\n  const result = new Date(date);\n  let addedDays = 0;\n  \n  while (addedDays < days) {\n    result.setDate(result.getDate() + 1);\n    if (result.getDay() !== 0 && result.getDay() !== 6) { // Not weekend\n      addedDays++;\n    }\n  }\n  \n  return result;\n}\n\nreturn [{ json: screeningResult }];"
      },
      "id": "d4e5f6a7-89ab-cdef-0123-456789abcdef",
      "name": "Process Tenant Application",
      "type": "n8n-nodes-base.code",
      "typeVersion": 2,
      "position": [
        460,
        300
      ]
    },
    {
      "parameters": {
        "conditions": {
          "options": {
            "caseSensitive": true,
            "leftValue": "",
            "typeValidation": "strict"
          },
          "conditions": [
            {
              "id": "a1b2c3d4-1234-5678-9abc-123456789abc",
              "leftValue": "={{ $json.result.initialScreening.qualificationStatus }}",
              "rightValue": "strong_candidate",
              "operator": {
                "type": "string",
                "operation": "equals"
              }
            },
            {
              "id": "b2c3d4e5-2345-6789-abcd-123456789abc",
              "leftValue": "={{ $json.result.initialScreening.qualificationStatus }}",
              "rightValue": "qualified_with_conditions",
              "operator": {
                "type": "string",
                "operation": "equals"
              }
            }
          ],
          "combinator": "or"
        },
        "options": {}
      },
      "id": "e5f6a7b8-9abc-def0-1234-56789abcdef0",
      "name": "Check Qualification Status",
      "type": "n8n-nodes-base.if",
      "typeVersion": 2,
      "position": [
        680,
        300
      ]
    },
    {
      "parameters": {
        "resource": "email",
        "operation": "send",
        "toEmail": "={{ $json.applicantEmail }}",
        "subject": "Application Received - {{ $json.propertyAddress }}{{ $json.unitNumber !== 'N/A' ? ' Unit ' + $json.unitNumber : '' }}",
        "emailType": "html",
        "message": "<!DOCTYPE html>\\n<html>\\n<head>\\n    <style>\\n        body { font-family: Arial, sans-serif; margin: 0; padding: 20px; background: #f4f4f4; }\\n        .container { background: white; padding: 30px; border-radius: 10px; box-shadow: 0 4px 10px rgba(0,0,0,0.1); }\\n        .header { background: #28a745; color: white; padding: 20px; text-align: center; border-radius: 8px; margin-bottom: 20px; }\\n        .status-box { background: #e8f5e8; border: 1px solid #28a745; padding: 20px; border-radius: 8px; margin: 20px 0; }\\n        .timeline { background: #f8f9fa; padding: 20px; border-radius: 8px; margin: 20px 0; }\\n        .checklist { background: #fff3cd; border: 1px solid #ffc107; padding: 20px; border-radius: 8px; margin: 20px 0; }\\n    </style>\\n</head>\\n<body>\\n    <div class=\\\"container\\\">\\n        <div class=\\\"header\\\">\\n            <h1>✅ Application Received!</h1>\\n            <h2>{{ $json.propertyAddress }}</h2>\\n            {{ if $json.unitNumber !== 'N/A' }}\\n            <h3>Unit {{ $json.unitNumber }}</h3>\\n            {{ /if }}\\n        </div>\\n        \\n        <p>Dear {{ $json.applicantName }},</p>\\n        \\n        <p>Thank you for submitting your rental application! We have received your application and will begin processing it immediately.</p>\\n        \\n        <div class=\\\"status-box\\\">\\n            <h3>📋 Application Details</h3>\\n            <p><strong>Application ID:</strong> {{ $json.applicationId }}</p>\\n            <p><strong>Property:</strong> {{ $json.propertyAddress }}{{ $json.unitNumber !== 'N/A' ? ' Unit ' + $json.unitNumber : '' }}</p>\\n            <p><strong>Monthly Rent:</strong> ${{ $json.result.applicationSummary.monthlyRent.toLocaleString() }}</p>\\n            <p><strong>Submission Date:</strong> {{ new Date($json.submissionDate).toLocaleDateString() }}</p>\\n            <p><strong>Current Status:</strong> Under Review</p>\\n        </div>\\n        \\n        <div class=\\\"timeline\\\">\\n            <h3>⏰ Processing Timeline</h3>\\n            <p><strong>Expected Decision:</strong> Within 3-5 business days</p>\\n            <ul>\\n                <li><strong>Day 1:</strong> Document review and validation</li>\\n                <li><strong>Day 1-2:</strong> Credit and background checks</li>\\n                <li><strong>Day 2-3:</strong> Employment and reference verification</li>\\n                <li><strong>Day 3-4:</strong> Application review and decision</li>\\n                <li><strong>Day 4-5:</strong> Decision notification and next steps</li>\\n            </ul>\\n        </div>\\n        \\n        {{ if $json.result.applicationChecklist.completionPercentage < 100 }}\\n        <div class=\\\"checklist\\\">\\n            <h3>📝 Outstanding Requirements</h3>\\n            <p>Your application is {{ $json.result.applicationChecklist.completionPercentage }}% complete. Please provide the following items to expedite processing:</p>\\n            <ul>\\n                {{ $json.result.applicationChecklist.items.filter(item => item.status === 'pending' && item.required).map(item => `\\n                    <li>${item.item}</li>\\n                `).join('') }}\\n            </ul>\\n            <p><em>Please submit outstanding items as soon as possible to avoid delays.</em></p>\\n        </div>\\n        {{ /if }}\\n        \\n        <div style=\\\"background: #e8f5e8; border: 1px solid #28a745; padding: 15px; border-radius: 8px; margin: 20px 0;\\\">\\n            <h3>📞 Contact Information</h3>\\n            <p>If you have any questions about your application status, please contact:</p>\\n            <p><strong>Property Manager:</strong> (555) 123-4567</p>\\n            <p><strong>Email:</strong> applications@propertymanagement.com</p>\\n            <p><strong>Office Hours:</strong> Monday-Friday, 9:00 AM - 6:00 PM</p>\\n        </div>\\n        \\n        <p>We will keep you updated throughout the screening process and notify you as soon as a decision is made.</p>\\n        \\n        <p>Thank you for choosing us for your housing needs!</p>\\n        \\n        <p>Best regards,<br>Property Management Team</p>\\n    </div>\\n</body>\\n</html>",
        "options": {}
      },
      "id": "f6a7b8c9-abcd-ef01-2345-6789abcdef01",
      "name": "Send Application Confirmation",
      "type": "n8n-nodes-base.gmail",
      "typeVersion": 2.1,
      "position": [
        900,
        250
      ]
    },
    {
      "parameters": {
        "method": "POST",
        "url": "https://api.creditscreening.com/v1/reports",
        "authentication": "headerAuth",
        "sendHeaders": true,
        "headerParameters": {
          "parameters": [
            {
              "name": "Authorization",
              "value": "Bearer YOUR_CREDIT_API_KEY"
            },
            {
              "name": "Content-Type",
              "value": "application/json"
            }
          ]
        },
        "sendBody": true,
        "bodyParameters": {
          "parameters": [
            {
              "name": "applicant_name",
              "value": "={{ $json.applicantName }}"
            },
            {
              "name": "applicant_email",
              "value": "={{ $json.applicantEmail }}"
            },
            {
              "name": "application_id",
              "value": "={{ $json.applicationId }}"
            },
            {
              "name": "property_address",
              "value": "={{ $json.propertyAddress }}"
            },
            {
              "name": "screening_type",
              "value": "comprehensive"
            }
          ]
        },
        "options": {}
      },
      "id": "a7b8c9d0-bcde-f012-3456-789abcdef012",
      "name": "Initiate Credit & Background Check",
      "type": "n8n-nodes-base.httpRequest",
      "typeVersion": 4.2,
      "position": [
        900,
        350
      ]
    },
    {
      "parameters": {
        "resource": "email",
        "operation": "send",
        "toEmail": "property.manager@company.com",
        "subject": "New Tenant Application: {{ $json.applicantName }} - {{ $json.propertyAddress }}",
        "emailType": "html",
        "message": "<!DOCTYPE html>\\n<html>\\n<head>\\n    <style>\\n        body { font-family: Arial, sans-serif; margin: 0; padding: 20px; background: #f4f4f4; }\\n        .container { background: white; padding: 30px; border-radius: 10px; box-shadow: 0 4px 10px rgba(0,0,0,0.1); }\\n        .header { background: #007bff; color: white; padding: 20px; text-align: center; border-radius: 8px; margin-bottom: 20px; }\\n        .qualification-box { padding: 20px; border-radius: 8px; margin: 20px 0; }\\n        .strong { background: #e8f5e8; border: 1px solid #28a745; }\\n        .conditional { background: #fff3cd; border: 1px solid #ffc107; }\\n        .marginal { background: #ffe6e6; border: 1px solid #dc3545; }\\n        .details-grid { display: grid; grid-template-columns: 1fr 1fr; gap: 20px; margin: 20px 0; }\\n        .detail-box { background: #f8f9fa; padding: 15px; border-radius: 8px; }\\n    </style>\\n</head>\\n<body>\\n    <div class=\\\"container\\\">\\n        <div class=\\\"header\\\">\\n            <h1>📝 New Tenant Application</h1>\\n            <h2>{{ $json.applicantName }}</h2>\\n        </div>\\n        \\n        <div class=\\\"qualification-box {{ $json.result.initialScreening.qualificationStatus === 'strong_candidate' ? 'strong' : $json.result.initialScreening.qualificationStatus === 'qualified_with_conditions' ? 'conditional' : 'marginal' }}\\\">\\n            <h3>🎯 Initial Qualification Assessment</h3>\\n            <p><strong>Score:</strong> {{ $json.result.initialScreening.qualificationScore }}/100</p>\\n            <p><strong>Status:</strong> {{ $json.result.initialScreening.qualificationStatus.replace('_', ' ').toUpperCase() }}</p>\\n            <p><strong>Recommendation:</strong> {{ $json.result.initialScreening.recommendation.action }}</p>\\n        </div>\\n        \\n        <div class=\\\"details-grid\\\">\\n            <div class=\\\"detail-box\\\">\\n                <h4>Property Information</h4>\\n                <p><strong>Address:</strong> {{ $json.propertyAddress }}</p>\\n                {{ if $json.unitNumber !== 'N/A' }}\\n                <p><strong>Unit:</strong> {{ $json.unitNumber }}</p>\\n                {{ /if }}\\n                <p><strong>Monthly Rent:</strong> ${{ $json.result.applicationSummary.monthlyRent.toLocaleString() }}</p>\\n            </div>\\n            <div class=\\\"detail-box\\\">\\n                <h4>Applicant Contact</h4>\\n                <p><strong>Name:</strong> {{ $json.applicantName }}</p>\\n                <p><strong>Email:</strong> {{ $json.applicantEmail }}</p>\\n                <p><strong>Phone:</strong> {{ $json.result.applicationSummary.applicantContact.phone }}</p>\\n            </div>\\n            <div class=\\\"detail-box\\\">\\n                <h4>Income Qualification</h4>\\n                <p><strong>Monthly Income:</strong> ${{ $json.result.initialScreening.incomeQualification.monthlyIncome.toLocaleString() }}</p>\\n                <p><strong>Income Ratio:</strong> {{ $json.result.initialScreening.incomeQualification.incomeRatio.toFixed(1) }}x</p>\\n                <p><strong>Status:</strong> {{ $json.result.initialScreening.incomeQualification.status.toUpperCase() }}</p>\\n            </div>\\n            <div class=\\\"detail-box\\\">\\n                <h4>Application Status</h4>\\n                <p><strong>Application ID:</strong> {{ $json.applicationId }}</p>\\n                <p><strong>Submitted:</strong> {{ new Date($json.submissionDate).toLocaleDateString() }}</p>\\n                <p><strong>Documents:</strong> {{ $json.result.applicationSummary.documentsStatus }}</p>\\n                <p><strong>Fee:</strong> {{ $json.result.applicationSummary.applicationFeeStatus }}</p>\\n            </div>\\n        </div>\\n        \\n        {{ if $json.result.initialScreening.strengths.length > 0 }}\\n        <div style=\\\"background: #e8f5e8; border: 1px solid #28a745; padding: 15px; border-radius: 8px; margin: 20px 0;\\\">\\n            <h3>✅ Strengths</h3>\\n            <ul>\\n                {{ $json.result.initialScreening.strengths.map(strength => `<li>${strength}</li>`).join('') }}\\n            </ul>\\n        </div>\\n        {{ /if }}\\n        \\n        {{ if $json.result.initialScreening.concerns.length > 0 }}\\n        <div style=\\\"background: #fff3cd; border: 1px solid #ffc107; padding: 15px; border-radius: 8px; margin: 20px 0;\\\">\\n            <h3>⚠️ Concerns</h3>\\n            <ul>\\n                {{ $json.result.initialScreening.concerns.map(concern => `<li>${concern}</li>`).join('') }}\\n            </ul>\\n        </div>\\n        {{ /if }}\\n        \\n        <div style=\\\"background: #f8f9fa; padding: 20px; border-radius: 8px; margin: 20px 0;\\\">\\n            <h3>📋 Next Steps</h3>\\n            <ol>\\n                {{ $json.result.nextSteps.map(step => `\\n                    <li><strong>${step.step}</strong> - ${step.timing} (${step.responsible})</li>\\n                `).join('') }}\\n            </ol>\\n        </div>\\n        \\n        <div style=\\\"background: #e8f5e8; border: 1px solid #28a745; padding: 15px; border-radius: 8px; margin-top: 20px;\\\">\\n            <h3>🎯 Recommendation</h3>\\n            <p>{{ $json.result.initialScreening.recommendation.summary }}</p>\\n            <p><strong>Action:</strong> {{ $json.result.initialScreening.recommendation.action }}</p>\\n            {{ if $json.result.initialScreening.recommendation.conditions && $json.result.initialScreening.recommendation.conditions.length > 0 }}\\n            <p><strong>Conditions:</strong></p>\\n            <ul>\\n                {{ $json.result.initialScreening.recommendation.conditions.map(condition => `<li>${condition}</li>`).join('') }}\\n            </ul>\\n            {{ /if }}\\n        </div>\\n    </div>\\n</body>\\n</html>",
        "options": {
          "priority": "normal"
        }
      },
      "id": "b8c9d0e1-cdef-0123-4567-89abcdef0123",
      "name": "Notify Property Manager",
      "type": "n8n-nodes-base.gmail",
      "typeVersion": 2.1,
      "position": [
        900,
        450
      ]
    },
    {
      "parameters": {
        "authentication": "oAuth2",
        "resource": "sheet",
        "operation": "appendOrUpdate",
        "documentId": {
          "__rl": true,
          "value": "YOUR_GOOGLE_SHEET_ID",
          "mode": "id"
        },
        "sheetName": {
          "__rl": true,
          "value": "gid=19",
          "mode": "id"
        },
        "columns": {
          "mappingMode": "defineBelow",
          "value": {
            "application_id": "={{ $json.applicationId }}",
            "application_type": "={{ $json.applicationType }}",
            "property_id": "={{ $json.propertyId }}",
            "property_address": "={{ $json.propertyAddress }}",
            "unit_number": "={{ $json.unitNumber }}",
            "applicant_name": "={{ $json.applicantName }}",
            "applicant_email": "={{ $json.applicantEmail }}",
            "submission_date": "={{ $json.submissionDate }}",
            "status": "={{ $json.status }}",
            "qualification_score": "={{ $json.result.initialScreening?.qualificationScore || 0 }}",
            "qualification_status": "={{ $json.result.initialScreening?.qualificationStatus || '' }}",
            "monthly_rent": "={{ $json.result.applicationSummary?.monthlyRent || 0 }}",
            "monthly_income": "={{ $json.result.initialScreening?.incomeQualification?.monthlyIncome || 0 }}",
            "income_ratio": "={{ $json.result.initialScreening?.incomeQualification?.incomeRatio || 0 }}",
            "employment_status": "={{ $json.result.initialScreening?.employmentStatus || '' }}",
            "documents_complete": "={{ $json.result.applicationChecklist?.allComplete || false }}",
            "application_fee_paid": "={{ $json.result.applicationSummary?.applicationFeeStatus === 'Paid' }}",
            "last_updated": "={{ $json.submissionDate }}"
          },
          "matchingColumns": [
            "application_id"
          ]
        },
        "options": {}
      },
      "id": "c9d0e1f2-def0-1234-5678-9abcdef01234",
      "name": "Log Application Data",
      "type": "n8n-nodes-base.googleSheets",
      "typeVersion": 4.2,
      "position": [
        680,
        500
      ]
    },
    {
      "parameters": {
        "conditions": {
          "options": {
            "caseSensitive": true,
            "leftValue": "",
            "typeValidation": "strict"
          },
          "conditions": [
            {
              "id": "c3d4e5f6-3456-7890-abcd-123456789abc",
              "leftValue": "={{ $json.result.initialScreening.qualificationStatus }}",
              "rightValue": "high_risk",
              "operator": {
                "type": "string",
                "operation": "equals"
              }
            },
            {
              "id": "d4e5f6a7-4567-8901-bcde-123456789abc",
              "leftValue": "={{ $json.result.initialScreening.qualificationStatus }}",
              "rightValue": "marginal_candidate",
              "operator": {
                "type": "string",
                "operation": "equals"
              }
            }
          ],
          "combinator": "or"
        },
        "options": {}
      },
      "id": "d0e1f2a3-ef01-2345-6789-abcdef012345",
      "name": "Check if High Risk",
      "type": "n8n-nodes-base.if",
      "typeVersion": 2,
      "position": [
        680,
        400
      ]
    },
    {
      "parameters": {
        "resource": "email",
        "operation": "send",
        "toEmail": "owner@property.com",
        "subject": "URGENT: High-Risk Application Requires Review - {{ $json.applicantName }}",
        "emailType": "html",
        "message": "<!DOCTYPE html>\\n<html>\\n<head>\\n    <style>\\n        body { font-family: Arial, sans-serif; margin: 0; padding: 20px; background: #f4f4f4; }\\n        .container { background: white; padding: 30px; border-radius: 10px; box-shadow: 0 4px 10px rgba(0,0,0,0.1); }\\n        .alert-header { background: #dc3545; color: white; padding: 20px; text-align: center; border-radius: 8px; margin-bottom: 20px; }\\n        .risk-box { background: #ffe6e6; border: 1px solid #dc3545; padding: 20px; border-radius: 8px; margin: 20px 0; }\\n    </style>\\n</head>\\n<body>\\n    <div class=\\\"container\\\">\\n        <div class=\\\"alert-header\\\">\\n            <h1>⚠️ HIGH-RISK APPLICATION ALERT</h1>\\n            <h2>Immediate Review Required</h2>\\n        </div>\\n        \\n        <div class=\\\"risk-box\\\">\\n            <h3>🚨 Application Details</h3>\\n            <p><strong>Applicant:</strong> {{ $json.applicantName }}</p>\\n            <p><strong>Property:</strong> {{ $json.propertyAddress }}{{ $json.unitNumber !== 'N/A' ? ' Unit ' + $json.unitNumber : '' }}</p>\\n            <p><strong>Qualification Score:</strong> {{ $json.result.initialScreening.qualificationScore }}/100</p>\\n            <p><strong>Status:</strong> {{ $json.result.initialScreening.qualificationStatus.replace('_', ' ').toUpperCase() }}</p>\\n        </div>\\n        \\n        <div style=\\\"background: #fff3cd; border: 1px solid #ffc107; padding: 15px; border-radius: 8px; margin: 20px 0;\\\">\\n            <h3>⚠️ Risk Factors</h3>\\n            <ul>\\n                {{ $json.result.initialScreening.concerns.map(concern => `<li>${concern}</li>`).join('') }}\\n            </ul>\\n        </div>\\n        \\n        <div style=\\\"background: #f8f9fa; padding: 20px; border-radius: 8px; margin: 20px 0;\\\">\\n            <h3>💡 Recommendation</h3>\\n            <p>{{ $json.result.initialScreening.recommendation.summary }}</p>\\n            <p><strong>Action:</strong> {{ $json.result.initialScreening.recommendation.action }}</p>\\n        </div>\\n        \\n        <div style=\\\"background: #e8f5e8; border: 1px solid #28a745; padding: 15px; border-radius: 8px; margin-top: 20px;\\\">\\n            <h3>📞 Immediate Action Required</h3>\\n            <p>Please review this application immediately and provide guidance on whether to:</p>\\n            <ul>\\n                <li>Continue with screening process</li>\\n                <li>Request additional documentation</li>\\n                <li>Decline application</li>\\n                <li>Require special conditions</li>\\n            </ul>\\n        </div>\\n    </div>\\n</body>\\n</html>",
        "options": {
          "priority": "high"
        }
      },
      "id": "e1f2a3b4-f012-3456-789a-bcdef0123456",
      "name": "Alert Owner of High-Risk Application",
      "type": "n8n-nodes-base.gmail",
      "typeVersion": 2.1,
      "position": [
        900,
        400
      ]
    }
  ]
}
