{
  "name": "Rental Property Management & Lease Administration System",
  "nodes": [
    {
      "parameters": {
        "httpMethod": "POST",
        "path": "lease-management",
        "responseMode": "responseNode",
        "options": {}
      },
      "id": "a1b2c3d4-5678-9abc-def0-123456789abc",
      "name": "Lease Management Trigger",
      "type": "n8n-nodes-base.webhook",
      "typeVersion": 1,
      "position": [
        240,
        300
      ],
      "webhookId": "lease-management-webhook"
    },
    {
      "parameters": {
        "rule": {
          "interval": [
            {
              "field": "cronExpression",
              "expression": "0 9 1 * *"
            }
          ]
        }
      },
      "id": "b2c3d4e5-6789-abcd-ef01-23456789abcd",
      "name": "Monthly Rent Collection",
      "type": "n8n-nodes-base.cron",
      "typeVersion": 1,
      "position": [
        240,
        500
      ]
    },
    {
      "parameters": {
        "rule": {
          "interval": [
            {
              "field": "cronExpression",
              "expression": "0 8 * * *"
            }
          ]
        }
      },
      "id": "c3d4e5f6-789a-bcde-f012-3456789abcde",
      "name": "Daily Lease Monitoring",
      "type": "n8n-nodes-base.cron",
      "typeVersion": 1,
      "position": [
        240,
        700
      ]
    },
    {
      "parameters": {
        "jsCode": "// Rental Property Management & Lease Administration System\nconst leaseData = $input.first().json;\n\n// Generate unique lease management ID\nconst leaseManagementId = `lm_${Date.now()}_${Math.random().toString(36).substr(2, 9)}`;\n\n// Process lease management request\nconst leaseResult = await processLeaseManagement(leaseData);\n\nasync function processLeaseManagement(data) {\n  const {\n    management_type,\n    lease_id,\n    property_id,\n    property_address,\n    unit_number,\n    tenant_name,\n    tenant_email,\n    tenant_phone,\n    lease_start_date,\n    lease_end_date,\n    monthly_rent,\n    security_deposit,\n    pet_deposit,\n    lease_terms,\n    rent_due_date,\n    late_fee_policy,\n    renewal_options,\n    maintenance_responsibilities,\n    utilities_included,\n    parking_spaces,\n    storage_units,\n    amenities_access,\n    lease_violations,\n    payment_history,\n    inspection_schedule,\n    emergency_contact,\n    co_signers,\n    lease_addendums\n  } = data;\n  \n  let result = {};\n  \n  switch (management_type) {\n    case 'lease_creation':\n      result = await createLease(data);\n      break;\n    case 'rent_collection':\n      result = await processRentCollection(data);\n      break;\n    case 'lease_renewal':\n      result = await processLeaseRenewal(data);\n      break;\n    case 'lease_termination':\n      result = await processLeaseTermination(data);\n      break;\n    case 'violation_management':\n      result = await manageLeaseViolations(data);\n      break;\n    case 'inspection_scheduling':\n      result = await scheduleInspections(data);\n      break;\n    case 'rent_increase':\n      result = await processRentIncrease(data);\n      break;\n    case 'security_deposit_management':\n      result = await manageSecurityDeposit(data);\n      break;\n    case 'tenant_communication':\n      result = await manageTenantCommunication(data);\n      break;\n    case 'lease_compliance':\n      result = await monitorLeaseCompliance(data);\n      break;\n    default:\n      result = await processGeneralLeaseManagement(data);\n  }\n  \n  return {\n    leaseManagementId,\n    managementType: management_type,\n    leaseId: lease_id,\n    propertyId: property_id,\n    propertyAddress: property_address,\n    unitNumber: unit_number,\n    tenantName: tenant_name,\n    processedDate: new Date().toISOString(),\n    status: 'processed',\n    result\n  };\n}\n\nasync function createLease(data) {\n  const {\n    property_address,\n    unit_number,\n    tenant_name,\n    tenant_email,\n    lease_start_date,\n    lease_end_date,\n    monthly_rent,\n    security_deposit,\n    pet_deposit,\n    lease_terms,\n    utilities_included,\n    parking_spaces,\n    amenities_access\n  } = data;\n  \n  const startDate = new Date(lease_start_date);\n  const endDate = new Date(lease_end_date);\n  const leaseDurationMonths = Math.round((endDate - startDate) / (1000 * 60 * 60 * 24 * 30));\n  \n  // Generate lease agreement\n  const leaseAgreement = await generateLeaseAgreement(data);\n  \n  // Create rent payment schedule\n  const paymentSchedule = await createRentPaymentSchedule(startDate, endDate, monthly_rent);\n  \n  // Set up automated reminders\n  const reminderSchedule = createReminderSchedule(startDate, endDate);\n  \n  return {\n    leaseDetails: {\n      propertyAddress: property_address,\n      unitNumber: unit_number || 'N/A',\n      tenantName: tenant_name,\n      tenantEmail: tenant_email,\n      leaseStartDate: startDate.toISOString(),\n      leaseEndDate: endDate.toISOString(),\n      leaseDuration: `${leaseDurationMonths} months`,\n      monthlyRent: parseFloat(monthly_rent) || 0,\n      securityDeposit: parseFloat(security_deposit) || 0,\n      petDeposit: parseFloat(pet_deposit) || 0,\n      totalMoveInCost: (parseFloat(monthly_rent) || 0) + (parseFloat(security_deposit) || 0) + (parseFloat(pet_deposit) || 0)\n    },\n    \n    leaseAgreement: {\n      documentGenerated: true,\n      documentType: 'Standard Residential Lease Agreement',\n      clauses: [\n        'Rent payment terms and due dates',\n        'Security deposit conditions',\n        'Maintenance responsibilities',\n        'Pet policy and deposits',\n        'Utilities and service arrangements',\n        'Parking and storage allocations',\n        'Lease violation consequences',\n        'Early termination conditions',\n        'Renewal options and procedures',\n        'Property rules and regulations'\n      ],\n      specialTerms: lease_terms || [],\n      utilitiesIncluded: utilities_included || [],\n      parkingSpaces: parking_spaces || 0,\n      amenitiesAccess: amenities_access || []\n    },\n    \n    paymentSchedule: {\n      firstPaymentDate: startDate.toISOString(),\n      monthlyDueDate: 1, // 1st of each month\n      lateFeeGracePeriod: 5, // 5 days\n      lateFeeAmount: Math.round((parseFloat(monthly_rent) || 0) * 0.05), // 5% of rent\n      paymentMethods: ['Online Portal', 'ACH Transfer', 'Check', 'Money Order'],\n      autoPayAvailable: true,\n      paymentSchedule: paymentSchedule.schedule\n    },\n    \n    tenantOnboarding: {\n      welcomePackage: {\n        leaseDocuments: 'Digital lease agreement and addendums',\n        propertyInformation: 'Tenant handbook and property rules',\n        contactInformation: 'Property management and emergency contacts',\n        utilitySetup: 'Utility company contact information and setup instructions',\n        amenityAccess: 'Access codes and facility operating hours',\n        maintenanceRequests: 'Online portal access and request procedures'\n      },\n      \n      moveInInspection: {\n        scheduled: true,\n        inspectionDate: startDate.toISOString(),\n        inspector: 'Property Manager',\n        checklistItems: [\n          'Overall unit condition documentation',\n          'Appliance functionality testing',\n          'Plumbing and electrical systems check',\n          'HVAC system operation verification',\n          'Window and door condition assessment',\n          'Floor and wall condition documentation',\n          'Light fixture and outlet testing',\n          'Smoke detector functionality check'\n        ],\n        photographicDocumentation: true,\n        tenantSignoff: 'Required within 48 hours of move-in'\n      },\n      \n      keyAndAccessProvision: {\n        unitKeys: 2,\n        mailboxKey: 1,\n        gateRemote: parking_spaces > 0 ? 1 : 0,\n        accessCodes: amenities_access && amenities_access.length > 0 ? 'Provided for applicable amenities' : 'None required',\n        keyDeposit: 50,\n        keyReturnRequirement: 'All keys must be returned upon lease termination'\n      }\n    },\n    \n    automatedReminders: {\n      rentReminders: {\n        firstNotice: '3 days before due date',\n        secondNotice: 'Day before due date',\n        lateNotice: 'Day after due date',\n        finalNotice: '5 days after due date'\n      },\n      \n      leaseReminders: {\n        renewalNotice: '90 days before lease expiration',\n        moveOutNotice: '60 days before lease expiration',\n        inspectionReminders: '30 days before scheduled inspections',\n        maintenanceReminders: 'Seasonal maintenance notifications'\n      }\n    },\n    \n    complianceTracking: {\n      rentRollUpdate: 'Lease added to rent roll system',\n      insuranceNotification: 'Property insurance updated with new tenant',\n      occupancyReporting: 'Occupancy records updated for reporting',\n      taxDocumentation: 'Lease recorded for tax purposes',\n      localRegistration: 'Rental registration updated if required by locality'\n    }\n  };\n}\n\nfunction createRentPaymentSchedule(startDate, endDate, monthlyRent) {\n  const schedule = [];\n  const current = new Date(startDate);\n  const end = new Date(endDate);\n  \n  while (current < end) {\n    schedule.push({\n      dueDate: new Date(current.getFullYear(), current.getMonth(), 1).toISOString(),\n      amount: parseFloat(monthlyRent) || 0,\n      period: current.toLocaleDateString('en-US', { month: 'long', year: 'numeric' })\n    });\n    current.setMonth(current.getMonth() + 1);\n  }\n  \n  return { schedule };\n}\n\nfunction createReminderSchedule(startDate, endDate) {\n  return {\n    rentReminders: 'Monthly rent reminders 3 days before due date',\n    leaseReminders: '90-day renewal notice, 60-day move-out notice',\n    inspectionReminders: 'Quarterly inspection notices',\n    maintenanceReminders: 'Seasonal maintenance notifications'\n  };\n}\n\nreturn [{ json: leaseResult }];"
      },
      "id": "d4e5f6a7-89ab-cdef-0123-456789abcdef",
      "name": "Process Lease Management",
      "type": "n8n-nodes-base.code",
      "typeVersion": 2,
      "position": [
        460,
        300
      ]
    },
    {
      "parameters": {
        "conditions": {
          "options": {
            "caseSensitive": true,
            "leftValue": "",
            "typeValidation": "strict"
          },
          "conditions": [
            {
              "id": "a1b2c3d4-1234-5678-9abc-123456789abc",
              "leftValue": "={{ $json.managementType }}",
              "rightValue": "lease_creation",
              "operator": {
                "type": "string",
                "operation": "equals"
              }
            }
          ],
          "combinator": "or"
        },
        "options": {}
      },
      "id": "e5f6a7b8-9abc-def0-1234-56789abcdef0",
      "name": "Check Management Type",
      "type": "n8n-nodes-base.if",
      "typeVersion": 2,
      "position": [
        680,
        300
      ]
    },
    {
      "parameters": {
        "resource": "email",
        "operation": "send",
        "toEmail": "={{ $json.result.leaseDetails?.tenantEmail || 'tenant@email.com' }}",
        "subject": "Welcome to Your New Home - {{ $json.propertyAddress }}{{ $json.unitNumber !== 'N/A' ? ' Unit ' + $json.unitNumber : '' }}",
        "emailType": "html",
        "message": "<!DOCTYPE html>\\n<html>\\n<head>\\n    <style>\\n        body { font-family: Arial, sans-serif; margin: 0; padding: 20px; background: #f4f4f4; }\\n        .container { background: white; padding: 30px; border-radius: 10px; box-shadow: 0 4px 10px rgba(0,0,0,0.1); }\\n        .header { background: #28a745; color: white; padding: 20px; text-align: center; border-radius: 8px; margin-bottom: 20px; }\\n        .welcome-box { background: #e8f5e8; border: 1px solid #28a745; padding: 20px; border-radius: 8px; margin: 20px 0; }\\n        .info-grid { display: grid; grid-template-columns: 1fr 1fr; gap: 20px; margin: 20px 0; }\\n        .info-box { background: #f8f9fa; padding: 15px; border-radius: 8px; }\\n    </style>\\n</head>\\n<body>\\n    <div class=\\\"container\\\">\\n        <div class=\\\"header\\\">\\n            <h1>🏠 Welcome Home!</h1>\\n            <h2>{{ $json.propertyAddress }}</h2>\\n            {{ if $json.unitNumber !== 'N/A' }}\\n            <h3>Unit {{ $json.unitNumber }}</h3>\\n            {{ /if }}\\n        </div>\\n        \\n        <p>Dear {{ $json.tenantName }},</p>\\n        \\n        <p>Congratulations on your new home! We're excited to have you as our tenant.</p>\\n        \\n        <div class=\\\"welcome-box\\\">\\n            <h3>🎉 Lease Details</h3>\\n            <p><strong>Lease ID:</strong> {{ $json.leaseId }}</p>\\n            <p><strong>Monthly Rent:</strong> ${{ $json.result.leaseDetails.monthlyRent.toLocaleString() }}</p>\\n            <p><strong>Duration:</strong> {{ $json.result.leaseDetails.leaseDuration }}</p>\\n        </div>\\n        \\n        <div class=\\\"info-grid\\\">\\n            <div class=\\\"info-box\\\">\\n                <h4>💰 Move-In Costs</h4>\\n                <p><strong>Total Due:</strong> ${{ $json.result.leaseDetails.totalMoveInCost.toLocaleString() }}</p>\\n            </div>\\n            <div class=\\\"info-box\\\">\\n                <h4>🗓️ Payment Info</h4>\\n                <p><strong>Due:</strong> 1st of each month</p>\\n            </div>\\n        </div>\\n        \\n        <p>Welcome to your new home!</p>\\n        \\n        <p>Best regards,<br>Property Management Team</p>\\n    </div>\\n</body>\\n</html>",
        "options": {}
      },
      "id": "f6a7b8c9-abcd-ef01-2345-6789abcdef01",
      "name": "Send Welcome Package",
      "type": "n8n-nodes-base.gmail",
      "typeVersion": 2.1,
      "position": [
        900,
        300
      ]
    },
    {
      "parameters": {
        "authentication": "oAuth2",
        "resource": "sheet",
        "operation": "appendOrUpdate",
        "documentId": {
          "__rl": true,
          "value": "YOUR_GOOGLE_SHEET_ID",
          "mode": "id"
        },
        "sheetName": {
          "__rl": true,
          "value": "gid=20",
          "mode": "id"
        },
        "columns": {
          "mappingMode": "defineBelow",
          "value": {
            "lease_management_id": "={{ $json.leaseManagementId }}",
            "management_type": "={{ $json.managementType }}",
            "lease_id": "={{ $json.leaseId }}",
            "property_id": "={{ $json.propertyId }}",
            "property_address": "={{ $json.propertyAddress }}",
            "unit_number": "={{ $json.unitNumber }}",
            "tenant_name": "={{ $json.tenantName }}",
            "processed_date": "={{ $json.processedDate }}",
            "status": "={{ $json.status }}",
            "monthly_rent": "={{ $json.result.leaseDetails?.monthlyRent || 0 }}",
            "security_deposit": "={{ $json.result.leaseDetails?.securityDeposit || 0 }}",
            "lease_start": "={{ $json.result.leaseDetails?.leaseStartDate || '' }}",
            "lease_end": "={{ $json.result.leaseDetails?.leaseEndDate || '' }}",
            "last_updated": "={{ $json.processedDate }}"
          },
          "matchingColumns": [
            "lease_management_id"
          ]
        },
        "options": {}
      },
      "id": "c9d0e1f2-def0-1234-5678-9abcdef01234",
      "name": "Log Lease Management Data",
      "type": "n8n-nodes-base.googleSheets",
      "typeVersion": 4.2,
      "position": [
        680,
        500
      ]
    },
    {
      "parameters": {
        "resource": "email",
        "operation": "send",
        "toEmail": "property.manager@company.com",
        "subject": "Lease Management Activity: {{ $json.managementType.replace('_', ' ').toUpperCase() }} - {{ $json.tenantName }}",
        "emailType": "html",
        "message": "<!DOCTYPE html>\\n<html>\\n<head>\\n    <style>\\n        body { font-family: Arial, sans-serif; margin: 0; padding: 20px; background: #f4f4f4; }\\n        .container { background: white; padding: 30px; border-radius: 10px; box-shadow: 0 4px 10px rgba(0,0,0,0.1); }\\n        .header { background: #007bff; color: white; padding: 20px; text-align: center; border-radius: 8px; margin-bottom: 20px; }\\n    </style>\\n</head>\\n<body>\\n    <div class=\\\"container\\\">\\n        <div class=\\\"header\\\">\\n            <h1>📋 Lease Management Report</h1>\\n            <h2>{{ $json.managementType.replace('_', ' ').toUpperCase() }}</h2>\\n        </div>\\n        \\n        <p><strong>Tenant:</strong> {{ $json.tenantName }}</p>\\n        <p><strong>Property:</strong> {{ $json.propertyAddress }}</p>\\n        <p><strong>Status:</strong> {{ $json.status.toUpperCase() }}</p>\\n        \\n        {{ if $json.managementType === 'lease_creation' }}\\n        <div style=\\\"background: #e8f5e8; border: 1px solid #28a745; padding: 20px; border-radius: 8px; margin: 20px 0;\\\">\\n            <h3>🏠 New Lease Created</h3>\\n            <p><strong>Monthly Rent:</strong> ${{ $json.result.leaseDetails.monthlyRent.toLocaleString() }}</p>\\n            <p><strong>Duration:</strong> {{ $json.result.leaseDetails.leaseDuration }}</p>\\n        </div>\\n        {{ /if }}\\n    </div>\\n</body>\\n</html>",
        "options": {}
      },
      "id": "a3b4c5d6-1234-5678-9abc-def012345678",
      "name": "Notify Property Manager",
      "type": "n8n-nodes-base.gmail",
      "typeVersion": 2.1,
      "position": [
        900,
        400
      ]
    }
  ]
}
