{
  "name": "Financial Analytics & Investment Performance System",
  "nodes": [
    {
      "parameters": {
        "httpMethod": "POST",
        "path": "financial-analytics",
        "responseMode": "responseNode",
        "options": {}
      },
      "id": "a1b2c3d4-5678-9abc-def0-123456789abc",
      "name": "Financial Analytics Trigger",
      "type": "n8n-nodes-base.webhook",
      "typeVersion": 1,
      "position": [
        240,
        300
      ],
      "webhookId": "financial-analytics-webhook"
    },
    {
      "parameters": {
        "rule": {
          "interval": [
            {
              "field": "cronExpression",
              "expression": "0 6 1 * *"
            }
          ]
        }
      },
      "id": "b2c3d4e5-6789-abcd-ef01-23456789abcd",
      "name": "Monthly Financial Analysis",
      "type": "n8n-nodes-base.cron",
      "typeVersion": 1,
      "position": [
        240,
        500
      ]
    },
    {
      "parameters": {
        "rule": {
          "interval": [
            {
              "field": "cronExpression",
              "expression": "0 7 1 1,4,7,10 *"
            }
          ]
        }
      },
      "id": "c3d4e5f6-789a-bcde-f012-3456789abcde",
      "name": "Quarterly Investment Review",
      "type": "n8n-nodes-base.cron",
      "typeVersion": 1,
      "position": [
        240,
        700
      ]
    },
    {
      "parameters": {
        "jsCode": "// Financial Analytics & Investment Performance System\nconst financialData = $input.first().json;\n\n// Generate unique financial analysis ID\nconst analysisId = `fa_${Date.now()}_${Math.random().toString(36).substr(2, 9)}`;\n\n// Process financial analytics request\nconst analyticsResult = await processFinancialAnalytics(financialData);\n\nasync function processFinancialAnalytics(data) {\n  const {\n    analysis_type,\n    portfolio_id,\n    property_ids,\n    time_period,\n    analysis_date,\n    revenue_data,\n    expense_data,\n    mortgage_data,\n    tax_data,\n    depreciation_data,\n    market_data,\n    cash_flow_data,\n    tenant_data,\n    maintenance_costs,\n    capital_improvements,\n    insurance_costs,\n    property_management_fees,\n    vacancy_rates,\n    rent_increases,\n    refinancing_data,\n    acquisition_costs,\n    disposal_costs,\n    comparative_properties\n  } = data;\n  \n  let result = {};\n  \n  switch (analysis_type) {\n    case 'cash_flow_analysis':\n      result = await analyzeCashFlow(data);\n      break;\n    case 'roi_performance':\n      result = await analyzeROIPerformance(data);\n      break;\n    case 'property_valuation':\n      result = await analyzePropertyValuation(data);\n      break;\n    case 'tax_optimization':\n      result = await analyzeTaxOptimization(data);\n      break;\n    case 'portfolio_performance':\n      result = await analyzePortfolioPerformance(data);\n      break;\n    case 'market_comparison':\n      result = await analyzeMarketComparison(data);\n      break;\n    case 'refinancing_analysis':\n      result = await analyzeRefinancingOpportunities(data);\n      break;\n    case 'investment_forecasting':\n      result = await generateInvestmentForecasts(data);\n      break;\n    case 'expense_optimization':\n      result = await analyzeExpenseOptimization(data);\n      break;\n    case 'risk_assessment':\n      result = await analyzeInvestmentRisk(data);\n      break;\n    default:\n      result = await performGeneralFinancialAnalysis(data);\n  }\n  \n  return {\n    analysisId,\n    analysisType: analysis_type,\n    portfolioId: portfolio_id,\n    propertyIds: property_ids,\n    timePeriod: time_period,\n    analysisDate: analysis_date || new Date().toISOString(),\n    generatedDate: new Date().toISOString(),\n    status: 'completed',\n    result\n  };\n}\n\nasync function analyzeCashFlow(data) {\n  const {\n    revenue_data,\n    expense_data,\n    mortgage_data,\n    time_period,\n    property_ids\n  } = data;\n  \n  // Calculate monthly cash flow metrics\n  const cashFlowAnalysis = calculateCashFlowMetrics(revenue_data, expense_data, mortgage_data);\n  \n  // Project future cash flows\n  const cashFlowProjections = projectFutureCashFlows(cashFlowAnalysis, time_period);\n  \n  // Analyze cash flow trends\n  const trendAnalysis = analyzeCashFlowTrends(revenue_data, expense_data);\n  \n  return {\n    summary: {\n      totalProperties: property_ids ? property_ids.length : 1,\n      analysisPeriod: time_period || '12 months',\n      totalGrossRent: cashFlowAnalysis.totalGrossRent,\n      totalOperatingExpenses: cashFlowAnalysis.totalOperatingExpenses,\n      netOperatingIncome: cashFlowAnalysis.netOperatingIncome,\n      totalDebtService: cashFlowAnalysis.totalDebtService,\n      netCashFlow: cashFlowAnalysis.netCashFlow,\n      cashOnCashReturn: cashFlowAnalysis.cashOnCashReturn\n    },\n    \n    revenueBreakdown: {\n      rentalIncome: cashFlowAnalysis.rentalIncome,\n      otherIncome: cashFlowAnalysis.otherIncome,\n      vacancyLoss: cashFlowAnalysis.vacancyLoss,\n      effectiveGrossIncome: cashFlowAnalysis.effectiveGrossIncome,\n      monthlyAverage: Math.round(cashFlowAnalysis.totalGrossRent / 12),\n      occupancyRate: cashFlowAnalysis.occupancyRate\n    },\n    \n    expenseBreakdown: {\n      propertyTaxes: cashFlowAnalysis.propertyTaxes,\n      insurance: cashFlowAnalysis.insurance,\n      maintenance: cashFlowAnalysis.maintenance,\n      propertyManagement: cashFlowAnalysis.propertyManagement,\n      utilities: cashFlowAnalysis.utilities,\n      marketing: cashFlowAnalysis.marketing,\n      other: cashFlowAnalysis.otherExpenses,\n      totalOperatingExpenses: cashFlowAnalysis.totalOperatingExpenses,\n      expenseRatio: Math.round((cashFlowAnalysis.totalOperatingExpenses / cashFlowAnalysis.totalGrossRent) * 100)\n    },\n    \n    debtServiceAnalysis: {\n      principalPayments: cashFlowAnalysis.principalPayments,\n      interestPayments: cashFlowAnalysis.interestPayments,\n      totalDebtService: cashFlowAnalysis.totalDebtService,\n      debtServiceCoverageRatio: cashFlowAnalysis.debtServiceCoverageRatio,\n      loanToValueRatio: cashFlowAnalysis.loanToValueRatio\n    },\n    \n    profitabilityMetrics: {\n      netOperatingIncome: cashFlowAnalysis.netOperatingIncome,\n      netCashFlow: cashFlowAnalysis.netCashFlow,\n      cashOnCashReturn: `${cashFlowAnalysis.cashOnCashReturn}%`,\n      capRate: `${cashFlowAnalysis.capRate}%`,\n      grossRentMultiplier: cashFlowAnalysis.grossRentMultiplier,\n      returnOnInvestment: `${cashFlowAnalysis.returnOnInvestment}%`\n    },\n    \n    monthlyProjections: cashFlowProjections.monthlyProjections,\n    \n    yearlyProjections: cashFlowProjections.yearlyProjections,\n    \n    trendAnalysis: {\n      revenueGrowth: trendAnalysis.revenueGrowth,\n      expenseGrowth: trendAnalysis.expenseGrowth,\n      netIncomeGrowth: trendAnalysis.netIncomeGrowth,\n      trends: trendAnalysis.trends,\n      seasonality: trendAnalysis.seasonality,\n      recommendations: trendAnalysis.recommendations\n    },\n    \n    performanceIndicators: {\n      cashFlowStability: assessCashFlowStability(cashFlowAnalysis),\n      profitabilityRating: assessProfitabilityRating(cashFlowAnalysis),\n      riskLevel: assessCashFlowRisk(cashFlowAnalysis),\n      improvementOpportunities: identifyImprovementOpportunities(cashFlowAnalysis, trendAnalysis)\n    }\n  };\n}\n\nasync function analyzeROIPerformance(data) {\n  const {\n    revenue_data,\n    expense_data,\n    acquisition_costs,\n    capital_improvements,\n    market_data,\n    time_period\n  } = data;\n  \n  const roiMetrics = calculateROIMetrics(data);\n  const benchmarkComparison = compareToBenchmarks(roiMetrics, market_data);\n  const performanceAnalysis = analyzePerformanceTrends(roiMetrics, time_period);\n  \n  return {\n    investmentSummary: {\n      totalInvestment: roiMetrics.totalInvestment,\n      currentValue: roiMetrics.currentValue,\n      totalReturn: roiMetrics.totalReturn,\n      annualizedReturn: roiMetrics.annualizedReturn,\n      holdingPeriod: roiMetrics.holdingPeriod,\n      investmentMultiple: roiMetrics.investmentMultiple\n    },\n    \n    returnMetrics: {\n      cashOnCashReturn: `${roiMetrics.cashOnCashReturn}%`,\n      totalReturn: `${roiMetrics.totalReturnPercent}%`,\n      annualizedReturn: `${roiMetrics.annualizedReturn}%`,\n      internalRateOfReturn: `${roiMetrics.irr}%`,\n      equityMultiple: roiMetrics.equityMultiple,\n      averageAnnualCashFlow: roiMetrics.averageAnnualCashFlow\n    },\n    \n    cashFlowReturns: {\n      yearToDateCashFlow: roiMetrics.yearToDateCashFlow,\n      lifetimeCashFlow: roiMetrics.lifetimeCashFlow,\n      projectedAnnualCashFlow: roiMetrics.projectedAnnualCashFlow,\n      cashFlowGrowthRate: roiMetrics.cashFlowGrowthRate,\n      paybackPeriod: roiMetrics.paybackPeriod\n    },\n    \n    appreciationAnalysis: {\n      originalValue: roiMetrics.originalValue,\n      currentValue: roiMetrics.currentValue,\n      totalAppreciation: roiMetrics.totalAppreciation,\n      annualAppreciationRate: roiMetrics.annualAppreciationRate,\n      marketAppreciationRate: roiMetrics.marketAppreciationRate,\n      relativePerformance: roiMetrics.relativePerformance\n    },\n    \n    benchmarkComparison: {\n      marketAverage: benchmarkComparison.marketAverage,\n      peerGroup: benchmarkComparison.peerGroup,\n      assetClass: benchmarkComparison.assetClass,\n      outperformance: benchmarkComparison.outperformance,\n      ranking: benchmarkComparison.ranking,\n      competitivePosition: benchmarkComparison.competitivePosition\n    },\n    \n    riskAdjustedReturns: {\n      sharpeRatio: roiMetrics.sharpeRatio,\n      volatility: roiMetrics.volatility,\n      maxDrawdown: roiMetrics.maxDrawdown,\n      riskAdjustedReturn: roiMetrics.riskAdjustedReturn,\n      riskRating: assessRiskRating(roiMetrics)\n    },\n    \n    performanceTrends: {\n      monthlyReturns: performanceAnalysis.monthlyReturns,\n      yearlyReturns: performanceAnalysis.yearlyReturns,\n      trendDirection: performanceAnalysis.trendDirection,\n      consistency: performanceAnalysis.consistency,\n      improvementAreas: performanceAnalysis.improvementAreas\n    },\n    \n    investmentGoals: {\n      targetReturn: roiMetrics.targetReturn,\n      actualVsTarget: roiMetrics.actualVsTarget,\n      goalsAchieved: roiMetrics.goalsAchieved,\n      recommendedActions: generateROIRecommendations(roiMetrics, benchmarkComparison)\n    }\n  };\n}\n\nasync function analyzePortfolioPerformance(data) {\n  const {\n    portfolio_id,\n    property_ids,\n    revenue_data,\n    expense_data,\n    market_data\n  } = data;\n  \n  const portfolioMetrics = calculatePortfolioMetrics(data);\n  const diversificationAnalysis = analyzeDiversification(data);\n  const riskAssessment = assessPortfolioRisk(data);\n  \n  return {\n    portfolioOverview: {\n      portfolioId: portfolio_id,\n      totalProperties: property_ids ? property_ids.length : 0,\n      totalValue: portfolioMetrics.totalValue,\n      totalEquity: portfolioMetrics.totalEquity,\n      totalDebt: portfolioMetrics.totalDebt,\n      loanToValueRatio: portfolioMetrics.loanToValueRatio,\n      portfolioAge: portfolioMetrics.portfolioAge\n    },\n    \n    financialPerformance: {\n      totalGrossRent: portfolioMetrics.totalGrossRent,\n      totalNetIncome: portfolioMetrics.totalNetIncome,\n      totalCashFlow: portfolioMetrics.totalCashFlow,\n      averageCapRate: portfolioMetrics.averageCapRate,\n      portfolioYield: portfolioMetrics.portfolioYield,\n      cashOnCashReturn: portfolioMetrics.cashOnCashReturn\n    },\n    \n    propertyPerformance: {\n      topPerformers: portfolioMetrics.topPerformers,\n      underperformers: portfolioMetrics.underperformers,\n      averagePerformance: portfolioMetrics.averagePerformance,\n      performanceVariance: portfolioMetrics.performanceVariance,\n      concentrationRisk: portfolioMetrics.concentrationRisk\n    },\n    \n    diversificationAnalysis: {\n      geographicDiversification: diversificationAnalysis.geographic,\n      propertyTypeDiversification: diversificationAnalysis.propertyType,\n      priceRangeDiversification: diversificationAnalysis.priceRange,\n      tenantDiversification: diversificationAnalysis.tenant,\n      diversificationScore: diversificationAnalysis.overallScore,\n      recommendedImprovements: diversificationAnalysis.recommendations\n    },\n    \n    riskAssessment: {\n      overallRiskRating: riskAssessment.overallRating,\n      marketRisk: riskAssessment.marketRisk,\n      liquidityRisk: riskAssessment.liquidityRisk,\n      concentrationRisk: riskAssessment.concentrationRisk,\n      creditRisk: riskAssessment.creditRisk,\n      operationalRisk: riskAssessment.operationalRisk,\n      mitigationStrategies: riskAssessment.mitigationStrategies\n    },\n    \n    marketComparison: {\n      portfolioVsMarket: portfolioMetrics.marketComparison,\n      relativePerformance: portfolioMetrics.relativePerformance,\n      benchmarkAnalysis: portfolioMetrics.benchmarkAnalysis,\n      competitivePosition: portfolioMetrics.competitivePosition\n    },\n    \n    optimizationOpportunities: {\n      rebalancingNeeds: identifyRebalancingNeeds(portfolioMetrics),\n      disposalCandidates: identifyDisposalCandidates(portfolioMetrics),\n      acquisitionTargets: identifyAcquisitionTargets(portfolioMetrics, market_data),\n      leverageOptimization: analyzeLeverageOptimization(portfolioMetrics),\n      taxOptimization: identifyTaxOptimizations(portfolioMetrics)\n    },\n    \n    forecastAndProjections: {\n      oneYearProjection: generatePortfolioProjections(portfolioMetrics, 1),\n      threeYearProjection: generatePortfolioProjections(portfolioMetrics, 3),\n      fiveYearProjection: generatePortfolioProjections(portfolioMetrics, 5),\n      scenarioAnalysis: generateScenarioAnalysis(portfolioMetrics),\n      recommendedStrategy: generatePortfolioStrategy(portfolioMetrics, diversificationAnalysis, riskAssessment)\n    }\n  };\n}\n\nfunction calculateCashFlowMetrics(revenueData, expenseData, mortgageData) {\n  const revenue = revenueData || {};\n  const expenses = expenseData || {};\n  const mortgage = mortgageData || {};\n  \n  const totalGrossRent = revenue.rental_income || 50000;\n  const otherIncome = revenue.other_income || 2000;\n  const vacancyLoss = revenue.vacancy_loss || 2500;\n  const effectiveGrossIncome = totalGrossRent + otherIncome - vacancyLoss;\n  \n  const propertyTaxes = expenses.property_taxes || 6000;\n  const insurance = expenses.insurance || 1800;\n  const maintenance = expenses.maintenance || 4000;\n  const propertyManagement = expenses.property_management || 3000;\n  const utilities = expenses.utilities || 1200;\n  const marketing = expenses.marketing || 500;\n  const otherExpenses = expenses.other || 1500;\n  \n  const totalOperatingExpenses = propertyTaxes + insurance + maintenance + propertyManagement + utilities + marketing + otherExpenses;\n  const netOperatingIncome = effectiveGrossIncome - totalOperatingExpenses;\n  \n  const principalPayments = mortgage.principal || 8000;\n  const interestPayments = mortgage.interest || 12000;\n  const totalDebtService = principalPayments + interestPayments;\n  \n  const netCashFlow = netOperatingIncome - totalDebtService;\n  const cashInvested = mortgage.down_payment || 100000;\n  const propertyValue = mortgage.property_value || 400000;\n  \n  return {\n    totalGrossRent,\n    rentalIncome: revenue.rental_income || totalGrossRent,\n    otherIncome,\n    vacancyLoss,\n    effectiveGrossIncome,\n    occupancyRate: Math.round(((totalGrossRent - vacancyLoss) / totalGrossRent) * 100),\n    \n    propertyTaxes,\n    insurance,\n    maintenance,\n    propertyManagement,\n    utilities,\n    marketing,\n    otherExpenses,\n    totalOperatingExpenses,\n    \n    netOperatingIncome,\n    principalPayments,\n    interestPayments,\n    totalDebtService,\n    netCashFlow,\n    \n    cashOnCashReturn: Math.round((netCashFlow / cashInvested) * 100),\n    capRate: Math.round((netOperatingIncome / propertyValue) * 100),\n    debtServiceCoverageRatio: Math.round((netOperatingIncome / totalDebtService) * 100) / 100,\n    loanToValueRatio: Math.round(((propertyValue - cashInvested) / propertyValue) * 100),\n    grossRentMultiplier: Math.round(propertyValue / totalGrossRent * 10) / 10,\n    returnOnInvestment: Math.round((netCashFlow / cashInvested) * 100)\n  };\n}\n\nfunction projectFutureCashFlows(cashFlowAnalysis, timePeriod) {\n  const months = parseInt(timePeriod) || 12;\n  const monthlyProjections = [];\n  const yearlyProjections = [];\n  \n  const monthlyNetCashFlow = cashFlowAnalysis.netCashFlow / 12;\n  const growthRate = 0.03; // 3% annual growth\n  \n  for (let i = 1; i <= months; i++) {\n    const growthFactor = Math.pow(1 + growthRate, i / 12);\n    monthlyProjections.push({\n      month: i,\n      projectedCashFlow: Math.round(monthlyNetCashFlow * growthFactor),\n      cumulativeCashFlow: Math.round(monthlyNetCashFlow * growthFactor * i)\n    });\n  }\n  \n  const years = Math.ceil(months / 12);\n  for (let year = 1; year <= years; year++) {\n    const growthFactor = Math.pow(1 + growthRate, year);\n    yearlyProjections.push({\n      year: year,\n      projectedCashFlow: Math.round(cashFlowAnalysis.netCashFlow * growthFactor),\n      cumulativeCashFlow: Math.round(cashFlowAnalysis.netCashFlow * ((Math.pow(1 + growthRate, year) - 1) / growthRate))\n    });\n  }\n  \n  return { monthlyProjections, yearlyProjections };\n}\n\nfunction calculateROIMetrics(data) {\n  const acquisitionCost = data.acquisition_costs?.total || 400000;\n  const currentValue = data.market_data?.current_value || 450000;\n  const annualCashFlow = data.cash_flow_data?.annual || 15000;\n  const holdingPeriod = data.time_period || 2; // years\n  \n  const totalInvestment = acquisitionCost;\n  const totalReturn = (currentValue - acquisitionCost) + (annualCashFlow * holdingPeriod);\n  const annualizedReturn = Math.pow((currentValue + (annualCashFlow * holdingPeriod)) / acquisitionCost, 1 / holdingPeriod) - 1;\n  \n  return {\n    totalInvestment: acquisitionCost,\n    currentValue,\n    totalReturn,\n    totalReturnPercent: Math.round((totalReturn / totalInvestment) * 100),\n    annualizedReturn: Math.round(annualizedReturn * 100),\n    holdingPeriod,\n    investmentMultiple: Math.round((currentValue / acquisitionCost) * 100) / 100,\n    cashOnCashReturn: Math.round((annualCashFlow / totalInvestment) * 100),\n    irr: Math.round(annualizedReturn * 100),\n    equityMultiple: Math.round((totalReturn / totalInvestment) * 100) / 100,\n    averageAnnualCashFlow: annualCashFlow,\n    yearToDateCashFlow: Math.round(annualCashFlow * (new Date().getMonth() + 1) / 12),\n    lifetimeCashFlow: annualCashFlow * holdingPeriod,\n    projectedAnnualCashFlow: Math.round(annualCashFlow * 1.03), // 3% growth\n    cashFlowGrowthRate: 3,\n    paybackPeriod: Math.round(totalInvestment / annualCashFlow * 10) / 10,\n    originalValue: acquisitionCost,\n    totalAppreciation: currentValue - acquisitionCost,\n    annualAppreciationRate: Math.round(((Math.pow(currentValue / acquisitionCost, 1 / holdingPeriod) - 1) * 100)),\n    marketAppreciationRate: 5, // Market average\n    relativePerformance: Math.round(((Math.pow(currentValue / acquisitionCost, 1 / holdingPeriod) - 1) * 100) - 5),\n    targetReturn: 12,\n    actualVsTarget: Math.round(annualizedReturn * 100) - 12,\n    goalsAchieved: annualizedReturn >= 0.12,\n    sharpeRatio: 1.2,\n    volatility: 15,\n    maxDrawdown: -8,\n    riskAdjustedReturn: Math.round(annualizedReturn * 100) - 2 // Risk-free rate adjustment\n  };\n}\n\nreturn [{ json: analyticsResult }];"
      },
      "id": "d4e5f6a7-89ab-cdef-0123-456789abcdef",
      "name": "Process Financial Analytics",
      "type": "n8n-nodes-base.code",
      "typeVersion": 2,
      "position": [
        460,
        300
      ]
    },
    {
      "parameters": {
        "conditions": {
          "options": {
            "caseSensitive": true,
            "leftValue": "",
            "typeValidation": "strict"
          },
          "conditions": [
            {
              "id": "a1b2c3d4-1234-5678-9abc-123456789abc",
              "leftValue": "={{ $json.analysisType }}",
              "rightValue": "cash_flow_analysis",
              "operator": {
                "type": "string",
                "operation": "equals"
              }
            },
            {
              "id": "b2c3d4e5-2345-6789-abcd-123456789abc",
              "leftValue": "={{ $json.analysisType }}",
              "rightValue": "roi_performance",
              "operator": {
                "type": "string",
                "operation": "equals"
              }
            }
          ],
          "combinator": "or"
        },
        "options": {}
      },
      "id": "e5f6a7b8-9abc-def0-1234-56789abcdef0",
      "name": "Check Analysis Type",
      "type": "n8n-nodes-base.if",
      "typeVersion": 2,
      "position": [
        680,
        300
      ]
    },
    {
      "parameters": {
        "resource": "email",
        "operation": "send",
        "toEmail": "investor@company.com",
        "subject": "Financial Analytics Report: {{ $json.analysisType.replace('_', ' ').toUpperCase() }} - {{ new Date($json.analysisDate).toLocaleDateString() }}",
        "emailType": "html",
        "message": "<!DOCTYPE html>\\n<html>\\n<head>\\n    <style>\\n        body { font-family: Arial, sans-serif; margin: 0; padding: 20px; background: #f4f4f4; }\\n        .container { background: white; padding: 30px; border-radius: 10px; box-shadow: 0 4px 10px rgba(0,0,0,0.1); }\\n        .header { background: #007bff; color: white; padding: 20px; text-align: center; border-radius: 8px; margin-bottom: 20px; }\\n        .metrics-grid { display: grid; grid-template-columns: 1fr 1fr 1fr; gap: 20px; margin: 20px 0; }\\n        .metric-box { background: #f8f9fa; padding: 15px; border-radius: 8px; text-align: center; }\\n        .positive { background: #e8f5e8; border-left: 4px solid #28a745; }\\n        .negative { background: #ffe6e6; border-left: 4px solid #dc3545; }\\n        .neutral { background: #fff3cd; border-left: 4px solid #ffc107; }\\n    </style>\\n</head>\\n<body>\\n    <div class=\\\"container\\\">\\n        <div class=\\\"header\\\">\\n            <h1>📊 Financial Analytics Report</h1>\\n            <h2>{{ $json.analysisType.replace('_', ' ').toUpperCase() }}</h2>\\n            <p>Analysis Date: {{ new Date($json.analysisDate).toLocaleDateString() }}</p>\\n        </div>\\n        \\n        {{ if $json.analysisType === 'cash_flow_analysis' }}\\n        <div class=\\\"metrics-grid\\\">\\n            <div class=\\\"metric-box {{ $json.result.summary.netCashFlow > 0 ? 'positive' : 'negative' }}\\\">\\n                <h4>Net Cash Flow</h4>\\n                <h2>${{ $json.result.summary.netCashFlow.toLocaleString() }}</h2>\\n            </div>\\n            <div class=\\\"metric-box {{ $json.result.summary.cashOnCashReturn > 8 ? 'positive' : $json.result.summary.cashOnCashReturn > 5 ? 'neutral' : 'negative' }}\\\">\\n                <h4>Cash-on-Cash Return</h4>\\n                <h2>{{ $json.result.summary.cashOnCashReturn }}%</h2>\\n            </div>\\n            <div class=\\\"metric-box {{ $json.result.summary.netOperatingIncome > 0 ? 'positive' : 'negative' }}\\\">\\n                <h4>Net Operating Income</h4>\\n                <h2>${{ $json.result.summary.netOperatingIncome.toLocaleString() }}</h2>\\n            </div>\\n        </div>\\n        \\n        <div style=\\\"background: #f8f9fa; padding: 20px; border-radius: 8px; margin: 20px 0;\\\">\\n            <h3>📈 Revenue Breakdown</h3>\\n            <p><strong>Gross Rental Income:</strong> ${{ $json.result.revenueBreakdown.rentalIncome.toLocaleString() }}</p>\\n            <p><strong>Other Income:</strong> ${{ $json.result.revenueBreakdown.otherIncome.toLocaleString() }}</p>\\n            <p><strong>Occupancy Rate:</strong> {{ $json.result.revenueBreakdown.occupancyRate }}%</p>\\n            <p><strong>Effective Gross Income:</strong> ${{ $json.result.revenueBreakdown.effectiveGrossIncome.toLocaleString() }}</p>\\n        </div>\\n        \\n        <div style=\\\"background: #f8f9fa; padding: 20px; border-radius: 8px; margin: 20px 0;\\\">\\n            <h3>💰 Expense Analysis</h3>\\n            <p><strong>Total Operating Expenses:</strong> ${{ $json.result.expenseBreakdown.totalOperatingExpenses.toLocaleString() }}</p>\\n            <p><strong>Expense Ratio:</strong> {{ $json.result.expenseBreakdown.expenseRatio }}%</p>\\n            <p><strong>Property Taxes:</strong> ${{ $json.result.expenseBreakdown.propertyTaxes.toLocaleString() }}</p>\\n            <p><strong>Maintenance:</strong> ${{ $json.result.expenseBreakdown.maintenance.toLocaleString() }}</p>\\n        </div>\\n        {{ /if }}\\n        \\n        {{ if $json.analysisType === 'roi_performance' }}\\n        <div class=\\\"metrics-grid\\\">\\n            <div class=\\\"metric-box {{ parseFloat($json.result.returnMetrics.totalReturn.replace('%', '')) > 15 ? 'positive' : parseFloat($json.result.returnMetrics.totalReturn.replace('%', '')) > 8 ? 'neutral' : 'negative' }}\\\">\\n                <h4>Total Return</h4>\\n                <h2>{{ $json.result.returnMetrics.totalReturn }}</h2>\\n            </div>\\n            <div class=\\\"metric-box {{ parseFloat($json.result.returnMetrics.annualizedReturn.replace('%', '')) > 12 ? 'positive' : parseFloat($json.result.returnMetrics.annualizedReturn.replace('%', '')) > 8 ? 'neutral' : 'negative' }}\\\">\\n                <h4>Annualized Return</h4>\\n                <h2>{{ $json.result.returnMetrics.annualizedReturn }}</h2>\\n            </div>\\n            <div class=\\\"metric-box {{ $json.result.returnMetrics.equityMultiple > 1.5 ? 'positive' : $json.result.returnMetrics.equityMultiple > 1.2 ? 'neutral' : 'negative' }}\\\">\\n                <h4>Equity Multiple</h4>\\n                <h2>{{ $json.result.returnMetrics.equityMultiple }}x</h2>\\n            </div>\\n        </div>\\n        \\n        <div style=\\\"background: #f8f9fa; padding: 20px; border-radius: 8px; margin: 20px 0;\\\">\\n            <h3>💵 Investment Summary</h3>\\n            <p><strong>Total Investment:</strong> ${{ $json.result.investmentSummary.totalInvestment.toLocaleString() }}</p>\\n            <p><strong>Current Value:</strong> ${{ $json.result.investmentSummary.currentValue.toLocaleString() }}</p>\\n            <p><strong>Total Return:</strong> ${{ $json.result.investmentSummary.totalReturn.toLocaleString() }}</p>\\n            <p><strong>Holding Period:</strong> {{ $json.result.investmentSummary.holdingPeriod }} years</p>\\n        </div>\\n        {{ /if }}\\n        \\n        <div style=\\\"background: #e8f5e8; border: 1px solid #28a745; padding: 15px; border-radius: 8px; margin: 20px 0;\\\">\\n            <h3>📋 Key Insights</h3>\\n            <ul>\\n                <li>Analysis completed for {{ $json.timePeriod || 'current period' }}</li>\\n                <li>{{ $json.propertyIds ? $json.propertyIds.length : 1 }} {{ $json.propertyIds && $json.propertyIds.length === 1 ? 'property' : 'properties' }} analyzed</li>\\n                <li>Report generated on {{ new Date($json.generatedDate).toLocaleDateString() }}</li>\\n            </ul>\\n        </div>\\n        \\n        <p>This automated financial analysis provides insights into your real estate investment performance. For detailed analysis and recommendations, please review the complete report.</p>\\n        \\n        <p>Best regards,<br>Investment Analytics Team</p>\\n    </div>\\n</body>\\n</html>",
        "options": {}
      },
      "id": "f6a7b8c9-abcd-ef01-2345-6789abcdef01",
      "name": "Send Financial Report",
      "type": "n8n-nodes-base.gmail",
      "typeVersion": 2.1,
      "position": [
        900,
        300
      ]
    },
    {
      "parameters": {
        "authentication": "oAuth2",
        "resource": "sheet",
        "operation": "appendOrUpdate",
        "documentId": {
          "__rl": true,
          "value": "YOUR_GOOGLE_SHEET_ID",
          "mode": "id"
        },
        "sheetName": {
          "__rl": true,
          "value": "gid=21",
          "mode": "id"
        },
        "columns": {
          "mappingMode": "defineBelow",
          "value": {
            "analysis_id": "={{ $json.analysisId }}",
            "analysis_type": "={{ $json.analysisType }}",
            "portfolio_id": "={{ $json.portfolioId }}",
            "property_count": "={{ $json.propertyIds ? $json.propertyIds.length : 1 }}",
            "analysis_date": "={{ $json.analysisDate }}",
            "generated_date": "={{ $json.generatedDate }}",
            "status": "={{ $json.status }}",
            "net_cash_flow": "={{ $json.result.summary?.netCashFlow || $json.result.investmentSummary?.totalReturn || 0 }}",
            "cash_on_cash_return": "={{ $json.result.summary?.cashOnCashReturn || parseFloat($json.result.returnMetrics?.cashOnCashReturn?.replace('%', '') || '0') }}",
            "total_return": "={{ parseFloat($json.result.returnMetrics?.totalReturn?.replace('%', '') || '0') }}",
            "annualized_return": "={{ parseFloat($json.result.returnMetrics?.annualizedReturn?.replace('%', '') || '0') }}",
            "noi": "={{ $json.result.summary?.netOperatingIncome || 0 }}",
            "occupancy_rate": "={{ $json.result.revenueBreakdown?.occupancyRate || 0 }}",
            "expense_ratio": "={{ $json.result.expenseBreakdown?.expenseRatio || 0 }}",
            "last_updated": "={{ $json.generatedDate }}"
          },
          "matchingColumns": [
            "analysis_id"
          ]
        },
        "options": {}
      },
      "id": "c9d0e1f2-def0-1234-5678-9abcdef01234",
      "name": "Log Financial Analytics Data",
      "type": "n8n-nodes-base.googleSheets",
      "typeVersion": 4.2,
      "position": [
        680,
        500
      ]
    },
    {
      "parameters": {
        "resource": "email",
        "operation": "send",
        "toEmail": "property.manager@company.com",
        "subject": "Financial Analytics Summary: {{ $json.analysisType.replace('_', ' ').toUpperCase() }}",
        "emailType": "html",
        "message": "<!DOCTYPE html>\\n<html>\\n<head>\\n    <style>\\n        body { font-family: Arial, sans-serif; margin: 0; padding: 20px; background: #f4f4f4; }\\n        .container { background: white; padding: 30px; border-radius: 10px; box-shadow: 0 4px 10px rgba(0,0,0,0.1); }\\n        .header { background: #007bff; color: white; padding: 20px; text-align: center; border-radius: 8px; margin-bottom: 20px; }\\n    </style>\\n</head>\\n<body>\\n    <div class=\\\"container\\\">\\n        <div class=\\\"header\\\">\\n            <h1>📊 Financial Analytics Summary</h1>\\n            <h2>{{ $json.analysisType.replace('_', ' ').toUpperCase() }}</h2>\\n        </div>\\n        \\n        <p><strong>Analysis ID:</strong> {{ $json.analysisId }}</p>\\n        <p><strong>Portfolio ID:</strong> {{ $json.portfolioId || 'Individual Property' }}</p>\\n        <p><strong>Properties Analyzed:</strong> {{ $json.propertyIds ? $json.propertyIds.length : 1 }}</p>\\n        <p><strong>Analysis Date:</strong> {{ new Date($json.analysisDate).toLocaleDateString() }}</p>\\n        <p><strong>Status:</strong> {{ $json.status.toUpperCase() }}</p>\\n        \\n        {{ if $json.analysisType === 'cash_flow_analysis' && $json.result.summary }}\\n        <div style=\\\"background: #f8f9fa; padding: 20px; border-radius: 8px; margin: 20px 0;\\\">\\n            <h3>💰 Cash Flow Summary</h3>\\n            <p><strong>Net Cash Flow:</strong> ${{ $json.result.summary.netCashFlow.toLocaleString() }}</p>\\n            <p><strong>NOI:</strong> ${{ $json.result.summary.netOperatingIncome.toLocaleString() }}</p>\\n            <p><strong>Cash-on-Cash Return:</strong> {{ $json.result.summary.cashOnCashReturn }}%</p>\\n        </div>\\n        {{ /if }}\\n        \\n        {{ if $json.analysisType === 'roi_performance' && $json.result.returnMetrics }}\\n        <div style=\\\"background: #f8f9fa; padding: 20px; border-radius: 8px; margin: 20px 0;\\\">\\n            <h3>📈 ROI Performance</h3>\\n            <p><strong>Total Return:</strong> {{ $json.result.returnMetrics.totalReturn }}</p>\\n            <p><strong>Annualized Return:</strong> {{ $json.result.returnMetrics.annualizedReturn }}</p>\\n            <p><strong>IRR:</strong> {{ $json.result.returnMetrics.internalRateOfReturn }}</p>\\n        </div>\\n        {{ /if }}\\n        \\n        <p>Detailed analytics report has been generated and is available for review.</p>\\n        \\n        <p>Best regards,<br>Analytics System</p>\\n    </div>\\n</body>\\n</html>",
        "options": {}
      },
      "id": "a3b4c5d6-1234-5678-9abc-def012345678",
      "name": "Notify Management Team",
      "type": "n8n-nodes-base.gmail",
      "typeVersion": 2.1,
      "position": [
        900,
        400
      ]
    }
  ]
}
