{
  "name": "Smart Alerts & Notification Management System",
  "nodes": [
    {
      "parameters": {
        "httpMethod": "POST",
        "path": "smart-alerts",
        "responseMode": "responseNode",
        "options": {}
      },
      "id": "a1b2c3d4-5678-9abc-def0-123456789abc",
      "name": "Smart Alerts Trigger",
      "type": "n8n-nodes-base.webhook",
      "typeVersion": 1,
      "position": [
        240,
        300
      ],
      "webhookId": "smart-alerts-webhook"
    },
    {
      "parameters": {
        "rule": {
          "interval": [
            {
              "field": "cronExpression",
              "expression": "*/15 * * * *"
            }
          ]
        }
      },
      "id": "b2c3d4e5-6789-abcd-ef01-23456789abcd",
      "name": "Real-time Monitoring",
      "type": "n8n-nodes-base.cron",
      "typeVersion": 1,
      "position": [
        240,
        500
      ]
    },
    {
      "parameters": {
        "rule": {
          "interval": [
            {
              "field": "cronExpression",
              "expression": "0 8,20 * * *"
            }
          ]
        }
      },
      "id": "c3d4e5f6-789a-bcde-f012-3456789abcde",
      "name": "Daily Alert Summary",
      "type": "n8n-nodes-base.cron",
      "typeVersion": 1,
      "position": [
        240,
        700
      ]
    },
    {
      "parameters": {
        "jsCode": "// Smart Alerts & Notification Management System\nconst alertData = $input.first().json;\n\n// Generate unique alert ID\nconst alertId = `alert_${Date.now()}_${Math.random().toString(36).substr(2, 9)}`;\n\n// Process smart alert request\nconst alertResult = await processSmartAlert(alertData);\n\nasync function processSmartAlert(data) {\n  const {\n    alert_type,\n    priority_level,\n    property_id,\n    portfolio_id,\n    trigger_conditions,\n    notification_preferences,\n    recipient_groups,\n    alert_category,\n    threshold_values,\n    monitoring_metrics,\n    time_sensitivity,\n    escalation_rules,\n    automation_actions,\n    custom_parameters,\n    alert_frequency,\n    suppress_duplicates,\n    geographic_filters,\n    market_conditions,\n    financial_thresholds,\n    tenant_related,\n    maintenance_related,\n    compliance_related,\n    market_related,\n    investment_related\n  } = data;\n  \n  let result = {};\n  \n  switch (alert_type) {\n    case 'market_opportunity':\n      result = await processMarketOpportunityAlert(data);\n      break;\n    case 'price_change':\n      result = await processPriceChangeAlert(data);\n      break;\n    case 'rental_income':\n      result = await processRentalIncomeAlert(data);\n      break;\n    case 'maintenance_issue':\n      result = await processMaintenanceAlert(data);\n      break;\n    case 'tenant_notification':\n      result = await processTenantAlert(data);\n      break;\n    case 'financial_threshold':\n      result = await processFinancialAlert(data);\n      break;\n    case 'compliance_deadline':\n      result = await processComplianceAlert(data);\n      break;\n    case 'portfolio_performance':\n      result = await processPerformanceAlert(data);\n      break;\n    case 'system_notification':\n      result = await processSystemAlert(data);\n      break;\n    case 'custom_alert':\n      result = await processCustomAlert(data);\n      break;\n    default:\n      result = await processGeneralAlert(data);\n  }\n  \n  return {\n    alertId,\n    alertType: alert_type,\n    priorityLevel: priority_level,\n    propertyId: property_id,\n    portfolioId: portfolio_id,\n    alertCategory: alert_category,\n    timestamp: new Date().toISOString(),\n    status: 'active',\n    result\n  };\n}\n\nasync function processMarketOpportunityAlert(data) {\n  const {\n    trigger_conditions,\n    threshold_values,\n    geographic_filters,\n    market_conditions,\n    notification_preferences\n  } = data;\n  \n  // Analyze market opportunity\n  const opportunityAnalysis = await analyzeMarketOpportunity(data);\n  \n  // Generate alert details\n  const alertDetails = generateOpportunityAlertDetails(opportunityAnalysis);\n  \n  // Determine notification urgency\n  const urgencyLevel = assessOpportunityUrgency(opportunityAnalysis);\n  \n  return {\n    alertSummary: {\n      alertType: 'Market Opportunity Detected',\n      opportunityType: opportunityAnalysis.opportunityType,\n      potentialValue: opportunityAnalysis.potentialValue,\n      urgencyLevel: urgencyLevel,\n      timeWindow: opportunityAnalysis.timeWindow,\n      confidence: opportunityAnalysis.confidence,\n      marketArea: geographic_filters?.area || 'Multiple Areas'\n    },\n    \n    opportunityDetails: {\n      propertyType: opportunityAnalysis.propertyType,\n      priceRange: opportunityAnalysis.priceRange,\n      estimatedROI: opportunityAnalysis.estimatedROI,\n      marketTrends: opportunityAnalysis.marketTrends,\n      competitiveAdvantage: opportunityAnalysis.competitiveAdvantage,\n      riskFactors: opportunityAnalysis.riskFactors,\n      actionRequired: opportunityAnalysis.actionRequired\n    },\n    \n    triggerConditions: {\n      priceThreshold: threshold_values?.price_change || 'Not specified',\n      volumeThreshold: threshold_values?.volume_change || 'Not specified',\n      marketIndicators: trigger_conditions?.market_indicators || [],\n      timingFactors: trigger_conditions?.timing_factors || [],\n      geographicCriteria: geographic_filters || {}\n    },\n    \n    recommendedActions: {\n      immediateActions: [\n        'Review detailed market analysis',\n        'Evaluate financing options',\n        'Schedule property inspections',\n        'Contact listing agents'\n      ],\n      \n      timeFrameActions: {\n        next24Hours: opportunityAnalysis.urgent24h || [],\n        next7Days: opportunityAnalysis.urgent7d || [],\n        next30Days: opportunityAnalysis.planned30d || []\n      },\n      \n      contingencyPlans: [\n        'Backup financing arrangements',\n        'Alternative property options',\n        'Market condition monitoring',\n        'Exit strategy preparation'\n      ]\n    },\n    \n    notificationPlan: {\n      primaryRecipients: notification_preferences?.primary || ['investor@company.com'],\n      secondaryRecipients: notification_preferences?.secondary || ['advisor@company.com'],\n      escalationPath: notification_preferences?.escalation || [],\n      deliveryMethods: ['Email', 'SMS', 'Push Notification'],\n      followUpSchedule: {\n        initial: 'Immediate',\n        reminder1: '2 hours if no response',\n        reminder2: '6 hours if no response',\n        escalation: '24 hours if no response'\n      }\n    },\n    \n    analyticsData: {\n      alertEffectiveness: 'TBD - Track response time and outcomes',\n      historicalPerformance: 'Compare to previous similar alerts',\n      marketAccuracy: 'Monitor prediction accuracy over time',\n      responseMetrics: 'Track user engagement and actions taken'\n    }\n  };\n}\n\nasync function processPriceChangeAlert(data) {\n  const {\n    property_id,\n    threshold_values,\n    monitoring_metrics,\n    alert_frequency\n  } = data;\n  \n  const priceAnalysis = await analyzePriceChange(data);\n  const impactAssessment = assessPriceChangeImpact(priceAnalysis);\n  \n  return {\n    priceChangeSummary: {\n      propertyId: property_id,\n      currentPrice: priceAnalysis.currentPrice,\n      previousPrice: priceAnalysis.previousPrice,\n      priceChange: priceAnalysis.priceChange,\n      percentageChange: priceAnalysis.percentageChange,\n      changeDirection: priceAnalysis.changeDirection,\n      significanceLevel: priceAnalysis.significanceLevel\n    },\n    \n    marketContext: {\n      localMarketTrend: priceAnalysis.localTrend,\n      regionalComparison: priceAnalysis.regionalComparison,\n      seasonalFactors: priceAnalysis.seasonalFactors,\n      marketDrivers: priceAnalysis.marketDrivers,\n      competitorAnalysis: priceAnalysis.competitorAnalysis\n    },\n    \n    impactAnalysis: {\n      portfolioImpact: impactAssessment.portfolioImpact,\n      cashFlowEffect: impactAssessment.cashFlowEffect,\n      equityChange: impactAssessment.equityChange,\n      refinancingImplications: impactAssessment.refinancingImplications,\n      taxImplications: impactAssessment.taxImplications\n    },\n    \n    recommendedActions: {\n      immediate: impactAssessment.immediateActions,\n      shortTerm: impactAssessment.shortTermActions,\n      longTerm: impactAssessment.longTermActions,\n      riskMitigation: impactAssessment.riskMitigation\n    },\n    \n    monitoringPlan: {\n      frequency: alert_frequency || 'Daily',\n      keyMetrics: monitoring_metrics || ['Price', 'Volume', 'DOM'],\n      thresholds: threshold_values || {},\n      reportingSchedule: 'Weekly summary with daily updates for significant changes'\n    }\n  };\n}\n\nasync function processRentalIncomeAlert(data) {\n  const {\n    property_id,\n    financial_thresholds,\n    tenant_related,\n    time_sensitivity\n  } = data;\n  \n  const incomeAnalysis = await analyzeRentalIncome(data);\n  const collectionStatus = assessCollectionStatus(incomeAnalysis);\n  \n  return {\n    rentalIncomeSummary: {\n      propertyId: property_id,\n      expectedIncome: incomeAnalysis.expectedIncome,\n      actualIncome: incomeAnalysis.actualIncome,\n      variance: incomeAnalysis.variance,\n      variancePercentage: incomeAnalysis.variancePercentage,\n      alertReason: incomeAnalysis.alertReason,\n      severity: incomeAnalysis.severity\n    },\n    \n    collectionDetails: {\n      onTimePayments: collectionStatus.onTimePayments,\n      latePayments: collectionStatus.latePayments,\n      missedPayments: collectionStatus.missedPayments,\n      totalOutstanding: collectionStatus.totalOutstanding,\n      avgDaysLate: collectionStatus.avgDaysLate,\n      collectionTrend: collectionStatus.trend\n    },\n    \n    tenantAnalysis: {\n      tenantRiskProfile: tenant_related?.risk_profile || 'Standard',\n      paymentHistory: tenant_related?.payment_history || 'No history available',\n      communicationStatus: tenant_related?.communication_status || 'Normal',\n      leaseCompliance: tenant_related?.lease_compliance || 'Compliant',\n      renewalProbability: tenant_related?.renewal_probability || 'Unknown'\n    },\n    \n    actionPlan: {\n      immediateActions: generateIncomeActions(incomeAnalysis, 'immediate'),\n      followUpActions: generateIncomeActions(incomeAnalysis, 'followup'),\n      preventiveActions: generateIncomeActions(incomeAnalysis, 'preventive'),\n      escalationProcedure: generateIncomeActions(incomeAnalysis, 'escalation')\n    },\n    \n    timelinessRequirements: {\n      timeSensitivity: time_sensitivity || 'Medium',\n      responseWindow: determineResponseWindow(incomeAnalysis.severity),\n      escalationTriggers: {\n        autoEscalate: 'If no response within 4 hours',\n        managerNotification: 'If variance exceeds 20%',\n        ownerAlert: 'If rent is 10+ days late'\n      }\n    }\n  };\n}\n\nasync function processMaintenanceAlert(data) {\n  const {\n    property_id,\n    maintenance_related,\n    priority_level,\n    escalation_rules\n  } = data;\n  \n  const maintenanceAnalysis = await analyzeMaintenanceIssue(data);\n  const urgencyAssessment = assessMaintenanceUrgency(maintenanceAnalysis);\n  \n  return {\n    maintenanceIssueSummary: {\n      propertyId: property_id,\n      issueType: maintenanceAnalysis.issueType,\n      issueCategory: maintenanceAnalysis.category,\n      priorityLevel: priority_level,\n      urgencyScore: urgencyAssessment.urgencyScore,\n      estimatedCost: maintenanceAnalysis.estimatedCost,\n      timeToResolve: maintenanceAnalysis.timeToResolve\n    },\n    \n    issueDetails: {\n      description: maintenanceAnalysis.description,\n      location: maintenanceAnalysis.location,\n      reportedBy: maintenanceAnalysis.reportedBy,\n      reportedDate: maintenanceAnalysis.reportedDate,\n      photos: maintenanceAnalysis.photos || [],\n      previousOccurrences: maintenanceAnalysis.previousOccurrences\n    },\n    \n    riskAssessment: {\n      safetyRisk: urgencyAssessment.safetyRisk,\n      propertyDamageRisk: urgencyAssessment.propertyDamageRisk,\n      tenantImpact: urgencyAssessment.tenantImpact,\n      legalCompliance: urgencyAssessment.legalCompliance,\n      costEscalationRisk: urgencyAssessment.costEscalationRisk\n    },\n    \n    responseProtocol: {\n      immediateActions: generateMaintenanceActions(urgencyAssessment, 'immediate'),\n      contractorNotification: generateMaintenanceActions(urgencyAssessment, 'contractor'),\n      tenantCommunication: generateMaintenanceActions(urgencyAssessment, 'tenant'),\n      documentationRequired: generateMaintenanceActions(urgencyAssessment, 'documentation')\n    },\n    \n    escalationPath: {\n      level1: escalation_rules?.level1 || 'Property Manager (Immediate)',\n      level2: escalation_rules?.level2 || 'Maintenance Supervisor (1 hour)',\n      level3: escalation_rules?.level3 || 'Property Owner (4 hours)',\n      emergency: escalation_rules?.emergency || 'Emergency Services (Immediate)'\n    }\n  };\n}\n\nfunction analyzeMarketOpportunity(data) {\n  // Simulate market opportunity analysis\n  const opportunities = [\n    {\n      opportunityType: 'Undervalued Property',\n      potentialValue: '$50,000 - $75,000',\n      estimatedROI: '15-22%',\n      confidence: 'High (85%)',\n      timeWindow: '7-14 days',\n      propertyType: 'Single Family Residence',\n      priceRange: '$275,000 - $325,000'\n    },\n    {\n      opportunityType: 'Market Timing',\n      potentialValue: '$25,000 - $40,000',\n      estimatedROI: '12-18%',\n      confidence: 'Medium (72%)',\n      timeWindow: '30-45 days',\n      propertyType: 'Multi-family',\n      priceRange: '$450,000 - $550,000'\n    },\n    {\n      opportunityType: 'Rental Arbitrage',\n      potentialValue: '$15,000 - $25,000',\n      estimatedROI: '18-25%',\n      confidence: 'High (88%)',\n      timeWindow: '14-21 days',\n      propertyType: 'Condominium',\n      priceRange: '$200,000 - $275,000'\n    }\n  ];\n  \n  const selectedOpportunity = opportunities[Math.floor(Math.random() * opportunities.length)];\n  \n  return {\n    ...selectedOpportunity,\n    marketTrends: ['Increasing demand in target area', 'Interest rates stabilizing', 'Limited inventory'],\n    competitiveAdvantage: 'First-to-market advantage, established contractor network',\n    riskFactors: ['Market volatility', 'Financing contingencies', 'Inspection findings'],\n    actionRequired: ['Schedule property viewing', 'Prepare financing documentation', 'Contact listing agent'],\n    urgent24h: ['Initial property assessment', 'Financing pre-approval confirmation'],\n    urgent7d: ['Detailed inspection', 'Comparative market analysis', 'Offer preparation'],\n    planned30d: ['Due diligence completion', 'Closing preparation', 'Renovation planning']\n  };\n}\n\nfunction analyzePriceChange(data) {\n  // Simulate price change analysis\n  const currentPrice = 450000;\n  const previousPrice = 425000;\n  const priceChange = currentPrice - previousPrice;\n  const percentageChange = Math.round((priceChange / previousPrice) * 100 * 100) / 100;\n  \n  return {\n    currentPrice,\n    previousPrice,\n    priceChange,\n    percentageChange,\n    changeDirection: priceChange > 0 ? 'Increase' : 'Decrease',\n    significanceLevel: Math.abs(percentageChange) > 5 ? 'High' : Math.abs(percentageChange) > 2 ? 'Medium' : 'Low',\n    localTrend: 'Upward trend in local market',\n    regionalComparison: '3% above regional average',\n    seasonalFactors: 'Spring market activity increase',\n    marketDrivers: ['Low inventory', 'High demand', 'Interest rate stability'],\n    competitorAnalysis: 'Similar properties showing 4-6% increases'\n  };\n}\n\nfunction analyzeRentalIncome(data) {\n  // Simulate rental income analysis\n  const expectedIncome = 3500;\n  const actualIncome = 3200;\n  const variance = actualIncome - expectedIncome;\n  const variancePercentage = Math.round((variance / expectedIncome) * 100 * 100) / 100;\n  \n  return {\n    expectedIncome,\n    actualIncome,\n    variance,\n    variancePercentage,\n    alertReason: variance < 0 ? 'Income below expected' : 'Income above expected',\n    severity: Math.abs(variancePercentage) > 10 ? 'High' : Math.abs(variancePercentage) > 5 ? 'Medium' : 'Low'\n  };\n}\n\nfunction analyzeMaintenanceIssue(data) {\n  // Simulate maintenance issue analysis\n  const issues = [\n    {\n      issueType: 'HVAC System Failure',\n      category: 'Emergency',\n      description: 'Heating system not functioning in winter weather',\n      location: 'Main unit - basement mechanical room',\n      estimatedCost: '$2,500 - $4,000',\n      timeToResolve: '24-48 hours'\n    },\n    {\n      issueType: 'Plumbing Leak',\n      category: 'Urgent',\n      description: 'Water leak detected under kitchen sink',\n      location: 'Unit 2B - Kitchen',\n      estimatedCost: '$150 - $300',\n      timeToResolve: '2-4 hours'\n    },\n    {\n      issueType: 'Appliance Malfunction',\n      category: 'Standard',\n      description: 'Refrigerator not cooling properly',\n      location: 'Unit 1A - Kitchen',\n      estimatedCost: '$200 - $500',\n      timeToResolve: '1-2 days'\n    }\n  ];\n  \n  const selectedIssue = issues[Math.floor(Math.random() * issues.length)];\n  \n  return {\n    ...selectedIssue,\n    reportedBy: 'Tenant via online portal',\n    reportedDate: new Date().toISOString(),\n    photos: ['issue_photo_1.jpg', 'issue_photo_2.jpg'],\n    previousOccurrences: 'None in past 12 months'\n  };\n}\n\nreturn [{ json: alertResult }];"
      },
      "id": "d4e5f6a7-89ab-cdef-0123-456789abcdef",
      "name": "Process Smart Alert",
      "type": "n8n-nodes-base.code",
      "typeVersion": 2,
      "position": [
        460,
        300
      ]
    },
    {
      "parameters": {
        "conditions": {
          "options": {
            "caseSensitive": true,
            "leftValue": "",
            "typeValidation": "strict"
          },
          "conditions": [
            {
              "id": "a1b2c3d4-1234-5678-9abc-123456789abc",
              "leftValue": "={{ $json.priorityLevel }}",
              "rightValue": "high",
              "operator": {
                "type": "string",
                "operation": "equals"
              }
            },
            {
              "id": "b2c3d4e5-2345-6789-abcd-123456789abc",
              "leftValue": "={{ $json.priorityLevel }}",
              "rightValue": "critical",
              "operator": {
                "type": "string",
                "operation": "equals"
              }
            }
          ],
          "combinator": "or"
        },
        "options": {}
      },
      "id": "e5f6a7b8-9abc-def0-1234-56789abcdef0",
      "name": "Check Alert Priority",
      "type": "n8n-nodes-base.if",
      "typeVersion": 2,
      "position": [
        680,
        300
      ]
    },
    {
      "parameters": {
        "resource": "email",
        "operation": "send",
        "toEmail": "={{ $json.result.notificationPlan?.primaryRecipients?.[0] || 'investor@company.com' }}",
        "subject": "🚨 {{ $json.priorityLevel?.toUpperCase() || 'HIGH' }} PRIORITY ALERT: {{ $json.alertType?.replace('_', ' ')?.toUpperCase() || 'SYSTEM ALERT' }}",
        "emailType": "html",
        "message": "<!DOCTYPE html>\\n<html>\\n<head>\\n    <style>\\n        body { font-family: Arial, sans-serif; margin: 0; padding: 20px; background: #f4f4f4; }\\n        .container { background: white; padding: 30px; border-radius: 10px; box-shadow: 0 4px 10px rgba(0,0,0,0.1); }\\n        .header { padding: 20px; text-align: center; border-radius: 8px; margin-bottom: 20px; }\\n        .critical { background: #dc3545; color: white; }\\n        .high { background: #fd7e14; color: white; }\\n        .medium { background: #ffc107; color: #333; }\\n        .alert-box { background: #fff3cd; border: 1px solid #ffc107; padding: 20px; border-radius: 8px; margin: 20px 0; }\\n        .action-box { background: #e8f5e8; border: 1px solid #28a745; padding: 20px; border-radius: 8px; margin: 20px 0; }\\n        .urgent { background: #ffe6e6; border: 1px solid #dc3545; padding: 20px; border-radius: 8px; margin: 20px 0; }\\n    </style>\\n</head>\\n<body>\\n    <div class=\\\"container\\\">\\n        <div class=\\\"header {{ $json.priorityLevel === 'critical' ? 'critical' : $json.priorityLevel === 'high' ? 'high' : 'medium' }}\\\">\\n            <h1>🚨 {{ $json.priorityLevel?.toUpperCase() || 'HIGH' }} PRIORITY ALERT</h1>\\n            <h2>{{ $json.alertType?.replace('_', ' ')?.toUpperCase() || 'SYSTEM ALERT' }}</h2>\\n            <p>Alert Time: {{ new Date($json.timestamp).toLocaleString() }}</p>\\n        </div>\\n        \\n        <div class=\\\"alert-box\\\">\\n            <h3>📋 Alert Summary</h3>\\n            <p><strong>Alert ID:</strong> {{ $json.alertId }}</p>\\n            <p><strong>Alert Type:</strong> {{ $json.alertType?.replace('_', ' ') || 'General Alert' }}</p>\\n            <p><strong>Priority Level:</strong> {{ $json.priorityLevel?.toUpperCase() || 'HIGH' }}</p>\\n            <p><strong>Property ID:</strong> {{ $json.propertyId || 'Multiple Properties' }}</p>\\n            <p><strong>Status:</strong> {{ $json.status?.toUpperCase() || 'ACTIVE' }}</p>\\n        </div>\\n        \\n        {{ if $json.alertType === 'market_opportunity' && $json.result.alertSummary }}\\n        <div class=\\\"action-box\\\">\\n            <h3>🎯 Market Opportunity Details</h3>\\n            <p><strong>Opportunity Type:</strong> {{ $json.result.alertSummary.opportunityType }}</p>\\n            <p><strong>Potential Value:</strong> {{ $json.result.alertSummary.potentialValue }}</p>\\n            <p><strong>Urgency Level:</strong> {{ $json.result.alertSummary.urgencyLevel }}</p>\\n            <p><strong>Time Window:</strong> {{ $json.result.alertSummary.timeWindow }}</p>\\n            <p><strong>Confidence:</strong> {{ $json.result.alertSummary.confidence }}</p>\\n            <p><strong>Market Area:</strong> {{ $json.result.alertSummary.marketArea }}</p>\\n        </div>\\n        \\n        <div class=\\\"urgent\\\">\\n            <h3>⚡ Immediate Actions Required</h3>\\n            <ul>\\n                {{ $json.result.recommendedActions.immediateActions.map(action => `<li>${action}</li>`).join('') }}\\n            </ul>\\n        </div>\\n        {{ /if }}\\n        \\n        {{ if $json.alertType === 'price_change' && $json.result.priceChangeSummary }}\\n        <div class=\\\"action-box\\\">\\n            <h3>💰 Price Change Details</h3>\\n            <p><strong>Property ID:</strong> {{ $json.result.priceChangeSummary.propertyId }}</p>\\n            <p><strong>Current Price:</strong> ${{ $json.result.priceChangeSummary.currentPrice.toLocaleString() }}</p>\\n            <p><strong>Previous Price:</strong> ${{ $json.result.priceChangeSummary.previousPrice.toLocaleString() }}</p>\\n            <p><strong>Price Change:</strong> ${{ $json.result.priceChangeSummary.priceChange.toLocaleString() }} ({{ $json.result.priceChangeSummary.percentageChange }}%)</p>\\n            <p><strong>Direction:</strong> {{ $json.result.priceChangeSummary.changeDirection }}</p>\\n            <p><strong>Significance:</strong> {{ $json.result.priceChangeSummary.significanceLevel }}</p>\\n        </div>\\n        {{ /if }}\\n        \\n        {{ if $json.alertType === 'rental_income' && $json.result.rentalIncomeSummary }}\\n        <div class=\\\"action-box\\\">\\n            <h3>🏠 Rental Income Alert</h3>\\n            <p><strong>Property ID:</strong> {{ $json.result.rentalIncomeSummary.propertyId }}</p>\\n            <p><strong>Expected Income:</strong> ${{ $json.result.rentalIncomeSummary.expectedIncome.toLocaleString() }}</p>\\n            <p><strong>Actual Income:</strong> ${{ $json.result.rentalIncomeSummary.actualIncome.toLocaleString() }}</p>\\n            <p><strong>Variance:</strong> ${{ $json.result.rentalIncomeSummary.variance.toLocaleString() }} ({{ $json.result.rentalIncomeSummary.variancePercentage }}%)</p>\\n            <p><strong>Alert Reason:</strong> {{ $json.result.rentalIncomeSummary.alertReason }}</p>\\n            <p><strong>Severity:</strong> {{ $json.result.rentalIncomeSummary.severity }}</p>\\n        </div>\\n        {{ /if }}\\n        \\n        {{ if $json.alertType === 'maintenance_issue' && $json.result.maintenanceIssueSummary }}\\n        <div class=\\\"urgent\\\">\\n            <h3>🔧 Maintenance Issue Alert</h3>\\n            <p><strong>Property ID:</strong> {{ $json.result.maintenanceIssueSummary.propertyId }}</p>\\n            <p><strong>Issue Type:</strong> {{ $json.result.maintenanceIssueSummary.issueType }}</p>\\n            <p><strong>Category:</strong> {{ $json.result.maintenanceIssueSummary.issueCategory }}</p>\\n            <p><strong>Urgency Score:</strong> {{ $json.result.maintenanceIssueSummary.urgencyScore }}</p>\\n            <p><strong>Estimated Cost:</strong> {{ $json.result.maintenanceIssueSummary.estimatedCost }}</p>\\n            <p><strong>Time to Resolve:</strong> {{ $json.result.maintenanceIssueSummary.timeToResolve }}</p>\\n        </div>\\n        {{ /if }}\\n        \\n        <div style=\\\"background: #f8f9fa; padding: 20px; border-radius: 8px; margin: 20px 0;\\\">\\n            <h3>📞 Next Steps</h3>\\n            <ol>\\n                <li>Review alert details immediately</li>\\n                <li>Take recommended immediate actions</li>\\n                <li>Contact relevant team members</li>\\n                <li>Monitor situation for updates</li>\\n                <li>Document response and outcomes</li>\\n            </ol>\\n        </div>\\n        \\n        <div style=\\\"background: #e8f5e8; border: 1px solid #28a745; padding: 15px; border-radius: 8px; margin: 20px 0;\\\">\\n            <h3>📞 Emergency Contacts</h3>\\n            <p><strong>Property Manager:</strong> (555) 123-4567</p>\\n            <p><strong>Investment Advisor:</strong> (555) 234-5678</p>\\n            <p><strong>Emergency Line:</strong> (555) 911-HELP</p>\\n            <p><strong>System Support:</strong> support@realestate.com</p>\\n        </div>\\n        \\n        <p><strong>Note:</strong> This is an automated alert from your Real Estate Intelligence System. Please respond promptly to ensure optimal property management and investment outcomes.</p>\\n        \\n        <p>Best regards,<br>Smart Alert System</p>\\n    </div>\\n</body>\\n</html>",
        "options": {
          "priority": "high"
        }
      },
      "id": "f6a7b8c9-abcd-ef01-2345-6789abcdef01",
      "name": "Send High Priority Alert",
      "type": "n8n-nodes-base.gmail",
      "typeVersion": 2.1,
      "position": [
        900,
        250
      ]
    },
    {
      "parameters": {
        "resource": "message",
        "operation": "send",
        "toPhoneNumber": "+1234567890",
        "message": "🚨 {{ $json.priorityLevel?.toUpperCase() || 'HIGH' }} PRIORITY ALERT\\n\\n{{ $json.alertType?.replace('_', ' ')?.toUpperCase() || 'SYSTEM ALERT' }}\\n\\nAlert ID: {{ $json.alertId }}\\nTime: {{ new Date($json.timestamp).toLocaleString() }}\\n\\n{{ if $json.alertType === 'market_opportunity' }}Market Opportunity: {{ $json.result.alertSummary?.opportunityType }}\\nValue: {{ $json.result.alertSummary?.potentialValue }}\\nUrgency: {{ $json.result.alertSummary?.urgencyLevel }}{{ /if }}{{ if $json.alertType === 'maintenance_issue' }}Maintenance Issue: {{ $json.result.maintenanceIssueSummary?.issueType }}\\nCategory: {{ $json.result.maintenanceIssueSummary?.issueCategory }}{{ /if }}\\n\\nIMMEDIATE ACTION REQUIRED\\nCheck email for full details.",
        "options": {}
      },
      "id": "a7b8c9d0-bcde-f012-3456-789abcdef012",
      "name": "Send SMS Alert",
      "type": "n8n-nodes-base.twilioSms",
      "typeVersion": 1,
      "position": [
        900,
        350
      ]
    },
    {
      "parameters": {
        "authentication": "oAuth2",
        "resource": "sheet",
        "operation": "appendOrUpdate",
        "documentId": {
          "__rl": true,
          "value": "YOUR_GOOGLE_SHEET_ID",
          "mode": "id"
        },
        "sheetName": {
          "__rl": true,
          "value": "gid=22",
          "mode": "id"
        },
        "columns": {
          "mappingMode": "defineBelow",
          "value": {
            "alert_id": "={{ $json.alertId }}",
            "alert_type": "={{ $json.alertType }}",
            "priority_level": "={{ $json.priorityLevel }}",
            "property_id": "={{ $json.propertyId }}",
            "portfolio_id": "={{ $json.portfolioId }}",
            "alert_category": "={{ $json.alertCategory }}",
            "timestamp": "={{ $json.timestamp }}",
            "status": "={{ $json.status }}",
            "opportunity_type": "={{ $json.result.alertSummary?.opportunityType || '' }}",
            "potential_value": "={{ $json.result.alertSummary?.potentialValue || '' }}",
            "urgency_level": "={{ $json.result.alertSummary?.urgencyLevel || $json.result.maintenanceIssueSummary?.urgencyScore || '' }}",
            "confidence": "={{ $json.result.alertSummary?.confidence || '' }}",
            "price_change": "={{ $json.result.priceChangeSummary?.priceChange || 0 }}",
            "percentage_change": "={{ $json.result.priceChangeSummary?.percentageChange || 0 }}",
            "income_variance": "={{ $json.result.rentalIncomeSummary?.variance || 0 }}",
            "maintenance_cost": "={{ $json.result.maintenanceIssueSummary?.estimatedCost || '' }}",
            "last_updated": "={{ $json.timestamp }}"
          },
          "matchingColumns": [
            "alert_id"
          ]
        },
        "options": {}
      },
      "id": "c9d0e1f2-def0-1234-5678-9abcdef01234",
      "name": "Log Alert Data",
      "type": "n8n-nodes-base.googleSheets",
      "typeVersion": 4.2,
      "position": [
        680,
        500
      ]
    },
    {
      "parameters": {
        "resource": "email",
        "operation": "send",
        "toEmail": "manager@company.com",
        "subject": "Alert Notification Summary - {{ new Date().toLocaleDateString() }}",
        "emailType": "html",
        "message": "<!DOCTYPE html>\\n<html>\\n<head>\\n    <style>\\n        body { font-family: Arial, sans-serif; margin: 0; padding: 20px; background: #f4f4f4; }\\n        .container { background: white; padding: 30px; border-radius: 10px; box-shadow: 0 4px 10px rgba(0,0,0,0.1); }\\n        .header { background: #007bff; color: white; padding: 20px; text-align: center; border-radius: 8px; margin-bottom: 20px; }\\n    </style>\\n</head>\\n<body>\\n    <div class=\\\"container\\\">\\n        <div class=\\\"header\\\">\\n            <h1>🔔 Alert System Notification</h1>\\n            <h2>{{ $json.alertType?.replace('_', ' ')?.toUpperCase() || 'SYSTEM ALERT' }}</h2>\\n        </div>\\n        \\n        <p><strong>Alert ID:</strong> {{ $json.alertId }}</p>\\n        <p><strong>Alert Type:</strong> {{ $json.alertType }}</p>\\n        <p><strong>Priority:</strong> {{ $json.priorityLevel?.toUpperCase() || 'STANDARD' }}</p>\\n        <p><strong>Timestamp:</strong> {{ new Date($json.timestamp).toLocaleString() }}</p>\\n        <p><strong>Status:</strong> {{ $json.status?.toUpperCase() || 'ACTIVE' }}</p>\\n        \\n        {{ if $json.propertyId }}\\n        <p><strong>Property ID:</strong> {{ $json.propertyId }}</p>\\n        {{ /if }}\\n        \\n        {{ if $json.portfolioId }}\\n        <p><strong>Portfolio ID:</strong> {{ $json.portfolioId }}</p>\\n        {{ /if }}\\n        \\n        <div style=\\\"background: #f8f9fa; padding: 20px; border-radius: 8px; margin: 20px 0;\\\">\\n            <h3>Alert Details</h3>\\n            <p>A {{ $json.priorityLevel || 'standard' }} priority alert has been triggered in the system. Please review the alert details and take appropriate action as needed.</p>\\n        </div>\\n        \\n        <p>This notification is for management awareness. Detailed alert information has been sent to the primary recipients.</p>\\n        \\n        <p>Best regards,<br>Alert Management System</p>\\n    </div>\\n</body>\\n</html>",
        "options": {}
      },
      "id": "b8c9d0e1-cdef-0123-4567-89abcdef0123",
      "name": "Notify Management",
      "type": "n8n-nodes-base.gmail",
      "typeVersion": 2.1,
      "position": [
        900,
        450
      ]
    }
  ]
}
