{
  "name": "Compliance & Legal Documentation System",
  "nodes": [
    {
      "parameters": {
        "httpMethod": "POST",
        "path": "compliance-legal",
        "responseMode": "responseNode",
        "options": {}
      },
      "id": "a1b2c3d4-5678-9abc-def0-123456789abc",
      "name": "Compliance Legal Trigger",
      "type": "n8n-nodes-base.webhook",
      "typeVersion": 1,
      "position": [
        240,
        300
      ],
      "webhookId": "compliance-legal-webhook"
    },
    {
      "parameters": {
        "rule": {
          "interval": [
            {
              "field": "cronExpression",
              "expression": "0 9 * * 1"
            }
          ]
        }
      },
      "id": "b2c3d4e5-6789-abcd-ef01-23456789abcd",
      "name": "Weekly Compliance Check",
      "type": "n8n-nodes-base.cron",
      "typeVersion": 1,
      "position": [
        240,
        500
      ]
    },
    {
      "parameters": {
        "rule": {
          "interval": [
            {
              "field": "cronExpression",
              "expression": "0 8 1 * *"
            }
          ]
        }
      },
      "id": "c3d4e5f6-789a-bcde-f012-3456789abcde",
      "name": "Monthly Legal Review",
      "type": "n8n-nodes-base.cron",
      "typeVersion": 1,
      "position": [
        240,
        700
      ]
    },
    {
      "parameters": {
        "jsCode": "// Compliance & Legal Documentation System\nconst complianceData = $input.first().json;\n\n// Generate unique compliance ID\nconst complianceId = `comp_${Date.now()}_${Math.random().toString(36).substr(2, 9)}`;\n\n// Process compliance request\nconst complianceResult = await processComplianceRequest(complianceData);\n\nasync function processComplianceRequest(data) {\n  const {\n    compliance_type,\n    property_id,\n    portfolio_id,\n    jurisdiction,\n    document_type,\n    deadline_date,\n    priority_level,\n    legal_requirements,\n    regulatory_framework,\n    compliance_status,\n    documentation_needed,\n    filing_requirements,\n    inspection_schedules,\n    permit_applications,\n    license_renewals,\n    tax_obligations,\n    zoning_compliance,\n    building_codes,\n    safety_regulations,\n    environmental_compliance,\n    fair_housing_requirements,\n    tenant_rights,\n    landlord_obligations,\n    insurance_requirements,\n    financial_reporting\n  } = data;\n  \n  let result = {};\n  \n  switch (compliance_type) {\n    case 'regulatory_filing':\n      result = await processRegulatoryFiling(data);\n      break;\n    case 'permit_application':\n      result = await processPermitApplication(data);\n      break;\n    case 'license_renewal':\n      result = await processLicenseRenewal(data);\n      break;\n    case 'tax_compliance':\n      result = await processTaxCompliance(data);\n      break;\n    case 'safety_inspection':\n      result = await processSafetyInspection(data);\n      break;\n    case 'zoning_compliance':\n      result = await processZoningCompliance(data);\n      break;\n    case 'fair_housing':\n      result = await processFairHousingCompliance(data);\n      break;\n    case 'environmental_compliance':\n      result = await processEnvironmentalCompliance(data);\n      break;\n    case 'insurance_compliance':\n      result = await processInsuranceCompliance(data);\n      break;\n    case 'document_generation':\n      result = await processDocumentGeneration(data);\n      break;\n    default:\n      result = await processGeneralCompliance(data);\n  }\n  \n  return {\n    complianceId,\n    complianceType: compliance_type,\n    propertyId: property_id,\n    portfolioId: portfolio_id,\n    jurisdiction: jurisdiction,\n    documentType: document_type,\n    deadlineDate: deadline_date,\n    priorityLevel: priority_level,\n    processedDate: new Date().toISOString(),\n    status: 'processed',\n    result\n  };\n}\n\nasync function processRegulatoryFiling(data) {\n  const {\n    jurisdiction,\n    filing_requirements,\n    deadline_date,\n    regulatory_framework\n  } = data;\n  \n  const filingAnalysis = await analyzeFilingRequirements(data);\n  const complianceStatus = assessComplianceStatus(filingAnalysis);\n  \n  return {\n    filingSummary: {\n      jurisdiction: jurisdiction,\n      filingType: filingAnalysis.filingType,\n      regulatoryBody: filingAnalysis.regulatoryBody,\n      deadline: deadline_date,\n      daysRemaining: calculateDaysRemaining(deadline_date),\n      complianceStatus: complianceStatus.status,\n      riskLevel: complianceStatus.riskLevel\n    },\n    \n    requirements: {\n      mandatoryDocuments: filingAnalysis.mandatoryDocuments,\n      optionalDocuments: filingAnalysis.optionalDocuments,\n      financialStatements: filingAnalysis.financialStatements,\n      certifications: filingAnalysis.certifications,\n      notarizations: filingAnalysis.notarizations,\n      witnessRequirements: filingAnalysis.witnessRequirements\n    },\n    \n    filingProcess: {\n      submissionMethod: filingAnalysis.submissionMethod,\n      filingFees: filingAnalysis.filingFees,\n      processingTime: filingAnalysis.processingTime,\n      trackingMethods: filingAnalysis.trackingMethods,\n      confirmationProcess: filingAnalysis.confirmationProcess,\n      appealProcess: filingAnalysis.appealProcess\n    },\n    \n    complianceChecklist: {\n      documentPreparation: generateDocumentChecklist(filingAnalysis),\n      reviewProcess: generateReviewChecklist(filingAnalysis),\n      submissionSteps: generateSubmissionChecklist(filingAnalysis),\n      followUpActions: generateFollowUpChecklist(filingAnalysis)\n    },\n    \n    riskAssessment: {\n      nonComplianceRisks: complianceStatus.nonComplianceRisks,\n      penalties: complianceStatus.penalties,\n      mitigationStrategies: complianceStatus.mitigationStrategies,\n      contingencyPlans: complianceStatus.contingencyPlans\n    },\n    \n    timeline: {\n      preparationPhase: calculatePhaseTimeline(deadline_date, 'preparation'),\n      reviewPhase: calculatePhaseTimeline(deadline_date, 'review'),\n      submissionPhase: calculatePhaseTimeline(deadline_date, 'submission'),\n      followUpPhase: calculatePhaseTimeline(deadline_date, 'followup')\n    }\n  };\n}\n\nasync function processPermitApplication(data) {\n  const {\n    property_id,\n    permit_applications,\n    building_codes,\n    zoning_compliance\n  } = data;\n  \n  const permitAnalysis = await analyzePermitRequirements(data);\n  const applicationProcess = generateApplicationProcess(permitAnalysis);\n  \n  return {\n    permitSummary: {\n      propertyId: property_id,\n      permitType: permitAnalysis.permitType,\n      permitCategory: permitAnalysis.category,\n      issuingAuthority: permitAnalysis.issuingAuthority,\n      estimatedProcessingTime: permitAnalysis.processingTime,\n      applicationFee: permitAnalysis.applicationFee,\n      totalEstimatedCost: permitAnalysis.totalCost\n    },\n    \n    applicationRequirements: {\n      requiredDocuments: permitAnalysis.requiredDocuments,\n      technicalDrawings: permitAnalysis.technicalDrawings,\n      engineeringReports: permitAnalysis.engineeringReports,\n      environmentalAssessments: permitAnalysis.environmentalAssessments,\n      neighborNotifications: permitAnalysis.neighborNotifications,\n      publicHearings: permitAnalysis.publicHearings\n    },\n    \n    codeCompliance: {\n      buildingCodeRequirements: analyzeBuildingCodeCompliance(building_codes),\n      zoningRequirements: analyzeZoningCompliance(zoning_compliance),\n      safetyRequirements: analyzeSafetyRequirements(permitAnalysis),\n      accessibilityRequirements: analyzeAccessibilityRequirements(permitAnalysis),\n      environmentalRequirements: analyzeEnvironmentalRequirements(permitAnalysis)\n    },\n    \n    applicationProcess: {\n      preApplicationMeeting: applicationProcess.preApplicationMeeting,\n      applicationSubmission: applicationProcess.applicationSubmission,\n      planReview: applicationProcess.planReview,\n      inspectionSchedule: applicationProcess.inspectionSchedule,\n      permitIssuance: applicationProcess.permitIssuance,\n      constructionPhase: applicationProcess.constructionPhase\n    },\n    \n    qualityAssurance: {\n      documentReview: 'Professional review of all documents',\n      codeCompliance: 'Verification of code compliance',\n      processValidation: 'Validation of application process',\n      riskMitigation: 'Risk assessment and mitigation planning'\n    }\n  };\n}\n\nasync function processTaxCompliance(data) {\n  const {\n    property_id,\n    tax_obligations,\n    financial_reporting,\n    jurisdiction\n  } = data;\n  \n  const taxAnalysis = await analyzeTaxRequirements(data);\n  const complianceSchedule = generateTaxComplianceSchedule(taxAnalysis);\n  \n  return {\n    taxSummary: {\n      propertyId: property_id,\n      jurisdiction: jurisdiction,\n      taxYear: new Date().getFullYear(),\n      applicableTaxes: taxAnalysis.applicableTaxes,\n      estimatedLiability: taxAnalysis.estimatedLiability,\n      dueDate: taxAnalysis.dueDate,\n      complianceStatus: taxAnalysis.complianceStatus\n    },\n    \n    taxObligations: {\n      propertyTax: taxAnalysis.propertyTax,\n      incomeTax: taxAnalysis.incomeTax,\n      salesTax: taxAnalysis.salesTax,\n      transferTax: taxAnalysis.transferTax,\n      occupancyTax: taxAnalysis.occupancyTax,\n      specialAssessments: taxAnalysis.specialAssessments\n    },\n    \n    reportingRequirements: {\n      annualReturns: taxAnalysis.annualReturns,\n      quarterlyFilings: taxAnalysis.quarterlyFilings,\n      monthlyReports: taxAnalysis.monthlyReports,\n      specialReports: taxAnalysis.specialReports,\n      auditRequirements: taxAnalysis.auditRequirements\n    },\n    \n    deductionsAndCredits: {\n      availableDeductions: identifyTaxDeductions(taxAnalysis),\n      applicableCredits: identifyTaxCredits(taxAnalysis),\n      depreciationSchedule: calculateDepreciationSchedule(taxAnalysis),\n      lossCarryforwards: analyzeLossCarryforwards(taxAnalysis)\n    },\n    \n    complianceSchedule: {\n      quarterlyMilestones: complianceSchedule.quarterly,\n      monthlyTasks: complianceSchedule.monthly,\n      annualRequirements: complianceSchedule.annual,\n      criticalDeadlines: complianceSchedule.critical\n    },\n    \n    riskManagement: {\n      auditRisk: assessAuditRisk(taxAnalysis),\n      penaltyRisk: assessPenaltyRisk(taxAnalysis),\n      complianceGaps: identifyComplianceGaps(taxAnalysis),\n      mitigationStrategies: generateTaxMitigationStrategies(taxAnalysis)\n    }\n  };\n}\n\nasync function processFairHousingCompliance(data) {\n  const {\n    property_id,\n    fair_housing_requirements,\n    tenant_rights,\n    landlord_obligations\n  } = data;\n  \n  const fairHousingAnalysis = await analyzeFairHousingCompliance(data);\n  const complianceProgram = generateFairHousingProgram(fairHousingAnalysis);\n  \n  return {\n    fairHousingSummary: {\n      propertyId: property_id,\n      complianceLevel: fairHousingAnalysis.complianceLevel,\n      applicableLaws: fairHousingAnalysis.applicableLaws,\n      protectedClasses: fairHousingAnalysis.protectedClasses,\n      riskAssessment: fairHousingAnalysis.riskAssessment,\n      lastAuditDate: fairHousingAnalysis.lastAuditDate\n    },\n    \n    legalRequirements: {\n      federalRequirements: fairHousingAnalysis.federalRequirements,\n      stateRequirements: fairHousingAnalysis.stateRequirements,\n      localRequirements: fairHousingAnalysis.localRequirements,\n      accessibilityRequirements: fairHousingAnalysis.accessibilityRequirements,\n      advertisingRequirements: fairHousingAnalysis.advertisingRequirements\n    },\n    \n    policyFramework: {\n      fairHousingPolicy: complianceProgram.fairHousingPolicy,\n      screeningCriteria: complianceProgram.screeningCriteria,\n      accommodationProcedures: complianceProgram.accommodationProcedures,\n      complaintProcedures: complianceProgram.complaintProcedures,\n      trainingPrograms: complianceProgram.trainingPrograms\n    },\n    \n    operationalCompliance: {\n      applicationProcess: 'Standardized fair housing compliant application',\n      screeningProcedures: 'Objective and consistent screening criteria',\n      marketingPractices: 'Fair housing compliant advertising and marketing',\n      tenantCommunications: 'Equal treatment in all tenant interactions',\n      maintenanceServices: 'Equal and timely maintenance for all tenants'\n    },\n    \n    documentationRequirements: {\n      applicationRecords: 'Maintain all application records for required period',\n      screeningDocumentation: 'Document all screening decisions and criteria',\n      communicationLogs: 'Log all tenant communications and interactions',\n      accommodationRequests: 'Document all accommodation requests and responses',\n      trainingRecords: 'Maintain staff training records and certifications'\n    },\n    \n    monitoringAndAuditing: {\n      regularAudits: 'Quarterly fair housing compliance audits',\n      policyReviews: 'Annual policy and procedure reviews',\n      trainingUpdates: 'Ongoing staff training and education',\n      complaintTracking: 'System for tracking and resolving complaints',\n      legalUpdates: 'Monitoring of fair housing law changes'\n    }\n  };\n}\n\nfunction analyzeFilingRequirements(data) {\n  // Simulate filing requirements analysis\n  return {\n    filingType: 'Annual Property Registration',\n    regulatoryBody: 'Department of Housing and Development',\n    mandatoryDocuments: [\n      'Property registration form',\n      'Owner identification documents',\n      'Property tax records',\n      'Insurance certificates',\n      'Safety inspection reports'\n    ],\n    optionalDocuments: [\n      'Property management agreements',\n      'Tenant satisfaction surveys',\n      'Energy efficiency reports'\n    ],\n    financialStatements: ['Property income statement', 'Operating expense summary'],\n    certifications: ['Property safety certification', 'Lead paint disclosure'],\n    notarizations: ['Owner affidavit', 'Property registration oath'],\n    witnessRequirements: 'Two witnesses for property registration oath',\n    submissionMethod: 'Online portal or certified mail',\n    filingFees: '$125 registration fee + $25 processing fee',\n    processingTime: '15-30 business days',\n    trackingMethods: 'Online tracking system and email notifications',\n    confirmationProcess: 'Email confirmation and physical certificate mailing',\n    appealProcess: '30-day appeal period with administrative review'\n  };\n}\n\nfunction analyzePermitRequirements(data) {\n  // Simulate permit requirements analysis\n  return {\n    permitType: 'Residential Renovation Permit',\n    category: 'Building Permit',\n    issuingAuthority: 'City Building Department',\n    processingTime: '2-4 weeks',\n    applicationFee: '$350',\n    totalCost: '$1,200 (including inspections)',\n    requiredDocuments: [\n      'Permit application form',\n      'Property survey',\n      'Construction plans',\n      'Structural calculations',\n      'Electrical plans',\n      'Plumbing plans'\n    ],\n    technicalDrawings: 'Architectural drawings and engineering plans',\n    engineeringReports: 'Structural engineering report if required',\n    environmentalAssessments: 'Environmental impact assessment for major renovations',\n    neighborNotifications: 'Required for exterior modifications',\n    publicHearings: 'Required for variance requests'\n  };\n}\n\nfunction analyzeTaxRequirements(data) {\n  // Simulate tax requirements analysis\n  return {\n    applicableTaxes: ['Property Tax', 'Rental Income Tax', 'Transfer Tax'],\n    estimatedLiability: '$12,500',\n    dueDate: '2024-04-15',\n    complianceStatus: 'Current',\n    propertyTax: {\n      annualAmount: '$8,500',\n      dueDate: 'December 31',\n      assessmentDate: 'January 1',\n      appealDeadline: 'March 15'\n    },\n    incomeTax: {\n      rentalIncome: '$45,000',\n      deductibleExpenses: '$32,000',\n      netIncome: '$13,000',\n      estimatedTax: '$3,250'\n    },\n    salesTax: 'Not applicable for residential rental',\n    transferTax: 'Applied at time of property sale',\n    occupancyTax: '$2.50 per unit per month',\n    specialAssessments: 'Road improvement assessment: $750',\n    annualReturns: 'Schedule E - Rental Income and Expenses',\n    quarterlyFilings: 'Estimated tax payments',\n    monthlyReports: 'Occupancy tax reporting',\n    specialReports: 'Cost segregation study if applicable',\n    auditRequirements: 'Maintain records for 7 years'\n  };\n}\n\nfunction analyzeFairHousingCompliance(data) {\n  // Simulate fair housing compliance analysis\n  return {\n    complianceLevel: 'Fully Compliant',\n    applicableLaws: [\n      'Fair Housing Act',\n      'Americans with Disabilities Act',\n      'State Fair Housing Laws',\n      'Local Anti-Discrimination Ordinances'\n    ],\n    protectedClasses: [\n      'Race', 'Color', 'Religion', 'Sex', 'National Origin',\n      'Disability', 'Familial Status', 'Age', 'Sexual Orientation'\n    ],\n    riskAssessment: 'Low Risk',\n    lastAuditDate: '2024-01-15',\n    federalRequirements: 'Fair Housing Act compliance',\n    stateRequirements: 'State-specific anti-discrimination laws',\n    localRequirements: 'Local fair housing ordinances',\n    accessibilityRequirements: 'ADA and Section 504 compliance',\n    advertisingRequirements: 'Equal opportunity housing statements'\n  };\n}\n\nfunction calculateDaysRemaining(deadlineDate) {\n  if (!deadlineDate) return 'No deadline specified';\n  const deadline = new Date(deadlineDate);\n  const today = new Date();\n  const diffTime = deadline - today;\n  const diffDays = Math.ceil(diffTime / (1000 * 60 * 60 * 24));\n  return diffDays > 0 ? diffDays : 'Overdue';\n}\n\nfunction generateDocumentChecklist(analysis) {\n  return [\n    'Gather all mandatory documents',\n    'Prepare optional supporting documents',\n    'Obtain required certifications',\n    'Schedule notarization appointments',\n    'Arrange for witness signatures',\n    'Review all documents for accuracy'\n  ];\n}\n\nfunction generateFairHousingProgram(analysis) {\n  return {\n    fairHousingPolicy: 'Comprehensive equal opportunity housing policy',\n    screeningCriteria: 'Objective, non-discriminatory screening standards',\n    accommodationProcedures: 'Reasonable accommodation request procedures',\n    complaintProcedures: 'Fair housing complaint resolution process',\n    trainingPrograms: 'Regular fair housing training for all staff'\n  };\n}\n\nreturn [{ json: complianceResult }];"
      },
      "id": "d4e5f6a7-89ab-cdef-0123-456789abcdef",
      "name": "Process Compliance Request",
      "type": "n8n-nodes-base.code",
      "typeVersion": 2,
      "position": [
        460,
        300
      ]
    },
    {
      "parameters": {
        "conditions": {
          "options": {
            "caseSensitive": true,
            "leftValue": "",
            "typeValidation": "strict"
          },
          "conditions": [
            {
              "id": "a1b2c3d4-1234-5678-9abc-123456789abc",
              "leftValue": "={{ $json.priorityLevel }}",
              "rightValue": "high",
              "operator": {
                "type": "string",
                "operation": "equals"
              }
            },
            {
              "id": "b2c3d4e5-2345-6789-abcd-123456789abc",
              "leftValue": "={{ $json.priorityLevel }}",
              "rightValue": "urgent",
              "operator": {
                "type": "string",
                "operation": "equals"
              }
            }
          ],
          "combinator": "or"
        },
        "options": {}
      },
      "id": "e5f6a7b8-9abc-def0-1234-56789abcdef0",
      "name": "Check Compliance Priority",
      "type": "n8n-nodes-base.if",
      "typeVersion": 2,
      "position": [
        680,
        300
      ]
    },
    {
      "parameters": {
        "resource": "email",
        "operation": "send",
        "toEmail": "legal@company.com",
        "subject": "⚖️ URGENT Compliance Matter: {{ $json.complianceType?.replace('_', ' ')?.toUpperCase() || 'LEGAL COMPLIANCE' }} - {{ $json.propertyId || 'Portfolio' }}",
        "emailType": "html",
        "message": "<!DOCTYPE html>\\n<html>\\n<head>\\n    <style>\\n        body { font-family: Arial, sans-serif; margin: 0; padding: 20px; background: #f4f4f4; }\\n        .container { background: white; padding: 30px; border-radius: 10px; box-shadow: 0 4px 10px rgba(0,0,0,0.1); }\\n        .header { background: #dc3545; color: white; padding: 20px; text-align: center; border-radius: 8px; margin-bottom: 20px; }\\n        .compliance-box { background: #fff3cd; border: 1px solid #ffc107; padding: 20px; border-radius: 8px; margin: 20px 0; }\\n        .legal-box { background: #e8f5e8; border: 1px solid #28a745; padding: 20px; border-radius: 8px; margin: 20px 0; }\\n        .urgent { background: #ffe6e6; border: 1px solid #dc3545; padding: 20px; border-radius: 8px; margin: 20px 0; }\\n    </style>\\n</head>\\n<body>\\n    <div class=\\\"container\\\">\\n        <div class=\\\"header\\\">\\n            <h1>⚖️ URGENT COMPLIANCE MATTER</h1>\\n            <h2>{{ $json.complianceType?.replace('_', ' ')?.toUpperCase() || 'LEGAL COMPLIANCE' }}</h2>\\n            <p>Processing Date: {{ new Date($json.processedDate).toLocaleDateString() }}</p>\\n        </div>\\n        \\n        <div class=\\\"compliance-box\\\">\\n            <h3>📋 Compliance Summary</h3>\\n            <p><strong>Compliance ID:</strong> {{ $json.complianceId }}</p>\\n            <p><strong>Compliance Type:</strong> {{ $json.complianceType?.replace('_', ' ') || 'General Compliance' }}</p>\\n            <p><strong>Priority Level:</strong> {{ $json.priorityLevel?.toUpperCase() || 'STANDARD' }}</p>\\n            <p><strong>Property ID:</strong> {{ $json.propertyId || 'Portfolio Wide' }}</p>\\n            <p><strong>Jurisdiction:</strong> {{ $json.jurisdiction || 'Multiple Jurisdictions' }}</p>\\n            {{ if $json.deadlineDate }}\\n            <p><strong>Deadline:</strong> {{ new Date($json.deadlineDate).toLocaleDateString() }}</p>\\n            {{ /if }}\\n        </div>\\n        \\n        {{ if $json.complianceType === 'regulatory_filing' && $json.result.filingSummary }}\\n        <div class=\\\"legal-box\\\">\\n            <h3>📄 Regulatory Filing Details</h3>\\n            <p><strong>Filing Type:</strong> {{ $json.result.filingSummary.filingType }}</p>\\n            <p><strong>Regulatory Body:</strong> {{ $json.result.filingSummary.regulatoryBody }}</p>\\n            <p><strong>Deadline:</strong> {{ $json.result.filingSummary.deadline }}</p>\\n            <p><strong>Days Remaining:</strong> {{ $json.result.filingSummary.daysRemaining }}</p>\\n            <p><strong>Compliance Status:</strong> {{ $json.result.filingSummary.complianceStatus }}</p>\\n            <p><strong>Risk Level:</strong> {{ $json.result.filingSummary.riskLevel }}</p>\\n        </div>\\n        \\n        <div class=\\\"urgent\\\">\\n            <h3>📋 Required Documents</h3>\\n            <h4>Mandatory Documents:</h4>\\n            <ul>\\n                {{ $json.result.requirements.mandatoryDocuments.map(doc => `<li>${doc}</li>`).join('') }}\\n            </ul>\\n            <h4>Certifications Required:</h4>\\n            <ul>\\n                {{ $json.result.requirements.certifications.map(cert => `<li>${cert}</li>`).join('') }}\\n            </ul>\\n        </div>\\n        {{ /if }}\\n        \\n        {{ if $json.complianceType === 'permit_application' && $json.result.permitSummary }}\\n        <div class=\\\"legal-box\\\">\\n            <h3>🏗️ Permit Application Details</h3>\\n            <p><strong>Permit Type:</strong> {{ $json.result.permitSummary.permitType }}</p>\\n            <p><strong>Category:</strong> {{ $json.result.permitSummary.permitCategory }}</p>\\n            <p><strong>Issuing Authority:</strong> {{ $json.result.permitSummary.issuingAuthority }}</p>\\n            <p><strong>Processing Time:</strong> {{ $json.result.permitSummary.estimatedProcessingTime }}</p>\\n            <p><strong>Application Fee:</strong> {{ $json.result.permitSummary.applicationFee }}</p>\\n            <p><strong>Total Estimated Cost:</strong> {{ $json.result.permitSummary.totalEstimatedCost }}</p>\\n        </div>\\n        {{ /if }}\\n        \\n        {{ if $json.complianceType === 'tax_compliance' && $json.result.taxSummary }}\\n        <div class=\\\"legal-box\\\">\\n            <h3>💰 Tax Compliance Details</h3>\\n            <p><strong>Tax Year:</strong> {{ $json.result.taxSummary.taxYear }}</p>\\n            <p><strong>Applicable Taxes:</strong> {{ $json.result.taxSummary.applicableTaxes.join(', ') }}</p>\\n            <p><strong>Estimated Liability:</strong> {{ $json.result.taxSummary.estimatedLiability }}</p>\\n            <p><strong>Due Date:</strong> {{ $json.result.taxSummary.dueDate }}</p>\\n            <p><strong>Compliance Status:</strong> {{ $json.result.taxSummary.complianceStatus }}</p>\\n        </div>\\n        {{ /if }}\\n        \\n        {{ if $json.complianceType === 'fair_housing' && $json.result.fairHousingSummary }}\\n        <div class=\\\"legal-box\\\">\\n            <h3>🏠 Fair Housing Compliance</h3>\\n            <p><strong>Compliance Level:</strong> {{ $json.result.fairHousingSummary.complianceLevel }}</p>\\n            <p><strong>Applicable Laws:</strong> {{ $json.result.fairHousingSummary.applicableLaws.join(', ') }}</p>\\n            <p><strong>Protected Classes:</strong> {{ $json.result.fairHousingSummary.protectedClasses.join(', ') }}</p>\\n            <p><strong>Risk Assessment:</strong> {{ $json.result.fairHousingSummary.riskAssessment }}</p>\\n            <p><strong>Last Audit Date:</strong> {{ $json.result.fairHousingSummary.lastAuditDate }}</p>\\n        </div>\\n        {{ /if }}\\n        \\n        <div style=\\\"background: #f8f9fa; padding: 20px; border-radius: 8px; margin: 20px 0;\\\">\\n            <h3>⚡ Immediate Actions Required</h3>\\n            <ol>\\n                <li>Review compliance requirements immediately</li>\\n                <li>Gather all required documentation</li>\\n                <li>Schedule legal consultation if needed</li>\\n                <li>Prepare compliance submission</li>\\n                <li>Monitor deadlines and follow-up requirements</li>\\n            </ol>\\n        </div>\\n        \\n        <div style=\\\"background: #e8f5e8; border: 1px solid #28a745; padding: 15px; border-radius: 8px; margin: 20px 0;\\\">\\n            <h3>📞 Legal Contacts</h3>\\n            <p><strong>Legal Counsel:</strong> (555) 123-LEGAL</p>\\n            <p><strong>Compliance Officer:</strong> (555) 234-COMP</p>\\n            <p><strong>External Legal:</strong> (555) 345-LAW1</p>\\n            <p><strong>Emergency Legal:</strong> (555) 911-LAW9</p>\\n        </div>\\n        \\n        <p><strong>Note:</strong> This is an urgent compliance matter requiring immediate attention. Please review all requirements and take appropriate action to ensure full legal compliance.</p>\\n        \\n        <p>Best regards,<br>Compliance & Legal System</p>\\n    </div>\\n</body>\\n</html>",
        "options": {
          "priority": "high"
        }
      },
      "id": "f6a7b8c9-abcd-ef01-2345-6789abcdef01",
      "name": "Send Urgent Legal Alert",
      "type": "n8n-nodes-base.gmail",
      "typeVersion": 2.1,
      "position": [
        900,
        300
      ]
    },
    {
      "parameters": {
        "authentication": "oAuth2",
        "resource": "sheet",
        "operation": "appendOrUpdate",
        "documentId": {
          "__rl": true,
          "value": "YOUR_GOOGLE_SHEET_ID",
          "mode": "id"
        },
        "sheetName": {
          "__rl": true,
          "value": "gid=23",
          "mode": "id"
        },
        "columns": {
          "mappingMode": "defineBelow",
          "value": {
            "compliance_id": "={{ $json.complianceId }}",
            "compliance_type": "={{ $json.complianceType }}",
            "property_id": "={{ $json.propertyId }}",
            "portfolio_id": "={{ $json.portfolioId }}",
            "jurisdiction": "={{ $json.jurisdiction }}",
            "document_type": "={{ $json.documentType }}",
            "deadline_date": "={{ $json.deadlineDate }}",
            "priority_level": "={{ $json.priorityLevel }}",
            "processed_date": "={{ $json.processedDate }}",
            "status": "={{ $json.status }}",
            "filing_type": "={{ $json.result.filingSummary?.filingType || '' }}",
            "permit_type": "={{ $json.result.permitSummary?.permitType || '' }}",
            "tax_liability": "={{ $json.result.taxSummary?.estimatedLiability || '' }}",
            "compliance_level": "={{ $json.result.fairHousingSummary?.complianceLevel || '' }}",
            "risk_level": "={{ $json.result.filingSummary?.riskLevel || $json.result.fairHousingSummary?.riskAssessment || '' }}",
            "last_updated": "={{ $json.processedDate }}"
          },
          "matchingColumns": [
            "compliance_id"
          ]
        },
        "options": {}
      },
      "id": "c9d0e1f2-def0-1234-5678-9abcdef01234",
      "name": "Log Compliance Data",
      "type": "n8n-nodes-base.googleSheets",
      "typeVersion": 4.2,
      "position": [
        680,
        500
      ]
    },
    {
      "parameters": {
        "resource": "email",
        "operation": "send",
        "toEmail": "compliance.manager@company.com",
        "subject": "Compliance Activity Summary: {{ $json.complianceType?.replace('_', ' ')?.toUpperCase() }}",
        "emailType": "html",
        "message": "<!DOCTYPE html>\\n<html>\\n<head>\\n    <style>\\n        body { font-family: Arial, sans-serif; margin: 0; padding: 20px; background: #f4f4f4; }\\n        .container { background: white; padding: 30px; border-radius: 10px; box-shadow: 0 4px 10px rgba(0,0,0,0.1); }\\n        .header { background: #007bff; color: white; padding: 20px; text-align: center; border-radius: 8px; margin-bottom: 20px; }\\n    </style>\\n</head>\\n<body>\\n    <div class=\\\"container\\\">\\n        <div class=\\\"header\\\">\\n            <h1>⚖️ Compliance Activity Summary</h1>\\n            <h2>{{ $json.complianceType?.replace('_', ' ')?.toUpperCase() }}</h2>\\n        </div>\\n        \\n        <p><strong>Compliance ID:</strong> {{ $json.complianceId }}</p>\\n        <p><strong>Compliance Type:</strong> {{ $json.complianceType }}</p>\\n        <p><strong>Priority:</strong> {{ $json.priorityLevel?.toUpperCase() || 'STANDARD' }}</p>\\n        <p><strong>Property ID:</strong> {{ $json.propertyId || 'Portfolio Wide' }}</p>\\n        <p><strong>Jurisdiction:</strong> {{ $json.jurisdiction || 'Multiple' }}</p>\\n        <p><strong>Processed Date:</strong> {{ new Date($json.processedDate).toLocaleDateString() }}</p>\\n        <p><strong>Status:</strong> {{ $json.status?.toUpperCase() }}</p>\\n        \\n        {{ if $json.deadlineDate }}\\n        <p><strong>Deadline:</strong> {{ new Date($json.deadlineDate).toLocaleDateString() }}</p>\\n        {{ /if }}\\n        \\n        <div style=\\\"background: #f8f9fa; padding: 20px; border-radius: 8px; margin: 20px 0;\\\">\\n            <h3>Compliance Details</h3>\\n            <p>A compliance request has been processed and documentation has been prepared. Please review the compliance requirements and ensure all necessary actions are taken.</p>\\n        </div>\\n        \\n        <p>Detailed compliance information and requirements have been documented in the system.</p>\\n        \\n        <p>Best regards,<br>Compliance Management System</p>\\n    </div>\\n</body>\\n</html>",
        "options": {}
      },
      "id": "b8c9d0e1-cdef-0123-4567-89abcdef0123",
      "name": "Notify Compliance Team",
      "type": "n8n-nodes-base.gmail",
      "typeVersion": 2.1,
      "position": [
        900,
        400
      ]
    }
  ]
}
