{
  "name": "Real Estate Intelligence Dashboard & Analytics Center",
  "nodes": [
    {
      "parameters": {
        "httpMethod": "POST",
        "path": "dashboard-analytics",
        "responseMode": "responseNode",
        "options": {}
      },
      "id": "a1b2c3d4-5678-9abc-def0-123456789abc",
      "name": "Dashboard Analytics Trigger",
      "type": "n8n-nodes-base.webhook",
      "typeVersion": 1,
      "position": [
        240,
        300
      ],
      "webhookId": "dashboard-analytics-webhook"
    },
    {
      "parameters": {
        "rule": {
          "interval": [
            {
              "field": "cronExpression",
              "expression": "0 */6 * * *"
            }
          ]
        }
      },
      "id": "b2c3d4e5-6789-abcd-ef01-23456789abcd",
      "name": "Real-time Data Refresh",
      "type": "n8n-nodes-base.cron",
      "typeVersion": 1,
      "position": [
        240,
        500
      ]
    },
    {
      "parameters": {
        "rule": {
          "interval": [
            {
              "field": "cronExpression",
              "expression": "0 7 * * *"
            }
          ]
        }
      },
      "id": "c3d4e5f6-789a-bcde-f012-3456789abcde",
      "name": "Daily Dashboard Update",
      "type": "n8n-nodes-base.cron",
      "typeVersion": 1,
      "position": [
        240,
        700
      ]
    },
    {
      "parameters": {
        "jsCode": "// Real Estate Intelligence Dashboard & Analytics Center\nconst dashboardData = $input.first().json;\n\n// Generate unique dashboard session ID\nconst dashboardId = `dash_${Date.now()}_${Math.random().toString(36).substr(2, 9)}`;\n\n// Process dashboard analytics request\nconst dashboardResult = await processDashboardAnalytics(dashboardData);\n\nasync function processDashboardAnalytics(data) {\n  const {\n    dashboard_type,\n    user_id,\n    portfolio_id,\n    property_ids,\n    time_range,\n    analytics_level,\n    data_sources,\n    visualization_preferences,\n    report_frequency,\n    kpi_metrics,\n    market_data,\n    financial_data,\n    performance_data,\n    compliance_data,\n    tenant_data,\n    maintenance_data,\n    alert_data,\n    custom_metrics,\n    geographic_scope,\n    comparison_benchmarks,\n    forecast_horizon,\n    risk_assessment,\n    optimization_suggestions\n  } = data;\n  \n  let result = {};\n  \n  switch (dashboard_type) {\n    case 'executive_summary':\n      result = await generateExecutiveDashboard(data);\n      break;\n    case 'portfolio_overview':\n      result = await generatePortfolioDashboard(data);\n      break;\n    case 'market_intelligence':\n      result = await generateMarketDashboard(data);\n      break;\n    case 'financial_performance':\n      result = await generateFinancialDashboard(data);\n      break;\n    case 'operational_metrics':\n      result = await generateOperationalDashboard(data);\n      break;\n    case 'risk_management':\n      result = await generateRiskDashboard(data);\n      break;\n    case 'investment_analysis':\n      result = await generateInvestmentDashboard(data);\n      break;\n    case 'compliance_monitoring':\n      result = await generateComplianceDashboard(data);\n      break;\n    case 'tenant_analytics':\n      result = await generateTenantDashboard(data);\n      break;\n    case 'predictive_analytics':\n      result = await generatePredictiveDashboard(data);\n      break;\n    default:\n      result = await generateComprehensiveDashboard(data);\n  }\n  \n  return {\n    dashboardId,\n    dashboardType: dashboard_type,\n    userId: user_id,\n    portfolioId: portfolio_id,\n    propertyIds: property_ids,\n    timeRange: time_range,\n    analyticsLevel: analytics_level,\n    generatedDate: new Date().toISOString(),\n    dataFreshness: 'Real-time',\n    status: 'active',\n    result\n  };\n}\n\nasync function generateExecutiveDashboard(data) {\n  const {\n    portfolio_id,\n    time_range,\n    kpi_metrics,\n    financial_data,\n    performance_data\n  } = data;\n  \n  const executiveMetrics = await calculateExecutiveMetrics(data);\n  const trendAnalysis = await analyzeTrends(executiveMetrics, time_range);\n  const keyInsights = await generateKeyInsights(executiveMetrics, trendAnalysis);\n  \n  return {\n    dashboardSummary: {\n      portfolioId: portfolio_id,\n      totalProperties: executiveMetrics.totalProperties,\n      totalValue: executiveMetrics.totalValue,\n      totalEquity: executiveMetrics.totalEquity,\n      monthlyIncome: executiveMetrics.monthlyIncome,\n      portfolioROI: executiveMetrics.portfolioROI,\n      occupancyRate: executiveMetrics.occupancyRate,\n      lastUpdated: new Date().toISOString()\n    },\n    \n    keyPerformanceIndicators: {\n      financial: {\n        totalRevenue: executiveMetrics.totalRevenue,\n        netIncome: executiveMetrics.netIncome,\n        cashFlow: executiveMetrics.cashFlow,\n        capRate: executiveMetrics.capRate,\n        cashOnCashReturn: executiveMetrics.cashOnCashReturn,\n        irr: executiveMetrics.irr\n      },\n      \n      operational: {\n        occupancyRate: executiveMetrics.occupancyRate,\n        avgRentPerSqFt: executiveMetrics.avgRentPerSqFt,\n        tenantTurnover: executiveMetrics.tenantTurnover,\n        maintenanceRatio: executiveMetrics.maintenanceRatio,\n        operatingExpenseRatio: executiveMetrics.operatingExpenseRatio,\n        leaseRenewalRate: executiveMetrics.leaseRenewalRate\n      },\n      \n      market: {\n        marketAppreciation: executiveMetrics.marketAppreciation,\n        rentGrowth: executiveMetrics.rentGrowth,\n        marketCapRate: executiveMetrics.marketCapRate,\n        competitivePosition: executiveMetrics.competitivePosition,\n        marketTrend: executiveMetrics.marketTrend,\n        demandIndicator: executiveMetrics.demandIndicator\n      }\n    },\n    \n    trendAnalysis: {\n      quarterOverQuarter: trendAnalysis.quarterOverQuarter,\n      yearOverYear: trendAnalysis.yearOverYear,\n      performanceTrends: trendAnalysis.performanceTrends,\n      seasonalPatterns: trendAnalysis.seasonalPatterns,\n      growthProjections: trendAnalysis.growthProjections,\n      riskIndicators: trendAnalysis.riskIndicators\n    },\n    \n    keyInsights: {\n      topPerformingProperties: keyInsights.topPerformers,\n      underperformingAssets: keyInsights.underperformers,\n      marketOpportunities: keyInsights.opportunities,\n      riskAreas: keyInsights.risks,\n      recommendedActions: keyInsights.recommendations,\n      strategicInitiatives: keyInsights.initiatives\n    },\n    \n    alertsSummary: {\n      criticalAlerts: generateCriticalAlerts(executiveMetrics),\n      performanceAlerts: generatePerformanceAlerts(executiveMetrics),\n      marketAlerts: generateMarketAlerts(executiveMetrics),\n      complianceAlerts: generateComplianceAlerts(executiveMetrics),\n      maintenanceAlerts: generateMaintenanceAlerts(executiveMetrics)\n    },\n    \n    executiveActions: {\n      immediateAttention: identifyImmediateActions(keyInsights),\n      strategicPlanning: identifyStrategicActions(keyInsights),\n      riskMitigation: identifyRiskActions(keyInsights),\n      growthOpportunities: identifyGrowthActions(keyInsights),\n      operationalImprovements: identifyOperationalActions(keyInsights)\n    }\n  };\n}\n\nasync function generatePortfolioDashboard(data) {\n  const {\n    portfolio_id,\n    property_ids,\n    geographic_scope,\n    comparison_benchmarks\n  } = data;\n  \n  const portfolioMetrics = await calculatePortfolioMetrics(data);\n  const propertyAnalysis = await analyzePropertyPerformance(portfolioMetrics);\n  const diversificationAnalysis = await analyzeDiversification(portfolioMetrics);\n  \n  return {\n    portfolioOverview: {\n      portfolioId: portfolio_id,\n      totalProperties: property_ids ? property_ids.length : portfolioMetrics.totalProperties,\n      geographicDistribution: portfolioMetrics.geographicDistribution,\n      propertyTypeDistribution: portfolioMetrics.propertyTypeDistribution,\n      valueDistribution: portfolioMetrics.valueDistribution,\n      ageDistribution: portfolioMetrics.ageDistribution,\n      sizeDistribution: portfolioMetrics.sizeDistribution\n    },\n    \n    performanceMetrics: {\n      aggregatedFinancials: {\n        totalValue: portfolioMetrics.totalValue,\n        totalEquity: portfolioMetrics.totalEquity,\n        totalDebt: portfolioMetrics.totalDebt,\n        totalIncome: portfolioMetrics.totalIncome,\n        totalExpenses: portfolioMetrics.totalExpenses,\n        netCashFlow: portfolioMetrics.netCashFlow\n      },\n      \n      averageMetrics: {\n        avgCapRate: portfolioMetrics.avgCapRate,\n        avgCashOnCash: portfolioMetrics.avgCashOnCash,\n        avgOccupancy: portfolioMetrics.avgOccupancy,\n        avgRentPSF: portfolioMetrics.avgRentPSF,\n        avgExpenseRatio: portfolioMetrics.avgExpenseRatio,\n        avgTenantTurnover: portfolioMetrics.avgTenantTurnover\n      },\n      \n      performanceRanges: {\n        capRateRange: portfolioMetrics.capRateRange,\n        occupancyRange: portfolioMetrics.occupancyRange,\n        rentRange: portfolioMetrics.rentRange,\n        expenseRatioRange: portfolioMetrics.expenseRatioRange\n      }\n    },\n    \n    propertyRankings: {\n      topPerformers: propertyAnalysis.topPerformers,\n      averagePerformers: propertyAnalysis.averagePerformers,\n      underperformers: propertyAnalysis.underperformers,\n      performanceCorrelations: propertyAnalysis.correlations,\n      improvementOpportunities: propertyAnalysis.improvements\n    },\n    \n    diversificationAnalysis: {\n      geographicDiversification: diversificationAnalysis.geographic,\n      assetTypeDiversification: diversificationAnalysis.assetType,\n      marketSegmentDiversification: diversificationAnalysis.marketSegment,\n      tenantDiversification: diversificationAnalysis.tenant,\n      diversificationScore: diversificationAnalysis.overallScore,\n      concentrationRisks: diversificationAnalysis.concentrationRisks\n    },\n    \n    marketComparison: {\n      vsMarketBenchmarks: portfolioMetrics.marketComparison,\n      vsPeerPortfolios: portfolioMetrics.peerComparison,\n      relativeLongPerformance: portfolioMetrics.relativePerformance,\n      marketPositioning: portfolioMetrics.marketPositioning\n    },\n    \n    optimizationRecommendations: {\n      rebalancingSuggestions: generateRebalancingSuggestions(portfolioMetrics),\n      acquisitionTargets: generateAcquisitionTargets(portfolioMetrics),\n      disposalCandidates: generateDisposalCandidates(portfolioMetrics),\n      leverageOptimization: generateLeverageOptimization(portfolioMetrics),\n      valueAddOpportunities: generateValueAddOpportunities(portfolioMetrics)\n    }\n  };\n}\n\nasync function generateMarketDashboard(data) {\n  const {\n    geographic_scope,\n    market_data,\n    comparison_benchmarks,\n    forecast_horizon\n  } = data;\n  \n  const marketAnalysis = await analyzeMarketConditions(data);\n  const trendAnalysis = await analyzeMarketTrends(marketAnalysis);\n  const forecastAnalysis = await generateMarketForecasts(marketAnalysis, forecast_horizon);\n  \n  return {\n    marketOverview: {\n      geographicScope: geographic_scope,\n      marketCondition: marketAnalysis.marketCondition,\n      trendDirection: marketAnalysis.trendDirection,\n      marketCycle: marketAnalysis.marketCycle,\n      investmentClimate: marketAnalysis.investmentClimate,\n      lastUpdated: new Date().toISOString()\n    },\n    \n    keyMarketIndicators: {\n      pricing: {\n        medianPrice: marketAnalysis.medianPrice,\n        pricePerSqFt: marketAnalysis.pricePerSqFt,\n        priceGrowthYoY: marketAnalysis.priceGrowthYoY,\n        priceGrowthQoQ: marketAnalysis.priceGrowthQoQ,\n        priceVolatility: marketAnalysis.priceVolatility\n      },\n      \n      rental: {\n        medianRent: marketAnalysis.medianRent,\n        rentPerSqFt: marketAnalysis.rentPerSqFt,\n        rentGrowthYoY: marketAnalysis.rentGrowthYoY,\n        vacancyRate: marketAnalysis.vacancyRate,\n        absorptionRate: marketAnalysis.absorptionRate\n      },\n      \n      investment: {\n        avgCapRate: marketAnalysis.avgCapRate,\n        avgCashOnCash: marketAnalysis.avgCashOnCash,\n        priceToRentRatio: marketAnalysis.priceToRentRatio,\n        investmentVolume: marketAnalysis.investmentVolume,\n        transactionVelocity: marketAnalysis.transactionVelocity\n      }\n    },\n    \n    supplyAndDemand: {\n      inventory: {\n        totalInventory: marketAnalysis.totalInventory,\n        newConstruction: marketAnalysis.newConstruction,\n        monthsOfSupply: marketAnalysis.monthsOfSupply,\n        permitActivity: marketAnalysis.permitActivity\n      },\n      \n      demand: {\n        salesVolume: marketAnalysis.salesVolume,\n        daysOnMarket: marketAnalysis.daysOnMarket,\n        priceReductions: marketAnalysis.priceReductions,\n        pendingRatio: marketAnalysis.pendingRatio\n      }\n    },\n    \n    marketTrends: {\n      shortTermTrends: trendAnalysis.shortTerm,\n      mediumTermTrends: trendAnalysis.mediumTerm,\n      longTermTrends: trendAnalysis.longTerm,\n      seasonalPatterns: trendAnalysis.seasonal,\n      cyclicalPatterns: trendAnalysis.cyclical\n    },\n    \n    marketForecasts: {\n      priceForecasts: forecastAnalysis.priceForecasts,\n      rentForecasts: forecastAnalysis.rentForecasts,\n      demandForecasts: forecastAnalysis.demandForecasts,\n      supplyForecasts: forecastAnalysis.supplyForecasts,\n      investmentForecasts: forecastAnalysis.investmentForecasts,\n      confidenceIntervals: forecastAnalysis.confidenceIntervals\n    },\n    \n    competitiveAnalysis: {\n      marketShare: marketAnalysis.marketShare,\n      competitorActivity: marketAnalysis.competitorActivity,\n      pricingStrategies: marketAnalysis.pricingStrategies,\n      productDifferentiation: marketAnalysis.productDifferentiation\n    },\n    \n    investmentOpportunities: {\n      emergingMarkets: identifyEmergingMarkets(marketAnalysis),\n      undervaluedSegments: identifyUndervaluedSegments(marketAnalysis),\n      growthAreas: identifyGrowthAreas(marketAnalysis),\n      investmentTiming: assessInvestmentTiming(marketAnalysis),\n      riskConsiderations: assessMarketRisks(marketAnalysis)\n    }\n  };\n}\n\nfunction calculateExecutiveMetrics(data) {\n  // Simulate executive metrics calculation\n  return {\n    totalProperties: 25,\n    totalValue: 12500000,\n    totalEquity: 8750000,\n    monthlyIncome: 85000,\n    portfolioROI: 12.5,\n    occupancyRate: 94.2,\n    totalRevenue: 1020000,\n    netIncome: 765000,\n    cashFlow: 612000,\n    capRate: 6.8,\n    cashOnCashReturn: 11.2,\n    irr: 14.8,\n    avgRentPerSqFt: 2.85,\n    tenantTurnover: 18.5,\n    maintenanceRatio: 4.2,\n    operatingExpenseRatio: 35.8,\n    leaseRenewalRate: 78.5,\n    marketAppreciation: 5.2,\n    rentGrowth: 3.8,\n    marketCapRate: 6.5,\n    competitivePosition: 'Above Average',\n    marketTrend: 'Positive',\n    demandIndicator: 'Strong'\n  };\n}\n\nfunction analyzeTrends(metrics, timeRange) {\n  // Simulate trend analysis\n  return {\n    quarterOverQuarter: {\n      revenueGrowth: 2.3,\n      incomeGrowth: 1.8,\n      occupancyChange: 0.5,\n      expenseGrowth: 2.1\n    },\n    yearOverYear: {\n      revenueGrowth: 8.7,\n      incomeGrowth: 9.2,\n      occupancyChange: 1.2,\n      expenseGrowth: 6.8\n    },\n    performanceTrends: {\n      improving: ['Cash Flow', 'Occupancy Rate', 'Rent Growth'],\n      stable: ['Cap Rate', 'Operating Expenses'],\n      declining: ['Tenant Turnover']\n    },\n    seasonalPatterns: {\n      peakSeason: 'Spring/Summer',\n      lowSeason: 'Winter',\n      rentalDemand: 'Higher in Q2-Q3',\n      maintenanceCosts: 'Higher in Q4-Q1'\n    },\n    growthProjections: {\n      nextQuarter: 'Moderate growth expected',\n      nextYear: 'Strong growth projected',\n      longTerm: 'Sustained positive trajectory'\n    },\n    riskIndicators: {\n      marketRisk: 'Low',\n      concentrationRisk: 'Medium',\n      liquidityRisk: 'Low',\n      interestRateRisk: 'Medium'\n    }\n  };\n}\n\nfunction generateKeyInsights(metrics, trends) {\n  // Simulate key insights generation\n  return {\n    topPerformers: [\n      { propertyId: 'PROP001', performance: 'Exceptional', roi: 18.5 },\n      { propertyId: 'PROP015', performance: 'Strong', roi: 16.2 },\n      { propertyId: 'PROP008', performance: 'Above Average', roi: 14.8 }\n    ],\n    underperformers: [\n      { propertyId: 'PROP012', performance: 'Below Average', roi: 7.2 },\n      { propertyId: 'PROP020', performance: 'Poor', roi: 5.8 }\n    ],\n    opportunities: [\n      'Market expansion in emerging neighborhoods',\n      'Value-add opportunities in underperforming assets',\n      'Refinancing opportunities with current rates'\n    ],\n    risks: [\n      'Concentration risk in single market',\n      'Aging infrastructure in older properties',\n      'Interest rate sensitivity in leveraged assets'\n    ],\n    recommendations: [\n      'Diversify portfolio across multiple markets',\n      'Implement capital improvement program',\n      'Consider fixed-rate financing options',\n      'Optimize rent pricing strategies'\n    ],\n    initiatives: [\n      'Portfolio diversification strategy',\n      'Technology integration program',\n      'Sustainable development initiatives',\n      'Tenant satisfaction improvement program'\n    ]\n  };\n}\n\nfunction identifyImmediateActions(insights) {\n  return [\n    'Address underperforming properties PROP012 and PROP020',\n    'Review and optimize rent pricing for Q2',\n    'Schedule maintenance inspections for aging properties',\n    'Evaluate refinancing options for high-rate loans',\n    'Implement tenant retention strategies'\n  ];\n}\n\nreturn [{ json: dashboardResult }];"
      },
      "id": "d4e5f6a7-89ab-cdef-0123-456789abcdef",
      "name": "Process Dashboard Analytics",
      "type": "n8n-nodes-base.code",
      "typeVersion": 2,
      "position": [
        460,
        300
      ]
    },
    {
      "parameters": {
        "conditions": {
          "options": {
            "caseSensitive": true,
            "leftValue": "",
            "typeValidation": "strict"
          },
          "conditions": [
            {
              "id": "a1b2c3d4-1234-5678-9abc-123456789abc",
              "leftValue": "={{ $json.dashboardType }}",
              "rightValue": "executive_summary",
              "operator": {
                "type": "string",
                "operation": "equals"
              }
            },
            {
              "id": "b2c3d4e5-2345-6789-abcd-123456789abc",
              "leftValue": "={{ $json.dashboardType }}",
              "rightValue": "portfolio_overview",
              "operator": {
                "type": "string",
                "operation": "equals"
              }
            }
          ],
          "combinator": "or"
        },
        "options": {}
      },
      "id": "e5f6a7b8-9abc-def0-1234-56789abcdef0",
      "name": "Check Dashboard Type",
      "type": "n8n-nodes-base.if",
      "typeVersion": 2,
      "position": [
        680,
        300
      ]
    },
    {
      "parameters": {
        "resource": "email",
        "operation": "send",
        "toEmail": "executive@company.com",
        "subject": "📊 Real Estate Intelligence Dashboard Report - {{ new Date().toLocaleDateString() }}",
        "emailType": "html",
        "message": "<!DOCTYPE html>\\n<html>\\n<head>\\n    <style>\\n        body { font-family: Arial, sans-serif; margin: 0; padding: 20px; background: #f4f4f4; }\\n        .container { background: white; padding: 30px; border-radius: 10px; box-shadow: 0 4px 10px rgba(0,0,0,0.1); }\\n        .header { background: linear-gradient(135deg, #007bff, #0056b3); color: white; padding: 20px; text-align: center; border-radius: 8px; margin-bottom: 20px; }\\n        .kpi-grid { display: grid; grid-template-columns: 1fr 1fr 1fr; gap: 20px; margin: 20px 0; }\\n        .kpi-box { background: #f8f9fa; padding: 15px; border-radius: 8px; text-align: center; border-left: 4px solid #007bff; }\\n        .positive { border-left-color: #28a745; background: #e8f5e8; }\\n        .negative { border-left-color: #dc3545; background: #ffe6e6; }\\n        .neutral { border-left-color: #ffc107; background: #fff3cd; }\\n        .insight-box { background: #e8f5e8; border: 1px solid #28a745; padding: 20px; border-radius: 8px; margin: 20px 0; }\\n        .action-box { background: #fff3cd; border: 1px solid #ffc107; padding: 20px; border-radius: 8px; margin: 20px 0; }\\n    </style>\\n</head>\\n<body>\\n    <div class=\\\"container\\\">\\n        <div class=\\\"header\\\">\\n            <h1>📊 Real Estate Intelligence Dashboard</h1>\\n            <h2>{{ $json.dashboardType?.replace('_', ' ')?.toUpperCase() || 'COMPREHENSIVE ANALYTICS' }}</h2>\\n            <p>Generated: {{ new Date($json.generatedDate).toLocaleString() }} | Data Freshness: {{ $json.dataFreshness }}</p>\\n        </div>\\n        \\n        {{ if $json.dashboardType === 'executive_summary' && $json.result.dashboardSummary }}\\n        <div class=\\\"kpi-grid\\\">\\n            <div class=\\\"kpi-box positive\\\">\\n                <h4>Total Portfolio Value</h4>\\n                <h2>${{ $json.result.dashboardSummary.totalValue.toLocaleString() }}</h2>\\n                <p>{{ $json.result.dashboardSummary.totalProperties }} Properties</p>\\n            </div>\\n            <div class=\\\"kpi-box {{ $json.result.dashboardSummary.portfolioROI > 10 ? 'positive' : $json.result.dashboardSummary.portfolioROI > 7 ? 'neutral' : 'negative' }}\\\">\\n                <h4>Portfolio ROI</h4>\\n                <h2>{{ $json.result.dashboardSummary.portfolioROI }}%</h2>\\n                <p>Annual Return</p>\\n            </div>\\n            <div class=\\\"kpi-box {{ $json.result.dashboardSummary.occupancyRate > 90 ? 'positive' : $json.result.dashboardSummary.occupancyRate > 80 ? 'neutral' : 'negative' }}\\\">\\n                <h4>Occupancy Rate</h4>\\n                <h2>{{ $json.result.dashboardSummary.occupancyRate }}%</h2>\\n                <p>Current Occupancy</p>\\n            </div>\\n        </div>\\n        \\n        <div class=\\\"kpi-grid\\\">\\n            <div class=\\\"kpi-box positive\\\">\\n                <h4>Monthly Income</h4>\\n                <h2>${{ $json.result.dashboardSummary.monthlyIncome.toLocaleString() }}</h2>\\n                <p>Gross Monthly Revenue</p>\\n            </div>\\n            <div class=\\\"kpi-box positive\\\">\\n                <h4>Total Equity</h4>\\n                <h2>${{ $json.result.dashboardSummary.totalEquity.toLocaleString() }}</h2>\\n                <p>Portfolio Equity Value</p>\\n            </div>\\n            <div class=\\\"kpi-box {{ $json.result.keyPerformanceIndicators.financial.cashOnCashReturn > 8 ? 'positive' : $json.result.keyPerformanceIndicators.financial.cashOnCashReturn > 5 ? 'neutral' : 'negative' }}\\\">\\n                <h4>Cash-on-Cash Return</h4>\\n                <h2>{{ $json.result.keyPerformanceIndicators.financial.cashOnCashReturn }}%</h2>\\n                <p>Annual Cash Return</p>\\n            </div>\\n        </div>\\n        \\n        <div class=\\\"insight-box\\\">\\n            <h3>🎯 Key Performance Insights</h3>\\n            <div style=\\\"display: grid; grid-template-columns: 1fr 1fr; gap: 20px;\\\">\\n                <div>\\n                    <h4>Financial Performance</h4>\\n                    <p><strong>Total Revenue:</strong> ${{ $json.result.keyPerformanceIndicators.financial.totalRevenue.toLocaleString() }}</p>\\n                    <p><strong>Net Income:</strong> ${{ $json.result.keyPerformanceIndicators.financial.netIncome.toLocaleString() }}</p>\\n                    <p><strong>Cash Flow:</strong> ${{ $json.result.keyPerformanceIndicators.financial.cashFlow.toLocaleString() }}</p>\\n                    <p><strong>IRR:</strong> {{ $json.result.keyPerformanceIndicators.financial.irr }}%</p>\\n                </div>\\n                <div>\\n                    <h4>Operational Performance</h4>\\n                    <p><strong>Avg Rent/SqFt:</strong> ${{ $json.result.keyPerformanceIndicators.operational.avgRentPerSqFt }}</p>\\n                    <p><strong>Tenant Turnover:</strong> {{ $json.result.keyPerformanceIndicators.operational.tenantTurnover }}%</p>\\n                    <p><strong>Lease Renewal Rate:</strong> {{ $json.result.keyPerformanceIndicators.operational.leaseRenewalRate }}%</p>\\n                    <p><strong>Operating Expense Ratio:</strong> {{ $json.result.keyPerformanceIndicators.operational.operatingExpenseRatio }}%</p>\\n                </div>\\n            </div>\\n        </div>\\n        \\n        <div style=\\\"display: grid; grid-template-columns: 1fr 1fr; gap: 20px; margin: 20px 0;\\\">\\n            <div class=\\\"insight-box\\\">\\n                <h3>📈 Top Performing Properties</h3>\\n                <ul>\\n                    {{ $json.result.keyInsights.topPerformingProperties.map(prop => `<li><strong>${prop.propertyId}:</strong> ${prop.performance} (ROI: ${prop.roi}%)</li>`).join('') }}\\n                </ul>\\n            </div>\\n            <div class=\\\"action-box\\\">\\n                <h3>⚠️ Areas Requiring Attention</h3>\\n                <ul>\\n                    {{ $json.result.keyInsights.underperformingAssets.map(prop => `<li><strong>${prop.propertyId}:</strong> ${prop.performance} (ROI: ${prop.roi}%)</li>`).join('') }}\\n                </ul>\\n            </div>\\n        </div>\\n        {{ /if }}\\n        \\n        {{ if $json.dashboardType === 'portfolio_overview' && $json.result.portfolioOverview }}\\n        <div class=\\\"insight-box\\\">\\n            <h3>🏢 Portfolio Overview</h3>\\n            <div style=\\\"display: grid; grid-template-columns: 1fr 1fr 1fr; gap: 20px;\\\">\\n                <div>\\n                    <h4>Portfolio Composition</h4>\\n                    <p><strong>Total Properties:</strong> {{ $json.result.portfolioOverview.totalProperties }}</p>\\n                    <p><strong>Geographic Distribution:</strong> {{ JSON.stringify($json.result.portfolioOverview.geographicDistribution) }}</p>\\n                </div>\\n                <div>\\n                    <h4>Performance Metrics</h4>\\n                    <p><strong>Total Value:</strong> ${{ $json.result.performanceMetrics.aggregatedFinancials.totalValue.toLocaleString() }}</p>\\n                    <p><strong>Net Cash Flow:</strong> ${{ $json.result.performanceMetrics.aggregatedFinancials.netCashFlow.toLocaleString() }}</p>\\n                </div>\\n                <div>\\n                    <h4>Average Metrics</h4>\\n                    <p><strong>Avg Cap Rate:</strong> {{ $json.result.performanceMetrics.averageMetrics.avgCapRate }}%</p>\\n                    <p><strong>Avg Occupancy:</strong> {{ $json.result.performanceMetrics.averageMetrics.avgOccupancy }}%</p>\\n                </div>\\n            </div>\\n        </div>\\n        {{ /if }}\\n        \\n        <div class=\\\"action-box\\\">\\n            <h3>⚡ Immediate Actions Required</h3>\\n            <ol>\\n                {{ if $json.result.executiveActions }}\\n                {{ $json.result.executiveActions.immediateAttention.map(action => `<li>${action}</li>`).join('') }}\\n                {{ else }}\\n                <li>Review dashboard insights and performance metrics</li>\\n                <li>Address any underperforming assets identified</li>\\n                <li>Monitor market conditions and trends</li>\\n                <li>Update investment strategy based on analytics</li>\\n                {{ /if }}\\n            </ol>\\n        </div>\\n        \\n        <div style=\\\"background: #f8f9fa; padding: 20px; border-radius: 8px; margin: 20px 0;\\\">\\n            <h3>📋 Dashboard Summary</h3>\\n            <p><strong>Dashboard ID:</strong> {{ $json.dashboardId }}</p>\\n            <p><strong>Analytics Level:</strong> {{ $json.analyticsLevel || 'Comprehensive' }}</p>\\n            <p><strong>Time Range:</strong> {{ $json.timeRange || 'Current Period' }}</p>\\n            <p><strong>Portfolio ID:</strong> {{ $json.portfolioId || 'Multiple Portfolios' }}</p>\\n            <p><strong>Status:</strong> {{ $json.status?.toUpperCase() }}</p>\\n        </div>\\n        \\n        <div style=\\\"background: #e8f5e8; border: 1px solid #28a745; padding: 15px; border-radius: 8px; margin: 20px 0;\\\">\\n            <h3>📞 Analytics Support</h3>\\n            <p><strong>Dashboard Support:</strong> (555) 123-DASH</p>\\n            <p><strong>Analytics Team:</strong> (555) 234-DATA</p>\\n            <p><strong>Technical Support:</strong> support@realestate.com</p>\\n            <p><strong>Emergency Analytics:</strong> (555) 911-DATA</p>\\n        </div>\\n        \\n        <p><strong>Note:</strong> This dashboard provides real-time insights into your real estate portfolio performance. Data is updated every 6 hours with real-time market information integration.</p>\\n        \\n        <p>Best regards,<br>Real Estate Intelligence System</p>\\n    </div>\\n</body>\\n</html>",
        "options": {}
      },
      "id": "f6a7b8c9-abcd-ef01-2345-6789abcdef01",
      "name": "Send Executive Dashboard Report",
      "type": "n8n-nodes-base.gmail",
      "typeVersion": 2.1,
      "position": [
        900,
        300
      ]
    },
    {
      "parameters": {
        "authentication": "oAuth2",
        "resource": "sheet",
        "operation": "appendOrUpdate",
        "documentId": {
          "__rl": true,
          "value": "YOUR_GOOGLE_SHEET_ID",
          "mode": "id"
        },
        "sheetName": {
          "__rl": true,
          "value": "gid=24",
          "mode": "id"
        },
        "columns": {
          "mappingMode": "defineBelow",
          "value": {
            "dashboard_id": "={{ $json.dashboardId }}",
            "dashboard_type": "={{ $json.dashboardType }}",
            "user_id": "={{ $json.userId }}",
            "portfolio_id": "={{ $json.portfolioId }}",
            "property_count": "={{ $json.propertyIds ? $json.propertyIds.length : $json.result.dashboardSummary?.totalProperties || 0 }}",
            "time_range": "={{ $json.timeRange }}",
            "analytics_level": "={{ $json.analyticsLevel }}",
            "generated_date": "={{ $json.generatedDate }}",
            "data_freshness": "={{ $json.dataFreshness }}",
            "status": "={{ $json.status }}",
            "portfolio_value": "={{ $json.result.dashboardSummary?.totalValue || $json.result.performanceMetrics?.aggregatedFinancials?.totalValue || 0 }}",
            "portfolio_roi": "={{ $json.result.dashboardSummary?.portfolioROI || 0 }}",
            "occupancy_rate": "={{ $json.result.dashboardSummary?.occupancyRate || $json.result.performanceMetrics?.averageMetrics?.avgOccupancy || 0 }}",
            "monthly_income": "={{ $json.result.dashboardSummary?.monthlyIncome || 0 }}",
            "cash_on_cash_return": "={{ $json.result.keyPerformanceIndicators?.financial?.cashOnCashReturn || $json.result.performanceMetrics?.averageMetrics?.avgCashOnCash || 0 }}",
            "last_updated": "={{ $json.generatedDate }}"
          },
          "matchingColumns": [
            "dashboard_id"
          ]
        },
        "options": {}
      },
      "id": "c9d0e1f2-def0-1234-5678-9abcdef01234",
      "name": "Log Dashboard Analytics Data",
      "type": "n8n-nodes-base.googleSheets",
      "typeVersion": 4.2,
      "position": [
        680,
        500
      ]
    },
    {
      "parameters": {
        "resource": "email",
        "operation": "send",
        "toEmail": "analytics.team@company.com",
        "subject": "Dashboard Analytics Summary: {{ $json.dashboardType?.replace('_', ' ')?.toUpperCase() }}",
        "emailType": "html",
        "message": "<!DOCTYPE html>\\n<html>\\n<head>\\n    <style>\\n        body { font-family: Arial, sans-serif; margin: 0; padding: 20px; background: #f4f4f4; }\\n        .container { background: white; padding: 30px; border-radius: 10px; box-shadow: 0 4px 10px rgba(0,0,0,0.1); }\\n        .header { background: #007bff; color: white; padding: 20px; text-align: center; border-radius: 8px; margin-bottom: 20px; }\\n    </style>\\n</head>\\n<body>\\n    <div class=\\\"container\\\">\\n        <div class=\\\"header\\\">\\n            <h1>📊 Dashboard Analytics Summary</h1>\\n            <h2>{{ $json.dashboardType?.replace('_', ' ')?.toUpperCase() }}</h2>\\n        </div>\\n        \\n        <p><strong>Dashboard ID:</strong> {{ $json.dashboardId }}</p>\\n        <p><strong>Dashboard Type:</strong> {{ $json.dashboardType }}</p>\\n        <p><strong>User ID:</strong> {{ $json.userId || 'System Generated' }}</p>\\n        <p><strong>Portfolio ID:</strong> {{ $json.portfolioId || 'Multiple Portfolios' }}</p>\\n        <p><strong>Analytics Level:</strong> {{ $json.analyticsLevel || 'Standard' }}</p>\\n        <p><strong>Time Range:</strong> {{ $json.timeRange || 'Current Period' }}</p>\\n        <p><strong>Generated Date:</strong> {{ new Date($json.generatedDate).toLocaleDateString() }}</p>\\n        <p><strong>Data Freshness:</strong> {{ $json.dataFreshness }}</p>\\n        <p><strong>Status:</strong> {{ $json.status?.toUpperCase() }}</p>\\n        \\n        {{ if $json.result.dashboardSummary }}\\n        <div style=\\\"background: #f8f9fa; padding: 20px; border-radius: 8px; margin: 20px 0;\\\">\\n            <h3>Key Metrics Summary</h3>\\n            <p><strong>Total Properties:</strong> {{ $json.result.dashboardSummary.totalProperties }}</p>\\n            <p><strong>Portfolio Value:</strong> ${{ $json.result.dashboardSummary.totalValue.toLocaleString() }}</p>\\n            <p><strong>Portfolio ROI:</strong> {{ $json.result.dashboardSummary.portfolioROI }}%</p>\\n            <p><strong>Occupancy Rate:</strong> {{ $json.result.dashboardSummary.occupancyRate }}%</p>\\n        </div>\\n        {{ /if }}\\n        \\n        <p>Dashboard analytics have been successfully generated and distributed to stakeholders.</p>\\n        \\n        <p>Best regards,<br>Analytics System</p>\\n    </div>\\n</body>\\n</html>",
        "options": {}
      },
      "id": "b8c9d0e1-cdef-0123-4567-89abcdef0123",
      "name": "Notify Analytics Team",
      "type": "n8n-nodes-base.gmail",
      "typeVersion": 2.1,
      "position": [
        900,
        400
      ]
    }
  ]
}
