{
  "name": "Portfolio Performance Tracker",
  "nodes": [
    {
      "parameters": {
        "httpMethod": "POST",
        "path": "portfolio-tracker",
        "responseMode": "responseNode",
        "options": {}
      },
      "id": "a1b2c3d4-5678-9abc-def0-123456789abc",
      "name": "Portfolio Tracker Trigger",
      "type": "n8n-nodes-base.webhook",
      "typeVersion": 1,
      "position": [
        240,
        300
      ],
      "webhookId": "portfolio-tracker-webhook"
    },
    {
      "parameters": {
        "jsCode": "// Portfolio Performance Tracker\nconst portfolioData = $input.first().json;\nconst trackerId = `port_${Date.now()}_${Math.random().toString(36).substr(2, 9)}`;\n\nasync function processPortfolioTracking(data) {\n  const portfolioMetrics = {\n    totalProperties: 12,\n    totalValue: 3250000,\n    totalROI: 18.5,\n    averageCapRate: 7.2,\n    monthlyIncome: 22500,\n    occupancyRate: 94.2,\n    topPerformer: '123 Investment Ave'\n  };\n  \n  return {\n    portfolioSummary: {\n      trackerId: trackerId,\n      totalProperties: portfolioMetrics.totalProperties,\n      totalValue: portfolioMetrics.totalValue,\n      totalROI: portfolioMetrics.totalROI,\n      monthlyIncome: portfolioMetrics.monthlyIncome,\n      occupancyRate: portfolioMetrics.occupancyRate,\n      lastUpdated: new Date().toISOString()\n    },\n    performance: {\n      bestPerforming: portfolioMetrics.topPerformer,\n      averageCapRate: portfolioMetrics.averageCapRate,\n      cashFlow: 'Positive',\n      appreciation: '5.2% YoY'\n    }\n  };\n}\n\nconst portfolioResult = await processPortfolioTracking(portfolioData);\nreturn [{ json: portfolioResult }];"
      },
      "id": "d4e5f6a7-89ab-cdef-0123-456789abcdef",
      "name": "Process Portfolio Tracking",
      "type": "n8n-nodes-base.code",
      "typeVersion": 2,
      "position": [
        460,
        300
      ]
    },
    {
      "parameters": {
        "resource": "email",
        "operation": "send",
        "toEmail": "portfolio@company.com",
        "subject": "📊 Portfolio Performance Update - {{ $json.portfolioSummary.totalROI }}% ROI",
        "emailType": "html",
        "message": "Portfolio performance update: {{ $json.portfolioSummary.totalProperties }} properties generating {{ $json.portfolioSummary.totalROI }}% ROI.",
        "options": {}
      },
      "id": "f6a7b8c9-abcd-ef01-2345-6789abcdef01",
      "name": "Send Portfolio Report",
      "type": "n8n-nodes-base.gmail",
      "typeVersion": 2.1,
      "position": [
        680,
        300
      ]
    }
  ]
}
