{
  "name": "Property Maintenance Management",
  "nodes": [
    {
      "parameters": {
        "httpMethod": "POST",
        "path": "maintenance-management",
        "responseMode": "responseNode",
        "options": {}
      },
      "id": "a1b2c3d4-5678-9abc-def0-123456789abc",
      "name": "Maintenance Management Trigger",
      "type": "n8n-nodes-base.webhook",
      "typeVersion": 1,
      "position": [
        240,
        300
      ],
      "webhookId": "maintenance-management-webhook"
    },
    {
      "parameters": {
        "jsCode": "// Property Maintenance Management\nconst maintenanceData = $input.first().json;\nconst maintenanceId = `maint_${Date.now()}_${Math.random().toString(36).substr(2, 9)}`;\n\nasync function processMaintenanceManagement(data) {\n  const {\n    property_address,\n    issue_type,\n    priority,\n    description,\n    tenant_contact,\n    preferred_contractor,\n    budget_limit,\n    urgency_level,\n    photos,\n    access_instructions\n  } = data;\n  \n  return {\n    maintenanceSummary: {\n      maintenanceId: maintenanceId,\n      propertyAddress: property_address || 'N/A',\n      issueType: issue_type || 'General',\n      priority: priority || 'Medium',\n      status: 'Scheduled',\n      estimatedCost: 350,\n      scheduledDate: new Date(Date.now() + 2 * 24 * 60 * 60 * 1000).toISOString().split('T')[0],\n      assignedContractor: 'ABC Maintenance Co.',\n      lastUpdated: new Date().toISOString()\n    },\n    workOrder: {\n      description: description || 'Maintenance required',\n      urgency: urgency_level || 'Standard',\n      budgetLimit: budget_limit || 500,\n      accessInstructions: access_instructions || 'Contact tenant',\n      requiredMaterials: ['Standard supplies'],\n      estimatedDuration: '2-3 hours'\n    },\n    tracking: {\n      createdDate: new Date().toISOString(),\n      expectedCompletion: new Date(Date.now() + 3 * 24 * 60 * 60 * 1000).toISOString().split('T')[0],\n      statusUpdates: [\n        'Work order created',\n        'Contractor assigned',\n        'Scheduled for completion'\n      ]\n    }\n  };\n}\n\nconst maintenanceResult = await processMaintenanceManagement(maintenanceData);\nreturn [{ json: maintenanceResult }];"
      },
      "id": "d4e5f6a7-89ab-cdef-0123-456789abcdef",
      "name": "Process Maintenance Request",
      "type": "n8n-nodes-base.code",
      "typeVersion": 2,
      "position": [
        460,
        300
      ]
    },
    {
      "parameters": {
        "resource": "email",
        "operation": "send",
        "toEmail": "maintenance@company.com",
        "subject": "🔧 Maintenance Request: {{ $json.maintenanceSummary.propertyAddress }} - {{ $json.maintenanceSummary.priority }} Priority",
        "emailType": "html",
        "message": "New maintenance request for {{ $json.maintenanceSummary.propertyAddress }}. Issue: {{ $json.maintenanceSummary.issueType }}. Priority: {{ $json.maintenanceSummary.priority }}. Scheduled: {{ $json.maintenanceSummary.scheduledDate }}.",
        "options": {}
      },
      "id": "f6a7b8c9-abcd-ef01-2345-6789abcdef01",
      "name": "Send Maintenance Alert",
      "type": "n8n-nodes-base.gmail",
      "typeVersion": 2.1,
      "position": [
        680,
        300
      ]
    }
  ]
}
